[   0.000][v][cplayer] Command line options: '--player-operation-mode=pseudo-gui' '--' '/home/beiming/Videos/成龙历险记1-5季 4K修复版/[BASIGN]21.魔兽的诅咒.mp4'
[   0.000][v][cplayer] mpv v0.41.0 Copyright © 2000-2025 mpv/MPlayer/mplayer2 projects
[   0.000][v][cplayer]  built on Aug  7 2026 22:23:06
[   0.000][v][cplayer] libplacebo version: v7.360.1
[   0.000][v][cplayer] FFmpeg version: n9.0 (runtime n9.0.1)
[   0.000][v][cplayer] FFmpeg library versions:
[   0.000][v][cplayer]    libavcodec      63.1.100 (runtime 63.1.101)
[   0.000][v][cplayer]    libavdevice     63.1.100 (runtime 63.1.101)
[   0.000][v][cplayer]    libavfilter     12.1.100 (runtime 12.1.101)
[   0.000][v][cplayer]    libavformat     63.1.100 (runtime 63.1.101)
[   0.000][v][cplayer]    libavutil       61.1.100 (runtime 61.1.101)
[   0.000][v][cplayer]    libswresample   7.1.100 (runtime 7.1.101)
[   0.000][v][cplayer]    libswscale      10.1.100 (runtime 10.1.101)
[   0.000][v][cplayer] Configuration: -Dbuildtype=plain -Dprefix=/usr -Dlibexecdir=lib -Dsbindir=bin -Dauto_features=auto -Dwrap_mode=nodownload -Db_pie=true -Dpython.bytecompile=1 -Dlibmpv=true -Dgl-x11=enabled -Dcaca=disabled -Dcdda=enabled -Ddrm=enabled -Ddvbin=enabled -Ddvdnav=enabled -Dlibarchive=enabled -Dopenal=enabled -Dsdl2-audio=enabled -Dsdl2-video=enabled -Dsdl2-gamepad=enabled
[   0.000][v][cplayer] List of enabled features: alsa build-date cdda cplugins cuda-hwaccel cuda-interop dmabuf-interop-gl dmabuf-wayland drm dvbin dvdnav egl egl-drm egl-wayland egl-x11 ffmpeg ffnvcodec gbm gl gl-x11 glibc-thread-name glob glob-posix gpl iconv jack javascript jpeg lcms2 libarchive libass libavdevice libbluray libdl libplacebo linux-fstatfs luajit memfd-create memrchr openal pipewire posix posix-shm ppoll pthread-condattr-setclock pulse rubberband rubberband-3 sdl2-audio sdl2-gamepad sdl2-video sixel sndio sndio-1-9 uchardet vaapi vaapi-drm vaapi-wayland vaapi-x11 vdpau vdpau-gl-x11 vector vk-khr-display vt.h vulkan wayland wayland-protocols-1-32 wayland-protocols-1-38 wayland-protocols-1-39 wayland-protocols-1-41 wayland-protocols-1-44 wayland-protocols-1-47 x11 x11-clipboard xv zimg zimg-st428 zlib
[   0.000][d][global] home path: '' -> '/home/beiming/.config/mpv'
[   0.000][d][global] user path: '~~home/' -> '/home/beiming/.config/mpv'
[   0.000][d][global] user path: '~~old_home/' -> '/home/beiming/.mpv'
[   0.000][d][global] config path: 'encoding-profiles.conf' -/-> '/home/beiming/.config/mpv/encoding-profiles.conf'
[   0.000][d][global] config path: 'encoding-profiles.conf' -/-> '/home/beiming/.mpv/encoding-profiles.conf'
[   0.000][d][global] config path: 'encoding-profiles.conf' -/-> '/etc/mpv/encoding-profiles.conf'
[   0.000][d][global] config path: 'mpv.conf' -> '/home/beiming/.config/mpv/mpv.conf'
[   0.000][d][global] config path: 'config' -/-> '/home/beiming/.config/mpv/config'
[   0.000][d][global] config path: 'mpv.conf' -/-> '/home/beiming/.mpv/mpv.conf'
[   0.000][d][global] config path: 'config' -/-> '/home/beiming/.mpv/config'
[   0.000][d][global] config path: 'mpv.conf' -/-> '/etc/mpv/mpv.conf'
[   0.000][d][global] config path: 'config' -/-> '/etc/mpv/config'
[   0.000][v][cplayer] Reading config file /home/beiming/.config/mpv/mpv.conf
[   0.000][v][ifo_dvdnav] Opening /home/beiming/.config/mpv/mpv.conf
[   0.000][v][bdmv/bluray] Opening /home/beiming/.config/mpv/mpv.conf
[   0.000][v][file] Opening /home/beiming/.config/mpv/mpv.conf
[   0.000][d][file] resize stream to 131072 bytes, drop 0 bytes
[   0.000][d][file] Stream opened successfully.
[   0.000][v][cplayer] Applying profile 'default'...
[   0.000][v][cplayer] Setting option 'vo' = 'gpu-next' (flags = 4)
[   0.000][v][cplayer] Setting option 'gpu-context' = 'waylandvk' (flags = 4)
[   0.000][v][cplayer] Setting option 'gpu-api' = 'vulkan' (flags = 4)
[   0.000][v][cplayer] Setting option 'hwdec' = 'auto-copy' (flags = 4)
[   0.000][v][cplayer] Setting option 'hwdec-codecs' = 'all' (flags = 4)
[   0.000][v][cplayer] Setting option 'video-sync' = 'display-resample' (flags = 4)
[   0.000][v][cplayer] Setting option 'audio-pitch-correction' = 'yes' (flags = 4)
[   0.000][v][cplayer] Setting option 'audio-exclusive' = 'yes' (flags = 4)
[   0.000][v][cplayer] Setting option 'volume-max' = '100' (flags = 4)
[   0.000][v][cplayer] Setting option 'osc' = 'no' (flags = 4)
[   0.000][v][cplayer] Setting option 'input-default-bindings' = 'no' (flags = 4)
[   0.000][v][cplayer] Setting option 'load-stats-overlay' = 'no' (flags = 4)
[   0.000][v][cplayer] Setting option 'log-file' = '~~/mpv.log' (flags = 4)
[   0.000][v][cplayer] Setting option 'save-position-on-quit' = 'yes' (flags = 4)
[   0.000][v][cplayer] Setting option 'watch-later-dir' = '~~/cache/watch_later' (flags = 4)
[   0.000][v][cplayer] Setting option 'hr-seek' = 'always' (flags = 4)
[   0.000][v][cplayer] Setting option 'keep-open' = 'yes' (flags = 4)
[   0.000][v][cplayer] Setting option 'cache' = 'yes' (flags = 4)
[   0.000][v][cplayer] Setting option 'cache-secs' = '32' (flags = 4)
[   0.000][v][cplayer] Setting option 'cache-on-disk' = 'yes' (flags = 4)
[   0.000][v][cplayer] Setting option 'demuxer-cache-dir' = '~~/cache/stream_cache' (flags = 4)
[   0.000][v][cplayer] Setting option 'screenshot-directory' = '~~/screenshots' (flags = 4)
[   0.000][v][cplayer] Setting option 'screenshot-format' = 'avif' (flags = 4)
[   0.000][v][cplayer] Setting option 'screenshot-template' = '%F - %P' (flags = 4)
[   0.000][v][cplayer] Setting option 'vlang' = 'chs,sc,zh-Hans,zh-CN,cht,tc,zh-Hant,zh-HK,zh-TW,chi,zho,zh' (flags = 4)
[   0.000][v][cplayer] Setting option 'alang' = 'chs,sc,zh-Hans,zh-CN,cht,tc,zh-Hant,zh-HK,zh-TW,chi,zho,zh' (flags = 4)
[   0.000][v][cplayer] Setting option 'slang' = 'chs,sc,zh-Hans,zh-CN,cht,tc,zh-Hant,zh-HK,zh-TW,chi,zho,zh' (flags = 4)
[   0.000][v][cplayer] Setting option 'sub-font-size' = '38' (flags = 4)
[   0.000][v][cplayer] Setting option 'gpu-shader-cache-dir' = '~~/cache/shaders_cache' (flags = 4)
[   0.000][v][cplayer] Setting option 'target-colorspace-hint' = 'auto' (flags = 4)
[   0.000][v][cplayer] Setting option 'target-colorspace-hint-mode' = 'target' (flags = 4)
[   0.000][v][cplayer] Setting option 'target-prim' = 'dci-p3' (flags = 4)
[   0.000][v][cplayer] Setting option 'target-trc' = 'gamma2.2' (flags = 4)
[   0.000][v][cplayer] Setting option 'target-peak' = 'auto' (flags = 4)
[   0.000][v][cplayer] Setting option 'target-contrast' = 'auto' (flags = 4)
[   0.000][v][cplayer] Setting option 'target-gamut' = 'dci-p3' (flags = 4)
[   0.000][v][cplayer] Setting option 'hdr-reference-white' = '203' (flags = 4)
[   0.000][v][cplayer] Setting option 'tone-mapping' = 'spline' (flags = 4)
[   0.000][v][cplayer] Setting option 'tone-mapping-param' = '0.30' (flags = 4)
[   0.000][v][cplayer] Setting option 'gamut-mapping-mode' = 'perceptual' (flags = 4)
[   0.000][v][cplayer] Setting option 'hdr-compute-peak' = 'yes' (flags = 4)
[   0.000][v][cplayer] Setting option 'allow-delayed-peak-detect' = '' (flags = 4)
[   0.000][v][cplayer] Setting option 'hdr-peak-percentile' = '99.5' (flags = 4)
[   0.000][v][cplayer] Setting option 'hdr-peak-decay-rate' = '20' (flags = 4)
[   0.000][v][cplayer] Setting option 'hdr-scene-threshold-low' = '1.0' (flags = 4)
[   0.000][v][cplayer] Setting option 'hdr-scene-threshold-high' = '3.0' (flags = 4)
[   0.000][v][cplayer] Setting option 'hdr-contrast-recovery' = '0.30' (flags = 4)
[   0.000][v][cplayer] Setting option 'hdr-contrast-smoothness' = '3.5' (flags = 4)
[   0.000][v][cplayer] Setting option 'fullscreen' = '' (flags = 4)
[   0.000][v][cplayer] Setting option 'border' = 'no' (flags = 4)
[   0.000][v][cplayer] Setting option 'autofit-larger' = '90%x90%' (flags = 4)
[   0.000][v][cplayer] Setting option 'autofit-smaller' = '40%x30%' (flags = 4)
[   0.000][v][cplayer] Setting option 'player-operation-mode' = 'pseudo-gui' (flags = 8)
[   0.000][v][cplayer] Applying profile 'builtin-pseudo-gui'...
[   0.000][v][cplayer] Setting option 'terminal' = 'no' (flags = 260)
[   0.000][v][cplayer] Setting option 'force-window' = 'yes' (flags = 260)
[   0.000][v][cplayer] Setting option 'idle' = 'once' (flags = 260)
[   0.000][v][cplayer] Applying profile 'pseudo-gui'...
[   0.000][v][cplayer] Setting option 'player-operation-mode' = 'pseudo-gui' (flags = 4)
[   0.000][d][global] config path: 'input.conf' -> '/home/beiming/.config/mpv/input.conf'
[   0.000][d][global] config path: 'input.conf' -/-> '/home/beiming/.mpv/input.conf'
[   0.000][d][global] config path: 'input.conf' -/-> '/etc/mpv/input.conf'
[   0.000][v][ifo_dvdnav] Opening /home/beiming/.config/mpv/input.conf
[   0.000][v][bdmv/bluray] Opening /home/beiming/.config/mpv/input.conf
[   0.000][v][file] Opening /home/beiming/.config/mpv/input.conf
[   0.000][d][file] resize stream to 131072 bytes, drop 0 bytes
[   0.000][d][file] Stream opened successfully.
[   0.000][v][input] Parsing input config file /home/beiming/.config/mpv/input.conf
[   0.000][v][input] Input config file /home/beiming/.config/mpv/input.conf parsed: 35 binds
[   0.000][d][global] config path: 'mpv.log' -> '/home/beiming/.config/mpv/mpv.log'
[   0.000][d][global] user path: '~~/mpv.log' -> '/home/beiming/.config/mpv/mpv.log'
[   0.006][v][cplayer] mpv v0.41.0 Copyright © 2000-2025 mpv/MPlayer/mplayer2 projects
[   0.006][v][cplayer]  built on Aug  7 2026 22:23:06
[   0.006][v][cplayer] libplacebo version: v7.360.1
[   0.006][v][cplayer] FFmpeg version: n9.0 (runtime n9.0.1)
[   0.006][v][cplayer] FFmpeg library versions:
[   0.006][v][cplayer]    libavcodec      63.1.100 (runtime 63.1.101)
[   0.006][v][cplayer]    libavdevice     63.1.100 (runtime 63.1.101)
[   0.006][v][cplayer]    libavfilter     12.1.100 (runtime 12.1.101)
[   0.006][v][cplayer]    libavformat     63.1.100 (runtime 63.1.101)
[   0.006][v][cplayer]    libavutil       61.1.100 (runtime 61.1.101)
[   0.006][v][cplayer]    libswresample   7.1.100 (runtime 7.1.101)
[   0.006][v][cplayer]    libswscale      10.1.100 (runtime 10.1.101)
[   0.006][v][cplayer] Configuration: -Dbuildtype=plain -Dprefix=/usr -Dlibexecdir=lib -Dsbindir=bin -Dauto_features=auto -Dwrap_mode=nodownload -Db_pie=true -Dpython.bytecompile=1 -Dlibmpv=true -Dgl-x11=enabled -Dcaca=disabled -Dcdda=enabled -Ddrm=enabled -Ddvbin=enabled -Ddvdnav=enabled -Dlibarchive=enabled -Dopenal=enabled -Dsdl2-audio=enabled -Dsdl2-video=enabled -Dsdl2-gamepad=enabled
[   0.006][v][cplayer] List of enabled features: alsa build-date cdda cplugins cuda-hwaccel cuda-interop dmabuf-interop-gl dmabuf-wayland drm dvbin dvdnav egl egl-drm egl-wayland egl-x11 ffmpeg ffnvcodec gbm gl gl-x11 glibc-thread-name glob glob-posix gpl iconv jack javascript jpeg lcms2 libarchive libass libavdevice libbluray libdl libplacebo linux-fstatfs luajit memfd-create memrchr openal pipewire posix posix-shm ppoll pthread-condattr-setclock pulse rubberband rubberband-3 sdl2-audio sdl2-gamepad sdl2-video sixel sndio sndio-1-9 uchardet vaapi vaapi-drm vaapi-wayland vaapi-x11 vdpau vdpau-gl-x11 vector vk-khr-display vt.h vulkan wayland wayland-protocols-1-32 wayland-protocols-1-38 wayland-protocols-1-39 wayland-protocols-1-41 wayland-protocols-1-44 wayland-protocols-1-47 x11 x11-clipboard xv zimg zimg-st428 zlib
[   0.006][d][ytdl_hook] Loading lua script @ytdl_hook.lua...
[   0.006][d][console] Loading lua script @console.lua...
[   0.006][d][auto_profiles] Loading lua script @auto_profiles.lua...
[   0.006][d][select] Loading lua script @select.lua...
[   0.006][d][positioning] Loading lua script @positioning.lua...
[   0.006][d][commands] Loading lua script @commands.lua...
[   0.007][d][auto_profiles] loading mp.defaults
[   0.007][d][context_menu] Loading lua script @context_menu.lua...
[   0.007][d][positioning] loading mp.defaults
[   0.007][d][select] loading mp.defaults
[   0.007][d][commands] loading mp.defaults
[   0.007][d][console] loading mp.defaults
[   0.007][d][context_menu] loading mp.defaults
[   0.007][d][ytdl_hook] loading mp.defaults
[   0.007][d][auto_profiles] loading @auto_profiles.lua
[   0.007][d][positioning] loading @positioning.lua
[   0.007][d][console] loading @console.lua
[   0.008][d][select] loading @select.lua
[   0.008][d][commands] loading @commands.lua
[   0.008][d][ytdl_hook] loading @ytdl_hook.lua
[   0.008][d][positioning] reading options for positioning
[   0.008][d][context_menu] loading @context_menu.lua
[   0.008][d][global] config path: 'script-opts/positioning.conf' -/-> '/home/beiming/.config/mpv/script-opts/positioning.conf'
[   0.008][d][global] config path: 'script-opts/positioning.conf' -/-> '/home/beiming/.mpv/script-opts/positioning.conf'
[   0.008][d][global] config path: 'script-opts/positioning.conf' -/-> '/etc/mpv/script-opts/positioning.conf'
[   0.008][d][positioning] script-opts/positioning.conf not found.
[   0.008][d][global] config path: 'lua-settings/positioning.conf' -/-> '/home/beiming/.config/mpv/lua-settings/positioning.conf'
[   0.008][d][global] config path: 'lua-settings/positioning.conf' -/-> '/home/beiming/.mpv/lua-settings/positioning.conf'
[   0.008][d][global] config path: 'lua-settings/positioning.conf' -/-> '/etc/mpv/lua-settings/positioning.conf'
[   0.008][d][positioning] lua-settings/positioning.conf not found.
[   0.008][d][select] reading options for select
[   0.008][d][global] config path: 'script-opts/select.conf' -/-> '/home/beiming/.config/mpv/script-opts/select.conf'
[   0.008][d][global] config path: 'script-opts/select.conf' -/-> '/home/beiming/.mpv/script-opts/select.conf'
[   0.008][d][global] config path: 'script-opts/select.conf' -/-> '/etc/mpv/script-opts/select.conf'
[   0.008][d][select] script-opts/select.conf not found.
[   0.008][d][global] config path: 'lua-settings/select.conf' -/-> '/home/beiming/.config/mpv/lua-settings/select.conf'
[   0.008][d][global] config path: 'lua-settings/select.conf' -/-> '/home/beiming/.mpv/lua-settings/select.conf'
[   0.008][d][global] config path: 'lua-settings/select.conf' -/-> '/etc/mpv/lua-settings/select.conf'
[   0.008][d][select] lua-settings/select.conf not found.
[   0.009][d][context_menu] reading options for context_menu
[   0.009][d][global] config path: 'script-opts/context_menu.conf' -/-> '/home/beiming/.config/mpv/script-opts/context_menu.conf'
[   0.009][d][global] config path: 'script-opts/context_menu.conf' -/-> '/home/beiming/.mpv/script-opts/context_menu.conf'
[   0.009][d][global] config path: 'script-opts/context_menu.conf' -/-> '/etc/mpv/script-opts/context_menu.conf'
[   0.009][d][context_menu] script-opts/context_menu.conf not found.
[   0.009][d][global] config path: 'lua-settings/context_menu.conf' -/-> '/home/beiming/.config/mpv/lua-settings/context_menu.conf'
[   0.009][d][global] config path: 'lua-settings/context_menu.conf' -/-> '/home/beiming/.mpv/lua-settings/context_menu.conf'
[   0.009][d][global] config path: 'lua-settings/context_menu.conf' -/-> '/etc/mpv/lua-settings/context_menu.conf'
[   0.009][d][context_menu] lua-settings/context_menu.conf not found.
[   0.009][d][ytdl_hook] reading options for ytdl_hook
[   0.009][d][global] config path: 'script-opts/ytdl_hook.conf' -/-> '/home/beiming/.config/mpv/script-opts/ytdl_hook.conf'
[   0.009][d][global] config path: 'script-opts/ytdl_hook.conf' -/-> '/home/beiming/.mpv/script-opts/ytdl_hook.conf'
[   0.009][d][global] config path: 'script-opts/ytdl_hook.conf' -/-> '/etc/mpv/script-opts/ytdl_hook.conf'
[   0.009][d][ytdl_hook] script-opts/ytdl_hook.conf not found.
[   0.009][d][global] config path: 'lua-settings/ytdl_hook.conf' -/-> '/home/beiming/.config/mpv/lua-settings/ytdl_hook.conf'
[   0.009][d][global] config path: 'lua-settings/ytdl_hook.conf' -/-> '/home/beiming/.mpv/lua-settings/ytdl_hook.conf'
[   0.009][d][global] config path: 'lua-settings/ytdl_hook.conf' -/-> '/etc/mpv/lua-settings/ytdl_hook.conf'
[   0.009][d][ytdl_hook] lua-settings/ytdl_hook.conf not found.
[   0.012][v][clipboard/wayland] Registered interface wl_seat at version 8
[   0.012][v][clipboard/wayland] Registered interface ext_data_control_manager_v1 at version 1
[   0.014][v][clipboard] Initialized wayland clipboard backend.
[   0.015][d][global] config path: 'scripts' -> '/home/beiming/.config/mpv/scripts'
[   0.015][d][global] config path: 'scripts' -/-> '/home/beiming/.mpv/scripts'
[   0.015][d][global] config path: 'scripts' -/-> '/etc/mpv/scripts'
[   0.015][v][clipboard/wayland] Read 23 bytes from the data offer fd
[   0.015][v][clipboard/wayland] Read 23 bytes from the data offer fd
[   0.015][d][uosc] Loading lua script /home/beiming/.config/mpv/scripts/uosc/main.lua...
[   0.015][d][thumbfast] Loading lua script /home/beiming/.config/mpv/scripts/thumbfast.lua...
[   0.015][d][autoload] Loading lua script /home/beiming/.config/mpv/scripts/autoload.lua...
[   0.016][d][stats] Loading lua script /home/beiming/.config/mpv/scripts/stats.lua...
[   0.016][d][thumbfast] loading mp.defaults
[   0.016][d][uosc] loading mp.defaults
[   0.016][v][cplayer] Waiting for scripts...
[   0.016][d][autoload] loading mp.defaults
[   0.016][d][stats] loading mp.defaults
[   0.016][d][commands] reading options for commands
[   0.017][d][global] config path: 'script-opts/commands.conf' -/-> '/home/beiming/.config/mpv/script-opts/commands.conf'
[   0.017][d][global] config path: 'script-opts/commands.conf' -/-> '/home/beiming/.mpv/script-opts/commands.conf'
[   0.017][d][global] config path: 'script-opts/commands.conf' -/-> '/etc/mpv/script-opts/commands.conf'
[   0.017][d][commands] script-opts/commands.conf not found.
[   0.017][d][global] config path: 'lua-settings/commands.conf' -/-> '/home/beiming/.config/mpv/lua-settings/commands.conf'
[   0.017][d][global] config path: 'lua-settings/commands.conf' -/-> '/home/beiming/.mpv/lua-settings/commands.conf'
[   0.017][d][global] config path: 'lua-settings/commands.conf' -/-> '/etc/mpv/lua-settings/commands.conf'
[   0.017][d][commands] lua-settings/commands.conf not found.
[   0.017][d][thumbfast] loading file /home/beiming/.config/mpv/scripts/thumbfast.lua
[   0.017][d][cplayer] Run command: define-section, flags=64, args=[name="input_commands", contents="", flags="default"]
[   0.018][d][uosc] loading file /home/beiming/.config/mpv/scripts/uosc/main.lua
[   0.018][d][cplayer] Run command: enable-section, flags=64, args=[name="input_commands", flags="allow-hide-cursor+allow-vo-dragging"]
[   0.018][d][cplayer] Run command: define-section, flags=64, args=[name="input_forced_commands", contents="", flags="force"]
[   0.018][d][cplayer] Run command: enable-section, flags=64, args=[name="input_forced_commands", flags="allow-hide-cursor+allow-vo-dragging"]
[   0.018][d][cplayer] Run command: define-section, flags=64, args=[name="input_positioning", contents="", flags="default"]
[   0.018][d][console] reading options for console
[   0.018][d][cplayer] Run command: enable-section, flags=64, args=[name="input_positioning", flags="allow-hide-cursor+allow-vo-dragging"]
[   0.018][d][autoload] loading file /home/beiming/.config/mpv/scripts/autoload.lua
[   0.018][d][global] config path: 'script-opts/console.conf' -/-> '/home/beiming/.config/mpv/script-opts/console.conf'
[   0.018][d][global] config path: 'script-opts/console.conf' -/-> '/home/beiming/.mpv/script-opts/console.conf'
[   0.018][d][global] config path: 'script-opts/console.conf' -/-> '/etc/mpv/script-opts/console.conf'
[   0.018][d][console] script-opts/console.conf not found.
[   0.018][d][global] config path: 'lua-settings/console.conf' -/-> '/home/beiming/.config/mpv/lua-settings/console.conf'
[   0.018][d][global] config path: 'lua-settings/console.conf' -/-> '/home/beiming/.mpv/lua-settings/console.conf'
[   0.018][d][global] config path: 'lua-settings/console.conf' -/-> '/etc/mpv/lua-settings/console.conf'
[   0.018][d][cplayer] Run command: define-section, flags=64, args=[name="input_forced_positioning", contents="", flags="force"]
[   0.018][d][console] lua-settings/console.conf not found.
[   0.018][d][cplayer] Run command: enable-section, flags=64, args=[name="input_forced_positioning", flags="allow-hide-cursor+allow-vo-dragging"]
[   0.018][d][cplayer] Run command: define-section, flags=64, args=[name="input_select", contents="", flags="default"]
[   0.018][d][cplayer] Run command: enable-section, flags=64, args=[name="input_select", flags="allow-hide-cursor+allow-vo-dragging"]
[   0.018][d][cplayer] Run command: define-section, flags=64, args=[name="input_forced_select", contents="", flags="force"]
[   0.018][d][stats] loading file /home/beiming/.config/mpv/scripts/stats.lua
[   0.019][d][cplayer] Run command: enable-section, flags=64, args=[name="input_forced_select", flags="allow-hide-cursor+allow-vo-dragging"]
[   0.019][d][cplayer] Run command: define-section, flags=64, args=[name="input_console", contents="", flags="default"]
[   0.019][d][cplayer] Run command: enable-section, flags=64, args=[name="input_console", flags="allow-hide-cursor+allow-vo-dragging"]
[   0.019][d][cplayer] Run command: define-section, flags=64, args=[name="input_forced_console", contents="", flags="force"]
[   0.019][d][cplayer] Run command: enable-section, flags=64, args=[name="input_forced_console", flags="allow-hide-cursor+allow-vo-dragging"]
[   0.020][d][autoload] reading options for autoload
[   0.020][d][global] config path: 'script-opts/autoload.conf' -> '/home/beiming/.config/mpv/script-opts/autoload.conf'
[   0.020][v][autoload] Opened config file script-opts/autoload.conf.
[   0.020][d][auto_profiles] Destroying client handle...
[   0.021][d][thumbfast] reading options for thumbfast
[   0.021][d][global] config path: 'script-opts/thumbfast.conf' -> '/home/beiming/.config/mpv/script-opts/thumbfast.conf'
[   0.021][v][thumbfast] Opened config file script-opts/thumbfast.conf.
[   0.022][d][cplayer] Run command: script-message, flags=64, args=[args="uosc-version", args="5.12.0"]
[   0.022][v][cplayer] Set property: osc="no" -> 1
[   0.024][d][stats] reading options for stats
[   0.024][d][global] config path: 'script-opts/stats.conf' -/-> '/home/beiming/.config/mpv/script-opts/stats.conf'
[   0.024][d][global] config path: 'script-opts/stats.conf' -/-> '/home/beiming/.mpv/script-opts/stats.conf'
[   0.024][d][global] config path: 'script-opts/stats.conf' -/-> '/etc/mpv/script-opts/stats.conf'
[   0.024][d][stats] script-opts/stats.conf not found.
[   0.024][d][global] config path: 'lua-settings/stats.conf' -/-> '/home/beiming/.config/mpv/lua-settings/stats.conf'
[   0.024][d][global] config path: 'lua-settings/stats.conf' -/-> '/home/beiming/.mpv/lua-settings/stats.conf'
[   0.024][d][global] config path: 'lua-settings/stats.conf' -/-> '/etc/mpv/lua-settings/stats.conf'
[   0.024][d][stats] lua-settings/stats.conf not found.
[   0.025][d][cplayer] Run command: define-section, flags=64, args=[name="input_stats", contents="", flags="default"]
[   0.025][d][cplayer] Run command: enable-section, flags=64, args=[name="input_stats", flags="allow-hide-cursor+allow-vo-dragging"]
[   0.025][d][cplayer] Run command: define-section, flags=64, args=[name="input_forced_stats", contents="", flags="force"]
[   0.025][d][cplayer] Run command: enable-section, flags=64, args=[name="input_forced_stats", flags="allow-hide-cursor+allow-vo-dragging"]
[   0.026][d][uosc] reading options for uosc
[   0.026][d][global] config path: 'script-opts/uosc.conf' -> '/home/beiming/.config/mpv/script-opts/uosc.conf'
[   0.026][v][uosc] Opened config file script-opts/uosc.conf.
[   0.048][d][cplayer] Run command: define-section, flags=64, args=[name="mbtn_left", contents="mbtn_left script-binding uosc/__keybinding1\nalt+mbtn_left script-binding uosc/__keybinding2\nalt+ctrl+mbtn_left script-binding uosc/__keybinding3\nalt+shift+mbtn_left script-binding uosc/__keybinding4\nalt+ctrl+shift+mbtn_left script-binding uosc/__keybinding5\nctrl+mbtn_left script-binding uosc/__keybinding6\nctrl+shift+mbtn_left script-binding uosc/__keybinding7\nshift+mbtn_left script-binding uosc/__keybinding8\n", flags="force"]
[   0.048][d][cplayer] Run command: define-section, flags=64, args=[name="mbtn_left_dbl", contents="mbtn_left_dbl ignore\n", flags="force"]
[   0.048][d][cplayer] Run command: define-section, flags=64, args=[name="mbtn_right", contents="mbtn_right script-binding uosc/__keybinding9\n", flags="force"]
[   0.048][d][cplayer] Run command: define-section, flags=64, args=[name="wheel", contents="wheel_up script-binding uosc/__keybinding10\nwheel_down script-binding uosc/__keybinding11\n", flags="force"]
[   0.066][v][cplayer] Done loading scripts.
[   0.066][d][global] config path: 'cache/watch_later' -> '/home/beiming/.config/mpv/cache/watch_later'
[   0.066][d][global] user path: '~~/cache/watch_later' -> '/home/beiming/.config/mpv/cache/watch_later'
[   0.066][v][cplayer] Running hook: auto_profiles/on_before_start_file
[   0.066][v][cplayer] Failed sending hook command auto_profiles/on_before_start_file. Removing hook.
[   0.066][d][global] config path: 'cache/watch_later' -> '/home/beiming/.config/mpv/cache/watch_later'
[   0.066][d][global] user path: '~~/cache/watch_later' -> '/home/beiming/.config/mpv/cache/watch_later'
[   0.066][i][cplayer] Resuming playback. This behavior can be disabled with --no-resume-playback.
[   0.066][v][cplayer] Loading config '/home/beiming/.config/mpv/cache/watch_later/2D69470BFDCF0618963EA1E46E8B99EE'
[   0.066][v][cplayer] Reading config file /home/beiming/.config/mpv/cache/watch_later/2D69470BFDCF0618963EA1E46E8B99EE
[   0.066][v][ifo_dvdnav] Opening /home/beiming/.config/mpv/cache/watch_later/2D69470BFDCF0618963EA1E46E8B99EE
[   0.066][v][bdmv/bluray] Opening /home/beiming/.config/mpv/cache/watch_later/2D69470BFDCF0618963EA1E46E8B99EE
[   0.066][v][file] Opening /home/beiming/.config/mpv/cache/watch_later/2D69470BFDCF0618963EA1E46E8B99EE
[   0.066][d][file] resize stream to 131072 bytes, drop 0 bytes
[   0.066][d][file] Stream opened successfully.
[   0.066][v][cplayer] Applying profile 'default'...
[   0.066][v][cplayer] Setting option 'start' = '1055.160000' (flags = 36)
[   0.067][v][cplayer] Running hook: auto_profiles/on_load
[   0.067][v][cplayer] Failed sending hook command auto_profiles/on_load. Removing hook.
[   0.067][v][cplayer] Running hook: ytdl_hook/on_load
[   0.067][d][cplayer] Run command: define-section, flags=64, args=[name="input_uosc", contents="", flags="default"]
[   0.067][v][cplayer] Running hook: ytdl_hook/on_load
[   0.067][d][cplayer] Run command: enable-section, flags=64, args=[name="input_uosc", flags="allow-hide-cursor+allow-vo-dragging"]
[   0.067][v][ytdl_hook] playlist hook
[   0.067][d][cplayer] Run command: define-section, flags=64, args=[name="input_forced_uosc", contents="", flags="force"]
[   0.067][d][cplayer] Run command: enable-section, flags=64, args=[name="input_forced_uosc", flags="allow-hide-cursor+allow-vo-dragging"]
[   0.068][v][ifo_dvdnav] Opening /home/beiming/Videos/成龙历险记1-5季 4K修复版/[BASIGN]21.魔兽的诅咒.mp4
[   0.068][v][bdmv/bluray] Opening /home/beiming/Videos/成龙历险记1-5季 4K修复版/[BASIGN]21.魔兽的诅咒.mp4
[   0.068][v][file] Opening /home/beiming/Videos/成龙历险记1-5季 4K修复版/[BASIGN]21.魔兽的诅咒.mp4
[   0.068][d][file] resize stream to 131072 bytes, drop 0 bytes
[   0.068][d][file] Stream opened successfully.
[   0.068][v][demux] Trying demuxers for level=normal.
[   0.068][d][demux] Trying demuxer: directory (force-level: normal)
[   0.069][d][demux] Trying demuxer: disc (force-level: normal)
[   0.069][d][demux] Trying demuxer: edl (force-level: normal)
[   0.069][d][demux] Trying demuxer: cue (force-level: normal)
[   0.069][d][demux] Trying demuxer: rawaudio (force-level: normal)
[   0.069][d][demux] Trying demuxer: rawvideo (force-level: normal)
[   0.069][d][demux] Trying demuxer: mkv (force-level: normal)
[   0.069][d][demux] Trying demuxer: libarchive (force-level: normal)
[   0.069][v][autoload] Prepending /home/beiming/Videos/成龙历险记1-5季 4K修复版/[BASIGN]20.复制小玉.mp4
[   0.069][v][autoload] Prepending /home/beiming/Videos/成龙历险记1-5季 4K修复版/[BASIGN]19.龙小组.mp4
[   0.069][v][autoload] Prepending /home/beiming/Videos/成龙历险记1-5季 4K修复版/[BASIGN]18.圣主附身.mp4
[   0.069][v][autoload] Prepending /home/beiming/Videos/成龙历险记1-5季 4K修复版/[BASIGN]17.战斗之母.mp4
[   0.069][v][autoload] Prepending /home/beiming/Videos/成龙历险记1-5季 4K修复版/[BASIGN]16.恶龙的末日.mp4
[   0.069][v][autoload] Prepending /home/beiming/Videos/成龙历险记1-5季 4K修复版/[BASIGN]15.阴阳两面.mp4
[   0.069][v][autoload] Prepending /home/beiming/Videos/成龙历险记1-5季 4K修复版/[BASIGN]14.老爹做寿星.mp4
[   0.069][v][autoload] Prepending /home/beiming/Videos/成龙历险记1-5季 4K修复版/[BASIGN]13.猴子小玉.mp4
[   0.069][v][autoload] Prepending /home/beiming/Videos/成龙历险记1-5季 4K修复版/[BASIGN]12.斗士化身.mp4
[   0.069][v][autoload] Prepending /home/beiming/Videos/成龙历险记1-5季 4K修复版/[BASIGN]11.石化危机.mp4
[   0.069][v][autoload] Prepending /home/beiming/Videos/成龙历险记1-5季 4K修复版/[BASIGN]10.玩具横行.mp4
[   0.069][v][autoload] Prepending /home/beiming/Videos/成龙历险记1-5季 4K修复版/[BASIGN]09.土霸王.mp4
[   0.069][v][autoload] Prepending /home/beiming/Videos/成龙历险记1-5季 4K修复版/[BASIGN]08.圣主自由了.mp4
[   0.069][v][autoload] Prepending /home/beiming/Videos/成龙历险记1-5季 4K修复版/[BASIGN]07.穿越时空.mp4
[   0.069][v][autoload] Prepending /home/beiming/Videos/成龙历险记1-5季 4K修复版/[BASIGN]06.龟背之谜.mp4
[   0.069][v][autoload] Prepending /home/beiming/Videos/成龙历险记1-5季 4K修复版/[BASIGN]05.小蛇出现.mp4
[   0.069][v][autoload] Prepending /home/beiming/Videos/成龙历险记1-5季 4K修复版/[BASIGN]04.寻找蛇符咒.mp4
[   0.069][v][autoload] Prepending /home/beiming/Videos/成龙历险记1-5季 4K修复版/[BASIGN]03.牛战士的面具.mp4
[   0.069][v][autoload] Prepending /home/beiming/Videos/成龙历险记1-5季 4K修复版/[BASIGN]02.内在的魔法.mp4
[   0.069][v][autoload] Prepending /home/beiming/Videos/成龙历险记1-5季 4K修复版/[BASIGN]01.黑手帮.mp4
[   0.069][d][cplayer] Run command: loadfile, flags=64, args=[url="/home/beiming/Videos/成龙历险记1-5季 4K修复版/[BASIGN]01.黑手帮.mp4", flags="append", index="-1", options=""]
[   0.069][d][cplayer] Run command: loadfile, flags=64, args=[url="/home/beiming/Videos/成龙历险记1-5季 4K修复版/[BASIGN]02.内在的魔法.mp4", flags="append", index="-1", options=""]
[   0.069][d][cplayer] Run command: loadfile, flags=64, args=[url="/home/beiming/Videos/成龙历险记1-5季 4K修复版/[BASIGN]03.牛战士的面具.mp4", flags="append", index="-1", options=""]
[   0.069][d][cplayer] Run command: loadfile, flags=64, args=[url="/home/beiming/Videos/成龙历险记1-5季 4K修复版/[BASIGN]04.寻找蛇符咒.mp4", flags="append", index="-1", options=""]
[   0.069][d][cplayer] Run command: loadfile, flags=64, args=[url="/home/beiming/Videos/成龙历险记1-5季 4K修复版/[BASIGN]05.小蛇出现.mp4", flags="append", index="-1", options=""]
[   0.069][d][cplayer] Run command: loadfile, flags=64, args=[url="/home/beiming/Videos/成龙历险记1-5季 4K修复版/[BASIGN]06.龟背之谜.mp4", flags="append", index="-1", options=""]
[   0.069][d][cplayer] Run command: loadfile, flags=64, args=[url="/home/beiming/Videos/成龙历险记1-5季 4K修复版/[BASIGN]07.穿越时空.mp4", flags="append", index="-1", options=""]
[   0.069][d][cplayer] Run command: loadfile, flags=64, args=[url="/home/beiming/Videos/成龙历险记1-5季 4K修复版/[BASIGN]08.圣主自由了.mp4", flags="append", index="-1", options=""]
[   0.069][d][cplayer] Run command: loadfile, flags=64, args=[url="/home/beiming/Videos/成龙历险记1-5季 4K修复版/[BASIGN]09.土霸王.mp4", flags="append", index="-1", options=""]
[   0.069][d][cplayer] Run command: loadfile, flags=64, args=[url="/home/beiming/Videos/成龙历险记1-5季 4K修复版/[BASIGN]10.玩具横行.mp4", flags="append", index="-1", options=""]
[   0.069][d][cplayer] Run command: loadfile, flags=64, args=[url="/home/beiming/Videos/成龙历险记1-5季 4K修复版/[BASIGN]11.石化危机.mp4", flags="append", index="-1", options=""]
[   0.069][d][cplayer] Run command: loadfile, flags=64, args=[url="/home/beiming/Videos/成龙历险记1-5季 4K修复版/[BASIGN]12.斗士化身.mp4", flags="append", index="-1", options=""]
[   0.069][d][cplayer] Run command: loadfile, flags=64, args=[url="/home/beiming/Videos/成龙历险记1-5季 4K修复版/[BASIGN]13.猴子小玉.mp4", flags="append", index="-1", options=""]
[   0.069][d][cplayer] Run command: loadfile, flags=64, args=[url="/home/beiming/Videos/成龙历险记1-5季 4K修复版/[BASIGN]14.老爹做寿星.mp4", flags="append", index="-1", options=""]
[   0.069][d][cplayer] Run command: loadfile, flags=64, args=[url="/home/beiming/Videos/成龙历险记1-5季 4K修复版/[BASIGN]15.阴阳两面.mp4", flags="append", index="-1", options=""]
[   0.069][d][cplayer] Run command: loadfile, flags=64, args=[url="/home/beiming/Videos/成龙历险记1-5季 4K修复版/[BASIGN]16.恶龙的末日.mp4", flags="append", index="-1", options=""]
[   0.069][d][cplayer] Run command: loadfile, flags=64, args=[url="/home/beiming/Videos/成龙历险记1-5季 4K修复版/[BASIGN]17.战斗之母.mp4", flags="append", index="-1", options=""]
[   0.069][d][cplayer] Run command: loadfile, flags=64, args=[url="/home/beiming/Videos/成龙历险记1-5季 4K修复版/[BASIGN]18.圣主附身.mp4", flags="append", index="-1", options=""]
[   0.069][d][cplayer] Run command: loadfile, flags=64, args=[url="/home/beiming/Videos/成龙历险记1-5季 4K修复版/[BASIGN]19.龙小组.mp4", flags="append", index="-1", options=""]
[   0.069][d][cplayer] Run command: loadfile, flags=64, args=[url="/home/beiming/Videos/成龙历险记1-5季 4K修复版/[BASIGN]20.复制小玉.mp4", flags="append", index="-1", options=""]
[   0.069][d][cplayer] Run command: playlist-move, flags=64, args=[index1="0", index2="21"]
[   0.069][v][autoload] Adding /home/beiming/Videos/成龙历险记1-5季 4K修复版/[BASIGN]22.狱中擒魔.mp4
[   0.069][d][cplayer] Run command: loadfile, flags=64, args=[url="/home/beiming/Videos/成龙历险记1-5季 4K修复版/[BASIGN]22.狱中擒魔.mp4", flags="append", index="-1", options=""]
[   0.069][v][autoload] Adding /home/beiming/Videos/成龙历险记1-5季 4K修复版/[BASIGN]23.迷失的城市.mp4
[   0.069][d][cplayer] Run command: loadfile, flags=64, args=[url="/home/beiming/Videos/成龙历险记1-5季 4K修复版/[BASIGN]23.迷失的城市.mp4", flags="append", index="-1", options=""]
[   0.069][v][autoload] Adding /home/beiming/Videos/成龙历险记1-5季 4K修复版/[BASIGN]24.特技演员.mp4
[   0.069][d][cplayer] Run command: loadfile, flags=64, args=[url="/home/beiming/Videos/成龙历险记1-5季 4K修复版/[BASIGN]24.特技演员.mp4", flags="append", index="-1", options=""]
[   0.069][v][autoload] Adding /home/beiming/Videos/成龙历险记1-5季 4K修复版/[BASIGN]25.决战西部.mp4
[   0.069][d][cplayer] Run command: loadfile, flags=64, args=[url="/home/beiming/Videos/成龙历险记1-5季 4K修复版/[BASIGN]25.决战西部.mp4", flags="append", index="-1", options=""]
[   0.069][v][autoload] Adding /home/beiming/Videos/成龙历险记1-5季 4K修复版/[BASIGN]26.黑影兵团的女王.mp4
[   0.069][d][cplayer] Run command: loadfile, flags=64, args=[url="/home/beiming/Videos/成龙历险记1-5季 4K修复版/[BASIGN]26.黑影兵团的女王.mp4", flags="append", index="-1", options=""]
[   0.070][v][autoload] Adding /home/beiming/Videos/成龙历险记1-5季 4K修复版/[BASIGN]27.折纸神偷.mp4
[   0.070][d][cplayer] Run command: loadfile, flags=64, args=[url="/home/beiming/Videos/成龙历险记1-5季 4K修复版/[BASIGN]27.折纸神偷.mp4", flags="append", index="-1", options=""]
[   0.070][v][autoload] Adding /home/beiming/Videos/成龙历险记1-5季 4K修复版/[BASIGN]28.太空里的争斗.mp4
[   0.070][d][cplayer] Run command: loadfile, flags=64, args=[url="/home/beiming/Videos/成龙历险记1-5季 4K修复版/[BASIGN]28.太空里的争斗.mp4", flags="append", index="-1", options=""]
[   0.070][v][autoload] Adding /home/beiming/Videos/成龙历险记1-5季 4K修复版/[BASIGN]29.莲花寺.mp4
[   0.070][d][cplayer] Run command: loadfile, flags=64, args=[url="/home/beiming/Videos/成龙历险记1-5季 4K修复版/[BASIGN]29.莲花寺.mp4", flags="append", index="-1", options=""]
[   0.070][v][autoload] Adding /home/beiming/Videos/成龙历险记1-5季 4K修复版/[BASIGN]30.神明的铠甲.mp4
[   0.070][d][cplayer] Run command: script-message-to, flags=64, args=[target="thumbfast", args="clear"]
[   0.070][d][cplayer] Run command: loadfile, flags=64, args=[url="/home/beiming/Videos/成龙历险记1-5季 4K修复版/[BASIGN]30.神明的铠甲.mp4", flags="append", index="-1", options=""]
[   0.070][v][autoload] Adding /home/beiming/Videos/成龙历险记1-5季 4K修复版/[BASIGN]31.特工塔格.mp4
[   0.070][d][cplayer] Run command: loadfile, flags=64, args=[url="/home/beiming/Videos/成龙历险记1-5季 4K修复版/[BASIGN]31.特工塔格.mp4", flags="append", index="-1", options=""]
[   0.070][v][autoload] Adding /home/beiming/Videos/成龙历险记1-5季 4K修复版/[BASIGN]32.尾巴的故事.mp4
[   0.070][d][cplayer] Run command: loadfile, flags=64, args=[url="/home/beiming/Videos/成龙历险记1-5季 4K修复版/[BASIGN]32.尾巴的故事.mp4", flags="append", index="-1", options=""]
[   0.070][v][autoload] Adding /home/beiming/Videos/成龙历险记1-5季 4K修复版/[BASIGN]33.善恶龙叔回归.mp4
[   0.070][d][cplayer] Run command: loadfile, flags=64, args=[url="/home/beiming/Videos/成龙历险记1-5季 4K修复版/[BASIGN]33.善恶龙叔回归.mp4", flags="append", index="-1", options=""]
[   0.070][v][autoload] Adding /home/beiming/Videos/成龙历险记1-5季 4K修复版/[BASIGN]34.童子军的荣耀.mp4
[   0.070][d][cplayer] Run command: loadfile, flags=64, args=[url="/home/beiming/Videos/成龙历险记1-5季 4K修复版/[BASIGN]34.童子军的荣耀.mp4", flags="append", index="-1", options=""]
[   0.070][v][autoload] Adding /home/beiming/Videos/成龙历险记1-5季 4K修复版/[BASIGN]35.冻河之险.mp4
[   0.070][d][cplayer] Run command: loadfile, flags=64, args=[url="/home/beiming/Videos/成龙历险记1-5季 4K修复版/[BASIGN]35.冻河之险.mp4", flags="append", index="-1", options=""]
[   0.070][v][autoload] Adding /home/beiming/Videos/成龙历险记1-5季 4K修复版/[BASIGN]36.洹河宝藏.mp4
[   0.070][d][cplayer] Run command: loadfile, flags=64, args=[url="/home/beiming/Videos/成龙历险记1-5季 4K修复版/[BASIGN]36.洹河宝藏.mp4", flags="append", index="-1", options=""]
[   0.070][v][autoload] Adding /home/beiming/Videos/成龙历险记1-5季 4K修复版/[BASIGN]37.国王和小玉.mp4
[   0.070][d][cplayer] Run command: loadfile, flags=64, args=[url="/home/beiming/Videos/成龙历险记1-5季 4K修复版/[BASIGN]37.国王和小玉.mp4", flags="append", index="-1", options=""]
[   0.070][v][autoload] Adding /home/beiming/Videos/成龙历险记1-5季 4K修复版/[BASIGN]38.新亚特兰蒂斯.mp4
[   0.070][d][cplayer] Run command: loadfile, flags=64, args=[url="/home/beiming/Videos/成龙历险记1-5季 4K修复版/[BASIGN]38.新亚特兰蒂斯.mp4", flags="append", index="-1", options=""]
[   0.070][v][autoload] Adding /home/beiming/Videos/成龙历险记1-5季 4K修复版/[BASIGN]39.第八扇门.mp4
[   0.070][d][cplayer] Run command: overlay-remove, flags=64, args=[id="42"]
[   0.070][d][cplayer] Run command: loadfile, flags=64, args=[url="/home/beiming/Videos/成龙历险记1-5季 4K修复版/[BASIGN]39.第八扇门.mp4", flags="append", index="-1", options=""]
[   0.070][v][autoload] Adding /home/beiming/Videos/成龙历险记1-5季 4K修复版/[BASIGN]40.恶魔的世界【上】.mp4
[   0.070][d][cplayer] Run command: loadfile, flags=64, args=[url="/home/beiming/Videos/成龙历险记1-5季 4K修复版/[BASIGN]40.恶魔的世界【上】.mp4", flags="append", index="-1", options=""]
[   0.070][v][autoload] Adding /home/beiming/Videos/成龙历险记1-5季 4K修复版/[BASIGN]41.恶魔的世界【下】.mp4
[   0.070][d][cplayer] Run command: loadfile, flags=64, args=[url="/home/beiming/Videos/成龙历险记1-5季 4K修复版/[BASIGN]41.恶魔的世界【下】.mp4", flags="append", index="-1", options=""]
[   0.070][v][autoload] Adding /home/beiming/Videos/成龙历险记1-5季 4K修复版/[BASIGN]42.变猫记.mp4
[   0.070][d][cplayer] Run command: loadfile, flags=64, args=[url="/home/beiming/Videos/成龙历险记1-5季 4K修复版/[BASIGN]42.变猫记.mp4", flags="append", index="-1", options=""]
[   0.070][v][autoload] Adding /home/beiming/Videos/成龙历险记1-5季 4K修复版/[BASIGN]43.游轮旅行.mp4
[   0.070][d][cplayer] Run command: loadfile, flags=64, args=[url="/home/beiming/Videos/成龙历险记1-5季 4K修复版/[BASIGN]43.游轮旅行.mp4", flags="append", index="-1", options=""]
[   0.070][v][autoload] Adding /home/beiming/Videos/成龙历险记1-5季 4K修复版/[BASIGN]44.危机四伏.mp4
[   0.070][d][cplayer] Run command: loadfile, flags=64, args=[url="/home/beiming/Videos/成龙历险记1-5季 4K修复版/[BASIGN]44.危机四伏.mp4", flags="append", index="-1", options=""]
[   0.070][v][autoload] Adding /home/beiming/Videos/成龙历险记1-5季 4K修复版/[BASIGN]45.圣斗士.mp4
[   0.070][d][cplayer] Run command: loadfile, flags=64, args=[url="/home/beiming/Videos/成龙历险记1-5季 4K修复版/[BASIGN]45.圣斗士.mp4", flags="append", index="-1", options=""]
[   0.070][v][autoload] Adding /home/beiming/Videos/成龙历险记1-5季 4K修复版/[BASIGN]46.手套的故事.mp4
[   0.070][d][cplayer] Run command: loadfile, flags=64, args=[url="/home/beiming/Videos/成龙历险记1-5季 4K修复版/[BASIGN]46.手套的故事.mp4", flags="append", index="-1", options=""]
[   0.070][v][autoload] Adding /home/beiming/Videos/成龙历险记1-5季 4K修复版/[BASIGN]47.所知太多.mp4
[   0.070][d][cplayer] Run command: loadfile, flags=64, args=[url="/home/beiming/Videos/成龙历险记1-5季 4K修复版/[BASIGN]47.所知太多.mp4", flags="append", index="-1", options=""]
[   0.070][v][autoload] Adding /home/beiming/Videos/成龙历险记1-5季 4K修复版/[BASIGN]48.吸血鬼的气.mp4
[   0.070][d][cplayer] Run command: loadfile, flags=64, args=[url="/home/beiming/Videos/成龙历险记1-5季 4K修复版/[BASIGN]48.吸血鬼的气.mp4", flags="append", index="-1", options=""]
[   0.070][v][autoload] Adding /home/beiming/Videos/成龙历险记1-5季 4K修复版/[BASIGN]49.善恶盲聋哑.mp4
[   0.070][d][cplayer] Run command: loadfile, flags=64, args=[url="/home/beiming/Videos/成龙历险记1-5季 4K修复版/[BASIGN]49.善恶盲聋哑.mp4", flags="append", index="-1", options=""]
[   0.070][v][autoload] Adding /home/beiming/Videos/成龙历险记1-5季 4K修复版/[BASIGN]50.缩小咒语.mp4
[   0.070][d][cplayer] Run command: loadfile, flags=64, args=[url="/home/beiming/Videos/成龙历险记1-5季 4K修复版/[BASIGN]50.缩小咒语.mp4", flags="append", index="-1", options=""]
[   0.070][v][autoload] Adding /home/beiming/Videos/成龙历险记1-5季 4K修复版/[BASIGN]51.美猴王的木偶.mp4
[   0.070][d][cplayer] Run command: loadfile, flags=64, args=[url="/home/beiming/Videos/成龙历险记1-5季 4K修复版/[BASIGN]51.美猴王的木偶.mp4", flags="append", index="-1", options=""]
[   0.070][v][autoload] Adding /home/beiming/Videos/成龙历险记1-5季 4K修复版/[BASIGN]52.T军团女孩.mp4
[   0.070][d][cplayer] Run command: loadfile, flags=64, args=[url="/home/beiming/Videos/成龙历险记1-5季 4K修复版/[BASIGN]52.T军团女孩.mp4", flags="append", index="-1", options=""]
[   0.070][v][autoload] Adding /home/beiming/Videos/成龙历险记1-5季 4K修复版/[BASIGN]53.重新加入龙小队.mp4
[   0.070][d][cplayer] Run command: loadfile, flags=64, args=[url="/home/beiming/Videos/成龙历险记1-5季 4K修复版/[BASIGN]53.重新加入龙小队.mp4", flags="append", index="-1", options=""]
[   0.070][v][autoload] Adding /home/beiming/Videos/成龙历险记1-5季 4K修复版/[BASIGN]54.魔力的爆发.mp4
[   0.070][d][cplayer] Run command: loadfile, flags=64, args=[url="/home/beiming/Videos/成龙历险记1-5季 4K修复版/[BASIGN]54.魔力的爆发.mp4", flags="append", index="-1", options=""]
[   0.070][v][autoload] Adding /home/beiming/Videos/成龙历险记1-5季 4K修复版/[BASIGN]55.两个龙叔.mp4
[   0.070][d][cplayer] Run command: loadfile, flags=64, args=[url="/home/beiming/Videos/成龙历险记1-5季 4K修复版/[BASIGN]55.两个龙叔.mp4", flags="append", index="-1", options=""]
[   0.070][v][autoload] Adding /home/beiming/Videos/成龙历险记1-5季 4K修复版/[BASIGN]56.争鼠记.mp4
[   0.070][d][cplayer] Run command: loadfile, flags=64, args=[url="/home/beiming/Videos/成龙历险记1-5季 4K修复版/[BASIGN]56.争鼠记.mp4", flags="append", index="-1", options=""]
[   0.070][v][autoload] Adding /home/beiming/Videos/成龙历险记1-5季 4K修复版/[BASIGN]57.顽皮的猴子.mp4
[   0.070][d][cplayer] Run command: loadfile, flags=64, args=[url="/home/beiming/Videos/成龙历险记1-5季 4K修复版/[BASIGN]57.顽皮的猴子.mp4", flags="append", index="-1", options=""]
[   0.070][v][autoload] Adding /home/beiming/Videos/成龙历险记1-5季 4K修复版/[BASIGN]58.会飞的猪.mp4
[   0.070][d][demux] Trying demuxer: lavf (force-level: normal)
[   0.070][d][cplayer] Run command: loadfile, flags=64, args=[url="/home/beiming/Videos/成龙历险记1-5季 4K修复版/[BASIGN]58.会飞的猪.mp4", flags="append", index="-1", options=""]
[   0.070][v][autoload] Adding /home/beiming/Videos/成龙历险记1-5季 4K修复版/[BASIGN]59.兔子跑了.mp4
[   0.070][d][cplayer] Run command: loadfile, flags=64, args=[url="/home/beiming/Videos/成龙历险记1-5季 4K修复版/[BASIGN]59.兔子跑了.mp4", flags="append", index="-1", options=""]
[   0.070][v][autoload] Adding /home/beiming/Videos/成龙历险记1-5季 4K修复版/[BASIGN]60.睡梦中出窍的羊.mp4
[   0.070][d][cplayer] Run command: loadfile, flags=64, args=[url="/home/beiming/Videos/成龙历险记1-5季 4K修复版/[BASIGN]60.睡梦中出窍的羊.mp4", flags="append", index="-1", options=""]
[   0.070][v][autoload] Adding /home/beiming/Videos/成龙历险记1-5季 4K修复版/[BASIGN]61.隐身妈妈.mp4
[   0.070][d][cplayer] Run command: loadfile, flags=64, args=[url="/home/beiming/Videos/成龙历险记1-5季 4K修复版/[BASIGN]61.隐身妈妈.mp4", flags="append", index="-1", options=""]
[   0.070][v][autoload] Adding /home/beiming/Videos/成龙历险记1-5季 4K修复版/[BASIGN]62.龙小组的圣诞节.mp4
[   0.070][d][cplayer] Run command: loadfile, flags=64, args=[url="/home/beiming/Videos/成龙历险记1-5季 4K修复版/[BASIGN]62.龙小组的圣诞节.mp4", flags="append", index="-1", options=""]
[   0.070][v][autoload] Adding /home/beiming/Videos/成龙历险记1-5季 4K修复版/[BASIGN]63.小瓦龙和大小玉.mp4
[   0.070][d][cplayer] Run command: loadfile, flags=64, args=[url="/home/beiming/Videos/成龙历险记1-5季 4K修复版/[BASIGN]63.小瓦龙和大小玉.mp4", flags="append", index="-1", options=""]
[   0.070][v][autoload] Adding /home/beiming/Videos/成龙历险记1-5季 4K修复版/[BASIGN]64.牛首事件.mp4
[   0.070][d][cplayer] Run command: loadfile, flags=64, args=[url="/home/beiming/Videos/成龙历险记1-5季 4K修复版/[BASIGN]64.牛首事件.mp4", flags="append", index="-1", options=""]
[   0.070][v][autoload] Adding /home/beiming/Videos/成龙历险记1-5季 4K修复版/[BASIGN]65.狂乱的动物.mp4
[   0.071][d][cplayer] Run command: loadfile, flags=64, args=[url="/home/beiming/Videos/成龙历险记1-5季 4K修复版/[BASIGN]65.狂乱的动物.mp4", flags="append", index="-1", options=""]
[   0.071][v][autoload] Adding /home/beiming/Videos/成龙历险记1-5季 4K修复版/[BASIGN]66.特鲁是谁.mp4
[   0.071][d][cplayer] Run command: loadfile, flags=64, args=[url="/home/beiming/Videos/成龙历险记1-5季 4K修复版/[BASIGN]66.特鲁是谁.mp4", flags="append", index="-1", options=""]
[   0.071][v][autoload] Adding /home/beiming/Videos/成龙历险记1-5季 4K修复版/[BASIGN]67.龙的再现.mp4
[   0.071][d][cplayer] Run command: loadfile, flags=64, args=[url="/home/beiming/Videos/成龙历险记1-5季 4K修复版/[BASIGN]67.龙的再现.mp4", flags="append", index="-1", options=""]
[   0.071][v][autoload] Adding /home/beiming/Videos/成龙历险记1-5季 4K修复版/[BASIGN]68.歌剧院之夜.mp4
[   0.071][d][cplayer] Run command: loadfile, flags=64, args=[url="/home/beiming/Videos/成龙历险记1-5季 4K修复版/[BASIGN]68.歌剧院之夜.mp4", flags="append", index="-1", options=""]
[   0.071][v][autoload] Adding /home/beiming/Videos/成龙历险记1-5季 4K修复版/[BASIGN]69.克隆龙小组.mp4
[   0.071][d][cplayer] Run command: loadfile, flags=64, args=[url="/home/beiming/Videos/成龙历险记1-5季 4K修复版/[BASIGN]69.克隆龙小组.mp4", flags="append", index="-1", options=""]
[   0.071][v][autoload] Adding /home/beiming/Videos/成龙历险记1-5季 4K修复版/[BASIGN]70.黑影兵团的面具.mp4
[   0.071][d][cplayer] Run command: loadfile, flags=64, args=[url="/home/beiming/Videos/成龙历险记1-5季 4K修复版/[BASIGN]70.黑影兵团的面具.mp4", flags="append", index="-1", options=""]
[   0.071][v][autoload] Adding /home/beiming/Videos/成龙历险记1-5季 4K修复版/[BASIGN]71.拉苏变成了武士.mp4
[   0.071][d][cplayer] Run command: loadfile, flags=64, args=[url="/home/beiming/Videos/成龙历险记1-5季 4K修复版/[BASIGN]71.拉苏变成了武士.mp4", flags="append", index="-1", options=""]
[   0.071][v][autoload] Adding /home/beiming/Videos/成龙历险记1-5季 4K修复版/[BASIGN]72.出色的T军团.mp4
[   0.071][d][cplayer] Run command: loadfile, flags=64, args=[url="/home/beiming/Videos/成龙历险记1-5季 4K修复版/[BASIGN]72.出色的T军团.mp4", flags="append", index="-1", options=""]
[   0.071][v][autoload] Adding /home/beiming/Videos/成龙历险记1-5季 4K修复版/[BASIGN]73.布莱克警长的法力.mp4
[   0.071][d][cplayer] Run command: loadfile, flags=64, args=[url="/home/beiming/Videos/成龙历险记1-5季 4K修复版/[BASIGN]73.布莱克警长的法力.mp4", flags="append", index="-1", options=""]
[   0.071][v][autoload] Adding /home/beiming/Videos/成龙历险记1-5季 4K修复版/[BASIGN]74.黑影追踪.mp4
[   0.071][d][cplayer] Run command: loadfile, flags=64, args=[url="/home/beiming/Videos/成龙历险记1-5季 4K修复版/[BASIGN]74.黑影追踪.mp4", flags="append", index="-1", options=""]
[   0.071][v][autoload] Adding /home/beiming/Videos/成龙历险记1-5季 4K修复版/[BASIGN]75.万圣节夜战.mp4
[   0.071][d][cplayer] Run command: loadfile, flags=64, args=[url="/home/beiming/Videos/成龙历险记1-5季 4K修复版/[BASIGN]75.万圣节夜战.mp4", flags="append", index="-1", options=""]
[   0.071][v][autoload] Adding /home/beiming/Videos/成龙历险记1-5季 4K修复版/[BASIGN]76.半个功夫面具.mp4
[   0.071][d][cplayer] Run command: loadfile, flags=64, args=[url="/home/beiming/Videos/成龙历险记1-5季 4K修复版/[BASIGN]76.半个功夫面具.mp4", flags="append", index="-1", options=""]
[   0.071][v][autoload] Adding /home/beiming/Videos/成龙历险记1-5季 4K修复版/[BASIGN]77.食影人.mp4
[   0.071][d][cplayer] Run command: loadfile, flags=64, args=[url="/home/beiming/Videos/成龙历险记1-5季 4K修复版/[BASIGN]77.食影人.mp4", flags="append", index="-1", options=""]
[   0.071][v][autoload] Adding /home/beiming/Videos/成龙历险记1-5季 4K修复版/[BASIGN]78.学做好人.mp4
[   0.071][d][cplayer] Run command: loadfile, flags=64, args=[url="/home/beiming/Videos/成龙历险记1-5季 4K修复版/[BASIGN]78.学做好人.mp4", flags="append", index="-1", options=""]
[   0.071][v][autoload] Adding /home/beiming/Videos/成龙历险记1-5季 4K修复版/[BASIGN]79.记忆宝石之争.mp4
[   0.071][d][cplayer] Run command: loadfile, flags=64, args=[url="/home/beiming/Videos/成龙历险记1-5季 4K修复版/[BASIGN]79.记忆宝石之争.mp4", flags="append", index="-1", options=""]
[   0.071][v][autoload] Adding /home/beiming/Videos/成龙历险记1-5季 4K修复版/[BASIGN]80.两个小玉.mp4
[   0.071][d][cplayer] Run command: loadfile, flags=64, args=[url="/home/beiming/Videos/成龙历险记1-5季 4K修复版/[BASIGN]80.两个小玉.mp4", flags="append", index="-1", options=""]
[   0.071][v][autoload] Adding /home/beiming/Videos/成龙历险记1-5季 4K修复版/[BASIGN]81.小鬼大盗.mp4
[   0.071][d][cplayer] Run command: loadfile, flags=64, args=[url="/home/beiming/Videos/成龙历险记1-5季 4K修复版/[BASIGN]81.小鬼大盗.mp4", flags="append", index="-1", options=""]
[   0.071][v][autoload] Adding /home/beiming/Videos/成龙历险记1-5季 4K修复版/[BASIGN]82.忍者暮光.mp4
[   0.071][d][cplayer] Run command: loadfile, flags=64, args=[url="/home/beiming/Videos/成龙历险记1-5季 4K修复版/[BASIGN]82.忍者暮光.mp4", flags="append", index="-1", options=""]
[   0.071][v][autoload] Adding /home/beiming/Videos/成龙历险记1-5季 4K修复版/[BASIGN]83.纸扇之谜.mp4
[   0.071][d][cplayer] Run command: loadfile, flags=64, args=[url="/home/beiming/Videos/成龙历险记1-5季 4K修复版/[BASIGN]83.纸扇之谜.mp4", flags="append", index="-1", options=""]
[   0.071][v][autoload] Adding /home/beiming/Videos/成龙历险记1-5季 4K修复版/[BASIGN]84.小岛之旅.mp4
[   0.071][d][cplayer] Run command: loadfile, flags=64, args=[url="/home/beiming/Videos/成龙历险记1-5季 4K修复版/[BASIGN]84.小岛之旅.mp4", flags="append", index="-1", options=""]
[   0.071][v][autoload] Adding /home/beiming/Videos/成龙历险记1-5季 4K修复版/[BASIGN]85.双魔出击.mp4
[   0.071][d][cplayer] Run command: loadfile, flags=64, args=[url="/home/beiming/Videos/成龙历险记1-5季 4K修复版/[BASIGN]85.双魔出击.mp4", flags="append", index="-1", options=""]
[   0.071][v][autoload] Adding /home/beiming/Videos/成龙历险记1-5季 4K修复版/[BASIGN]86.童子军探险记.mp4
[   0.071][d][cplayer] Run command: loadfile, flags=64, args=[url="/home/beiming/Videos/成龙历险记1-5季 4K修复版/[BASIGN]86.童子军探险记.mp4", flags="append", index="-1", options=""]
[   0.071][v][autoload] Adding /home/beiming/Videos/成龙历险记1-5季 4K修复版/[BASIGN]87.翅膀下的魔变.mp4
[   0.071][d][cplayer] Run command: loadfile, flags=64, args=[url="/home/beiming/Videos/成龙历险记1-5季 4K修复版/[BASIGN]87.翅膀下的魔变.mp4", flags="append", index="-1", options=""]
[   0.071][v][autoload] Adding /home/beiming/Videos/成龙历险记1-5季 4K修复版/[BASIGN]88.镜子镜子.mp4
[   0.071][d][cplayer] Run command: loadfile, flags=64, args=[url="/home/beiming/Videos/成龙历险记1-5季 4K修复版/[BASIGN]88.镜子镜子.mp4", flags="append", index="-1", options=""]
[   0.071][v][autoload] Adding /home/beiming/Videos/成龙历险记1-5季 4K修复版/[BASIGN]89.驼鹿行动.mp4
[   0.071][d][cplayer] Run command: loadfile, flags=64, args=[url="/home/beiming/Videos/成龙历险记1-5季 4K修复版/[BASIGN]89.驼鹿行动.mp4", flags="append", index="-1", options=""]
[   0.071][v][autoload] Adding /home/beiming/Videos/成龙历险记1-5季 4K修复版/[BASIGN]90.海底探险.mp4
[   0.071][d][cplayer] Run command: loadfile, flags=64, args=[url="/home/beiming/Videos/成龙历险记1-5季 4K修复版/[BASIGN]90.海底探险.mp4", flags="append", index="-1", options=""]
[   0.071][v][autoload] Adding /home/beiming/Videos/成龙历险记1-5季 4K修复版/[BASIGN]91.雷电危机.mp4
[   0.071][d][cplayer] Run command: loadfile, flags=64, args=[url="/home/beiming/Videos/成龙历险记1-5季 4K修复版/[BASIGN]91.雷电危机.mp4", flags="append", index="-1", options=""]
[   0.071][v][autoload] Adding /home/beiming/Videos/成龙历险记1-5季 4K修复版/[BASIGN]92.特鲁的烦恼.mp4
[   0.071][d][cplayer] Run command: loadfile, flags=64, args=[url="/home/beiming/Videos/成龙历险记1-5季 4K修复版/[BASIGN]92.特鲁的烦恼.mp4", flags="append", index="-1", options=""]
[   0.071][v][autoload] Adding /home/beiming/Videos/成龙历险记1-5季 4K修复版/[BASIGN]93.故地重游.mp4
[   0.071][d][cplayer] Run command: loadfile, flags=64, args=[url="/home/beiming/Videos/成龙历险记1-5季 4K修复版/[BASIGN]93.故地重游.mp4", flags="append", index="-1", options=""]
[   0.071][v][autoload] Adding /home/beiming/Videos/成龙历险记1-5季 4K修复版/[BASIGN]94.智斗小龙【上】.mp4
[   0.071][d][cplayer] Run command: loadfile, flags=64, args=[url="/home/beiming/Videos/成龙历险记1-5季 4K修复版/[BASIGN]94.智斗小龙【上】.mp4", flags="append", index="-1", options=""]
[   0.071][v][autoload] Adding /home/beiming/Videos/成龙历险记1-5季 4K修复版/[BASIGN]95.智斗小龙【下】.mp4
[   0.071][d][cplayer] Run command: loadfile, flags=64, args=[url="/home/beiming/Videos/成龙历险记1-5季 4K修复版/[BASIGN]95.智斗小龙【下】.mp4", flags="append", index="-1", options=""]
[   0.073][v][lavf] Found 'mov,mp4,m4a,3gp,3g2,mj2' at score=100 size=2048.
[   0.073][v][file] stream level seek from 131072 to 1018939401
[   0.095][v][demux] Detected file format: mov,mp4,m4a,3gp,3g2,mj2 (libavformat)
[   0.095][d][global] config path: 'cache/stream_cache' -> '/home/beiming/.config/mpv/cache/stream_cache'
[   0.095][d][global] user path: '~~/cache/stream_cache' -> '/home/beiming/.config/mpv/cache/stream_cache'
[   0.095][v][cplayer] Opening done: /home/beiming/Videos/成龙历险记1-5季 4K修复版/[BASIGN]21.魔兽的诅咒.mp4
[   0.096][v][find_files] Loading external files in /home/beiming/Videos/成龙历险记1-5季 4K修复版/
[   0.096][d][global] config path: 'sub' -/-> '/home/beiming/.config/mpv/sub'
[   0.096][d][global] config path: 'sub' -/-> '/home/beiming/.mpv/sub'
[   0.096][d][global] config path: 'sub' -/-> '/etc/mpv/sub'
[   0.096][v][cplayer] Running hook: auto_profiles/on_preloaded
[   0.096][v][cplayer] Failed sending hook command auto_profiles/on_preloaded. Removing hook.
[   0.096][v][cplayer] Running hook: ytdl_hook/on_preloaded
[   0.096][v][lavf] select track 0
[   0.096][v][lavf] select track 1
[   0.096][i][cplayer]  ● Video  --vid=1  (h264 2560x1920 25 fps) [default]
[   0.096][i][cplayer]  ● Audio  --aid=1  (aac 2ch 48000 Hz 192 kbps) [default]
[   0.097][v][vo/gpu-next/vulkan] Initializing GPU context 'waylandvk'
[   0.097][v][vo/gpu-next/libplacebo] Initialized libplacebo v7.360.1 (API v360)
[   0.099][d][vo/gpu-next/libplacebo] Available instance version: 1.4.357
[   0.099][d][vo/gpu-next/libplacebo] Spent 0.811 ms enumerating instance layers
[   0.099][d][vo/gpu-next/libplacebo] Available layers:
[   0.099][d][vo/gpu-next/libplacebo]     VK_LAYER_VALVE_steam_overlay_32 (v1.3.207)
[   0.099][d][vo/gpu-next/libplacebo]     VK_LAYER_VALVE_steam_overlay_64 (v1.3.207)
[   0.099][d][vo/gpu-next/libplacebo]     VK_LAYER_VALVE_steam_fossilize_32 (v1.3.207)
[   0.099][d][vo/gpu-next/libplacebo]     VK_LAYER_VALVE_steam_fossilize_64 (v1.3.207)
[   0.099][d][vo/gpu-next/libplacebo]     VK_LAYER_MESA_anti_lag (v1.4.303)
[   0.099][d][vo/gpu-next/libplacebo]     VK_LAYER_MESA_device_select (v1.4.303)
[   0.099][d][vo/gpu-next/libplacebo]     VK_LAYER_MANGOHUD_overlay_x86_64 (v1.3.0)
[   0.099][d][vo/gpu-next/libplacebo]     VK_LAYER_NV_optimus (v1.4.341)
[   0.099][d][vo/gpu-next/libplacebo]     VK_LAYER_NV_present (v1.4.341)
[   0.232][v][vo/gpu-next/libplacebo] Spent 132.825 ms enumerating instance extensions (slow!)
[   0.232][d][vo/gpu-next/libplacebo] Available instance extensions:
[   0.232][d][vo/gpu-next/libplacebo]     VK_KHR_device_group_creation
[   0.232][d][vo/gpu-next/libplacebo]     VK_KHR_display
[   0.232][d][vo/gpu-next/libplacebo]     VK_KHR_external_fence_capabilities
[   0.232][d][vo/gpu-next/libplacebo]     VK_KHR_external_memory_capabilities
[   0.232][d][vo/gpu-next/libplacebo]     VK_KHR_external_semaphore_capabilities
[   0.232][d][vo/gpu-next/libplacebo]     VK_KHR_get_display_properties2
[   0.232][d][vo/gpu-next/libplacebo]     VK_KHR_get_physical_device_properties2
[   0.232][d][vo/gpu-next/libplacebo]     VK_KHR_get_surface_capabilities2
[   0.232][d][vo/gpu-next/libplacebo]     VK_KHR_surface
[   0.232][d][vo/gpu-next/libplacebo]     VK_KHR_surface_protected_capabilities
[   0.232][d][vo/gpu-next/libplacebo]     VK_KHR_wayland_surface
[   0.232][d][vo/gpu-next/libplacebo]     VK_KHR_xcb_surface
[   0.232][d][vo/gpu-next/libplacebo]     VK_KHR_xlib_surface
[   0.232][d][vo/gpu-next/libplacebo]     VK_EXT_acquire_drm_display
[   0.232][d][vo/gpu-next/libplacebo]     VK_EXT_acquire_xlib_display
[   0.232][d][vo/gpu-next/libplacebo]     VK_EXT_debug_report
[   0.232][d][vo/gpu-next/libplacebo]     VK_EXT_debug_utils
[   0.232][d][vo/gpu-next/libplacebo]     VK_EXT_direct_mode_display
[   0.232][d][vo/gpu-next/libplacebo]     VK_EXT_display_surface_counter
[   0.232][d][vo/gpu-next/libplacebo]     VK_EXT_headless_surface
[   0.232][d][vo/gpu-next/libplacebo]     VK_KHR_surface_maintenance1
[   0.232][d][vo/gpu-next/libplacebo]     VK_EXT_surface_maintenance1
[   0.232][d][vo/gpu-next/libplacebo]     VK_EXT_swapchain_colorspace
[   0.232][d][vo/gpu-next/libplacebo]     VK_NV_display_stereo
[   0.232][d][vo/gpu-next/libplacebo]     VK_KHR_portability_enumeration
[   0.233][d][vo/gpu-next/libplacebo]     VK_LUNARG_direct_driver_loading
[   0.233][d][vo/gpu-next/libplacebo]     VK_EXT_layer_settings
[   0.233][v][vo/gpu-next/libplacebo] Creating vulkan instance with extensions:
[   0.233][v][vo/gpu-next/libplacebo]     VK_KHR_surface
[   0.233][v][vo/gpu-next/libplacebo]     VK_EXT_swapchain_colorspace
[   0.233][v][vo/gpu-next/libplacebo]     VK_KHR_get_surface_capabilities2
[   0.233][v][vo/gpu-next/libplacebo]     VK_KHR_surface_maintenance1
[   0.233][v][vo/gpu-next/libplacebo]     VK_EXT_surface_maintenance1
[   0.233][v][vo/gpu-next/libplacebo]     VK_KHR_portability_enumeration
[   0.233][v][vo/gpu-next/libplacebo]     VK_KHR_surface
[   0.233][v][vo/gpu-next/libplacebo]     VK_KHR_wayland_surface
[   0.251][v][vo/gpu-next/libplacebo] Spent 18.992 ms creating vulkan instance
[   0.255][v][vo/gpu-next/wayland] Registered interface wl_compositor at version 6
[   0.255][v][vo/gpu-next/wayland] Registered interface zwp_tablet_manager_v2 at version 1
[   0.255][v][vo/gpu-next/wayland] Registered interface zxdg_decoration_manager_v1 at version 1
[   0.255][v][vo/gpu-next/wayland] Registered interface wp_viewporter at version 1
[   0.255][v][vo/gpu-next/wayland] Registered interface wp_fractional_scale_manager_v1 at version 1
[   0.255][v][vo/gpu-next/wayland] Registered interface wl_shm at version 1
[   0.255][v][vo/gpu-next/wayland] Registered interface wl_seat at version 8
[   0.255][v][vo/gpu-next/wayland] Registered interface wl_data_device_manager at version 3
[   0.255][v][vo/gpu-next/wayland] Registered interface wp_cursor_shape_manager_v1 at version 2
[   0.255][v][vo/gpu-next/wayland] Registered interface zwp_idle_inhibit_manager_v1 at version 1
[   0.255][v][vo/gpu-next/wayland] Registered interface wl_subcompositor at version 1
[   0.255][v][vo/gpu-next/wayland] Registered interface xdg_activation_v1 at version 1
[   0.255][v][vo/gpu-next/wayland] Registered interface wp_content_type_manager_v1 at version 1
[   0.255][v][vo/gpu-next/wayland] Registered interface wp_presentation at version 2
[   0.255][v][vo/gpu-next/wayland] Registered interface wp_color_manager_v1 at version 2
[   0.255][v][vo/gpu-next/wayland] Registered interface wp_fifo_manager_v1 at version 1
[   0.255][v][vo/gpu-next/wayland] Registered interface wp_single_pixel_buffer_manager_v1 at version 1
[   0.255][v][vo/gpu-next/wayland] Registered interface wp_color_representation_manager_v1 at version 1
[   0.255][v][vo/gpu-next/wayland] Registered interface zwp_linux_dmabuf_v1 at version 4
[   0.255][v][vo/gpu-next/wayland] Registered interface xdg_wm_base at version 6
[   0.255][v][vo/gpu-next/wayland] Registered interface wl_output at version 4
[   0.255][v][vo/gpu-next/wayland] Registered interface zwp_text_input_manager_v3 at version 1
[   0.255][v][vo/gpu-next/wayland] Activating window with token: 'kwin-4'
[   0.256][v][vo/gpu-next/wayland] Compositor supports parametric image description creator.
[   0.256][v][vo/gpu-next/wayland] Compositor supports setting mastering display primaries.
[   0.256][d][vo/gpu-next/wayland] Querying available drm format and modifier pairs from tranche on device '57985'
[   0.256][d][vo/gpu-next/wayland] Compositor supports drm format: 'AB30(0000000000000000)'
[   0.256][d][vo/gpu-next/wayland] Compositor supports drm format: 'AB30(0100000000000001)'
[   0.256][d][vo/gpu-next/wayland] Compositor supports drm format: 'AB30(0100000000000002)'
[   0.256][d][vo/gpu-next/wayland] Compositor supports drm format: 'AB30(0100000000000006)'
[   0.256][d][vo/gpu-next/wayland] Compositor supports drm format: 'AB30(0100000000000008)'
[   0.256][d][vo/gpu-next/wayland] Compositor supports drm format: 'AB30(00ffffffffffffff)'
[   0.256][d][vo/gpu-next/wayland] Compositor supports drm format: 'XB30(0000000000000000)'
[   0.256][d][vo/gpu-next/wayland] Compositor supports drm format: 'XB30(0100000000000001)'
[   0.256][d][vo/gpu-next/wayland] Compositor supports drm format: 'XB30(0100000000000002)'
[   0.256][d][vo/gpu-next/wayland] Compositor supports drm format: 'XB30(0100000000000006)'
[   0.256][d][vo/gpu-next/wayland] Compositor supports drm format: 'XB30(0100000000000008)'
[   0.256][d][vo/gpu-next/wayland] Compositor supports drm format: 'XB30(00ffffffffffffff)'
[   0.256][d][vo/gpu-next/wayland] Compositor supports drm format: 'XR30(0000000000000000)'
[   0.256][d][vo/gpu-next/wayland] Compositor supports drm format: 'XR30(0100000000000001)'
[   0.256][d][vo/gpu-next/wayland] Compositor supports drm format: 'XR30(0100000000000002)'
[   0.256][d][vo/gpu-next/wayland] Compositor supports drm format: 'XR30(0100000000000006)'
[   0.256][d][vo/gpu-next/wayland] Compositor supports drm format: 'XR30(0100000000000008)'
[   0.256][d][vo/gpu-next/wayland] Compositor supports drm format: 'XR30(00ffffffffffffff)'
[   0.256][d][vo/gpu-next/wayland] Compositor supports drm format: 'AR30(0000000000000000)'
[   0.256][d][vo/gpu-next/wayland] Compositor supports drm format: 'AR30(0100000000000001)'
[   0.256][d][vo/gpu-next/wayland] Compositor supports drm format: 'AR30(0100000000000002)'
[   0.256][d][vo/gpu-next/wayland] Compositor supports drm format: 'AR30(0100000000000006)'
[   0.256][d][vo/gpu-next/wayland] Compositor supports drm format: 'AR30(0100000000000008)'
[   0.256][d][vo/gpu-next/wayland] Compositor supports drm format: 'AR30(00ffffffffffffff)'
[   0.256][d][vo/gpu-next/wayland] Querying available drm format and modifier pairs from tranche on device '57985'
[   0.256][d][vo/gpu-next/wayland] Compositor supports drm format: 'AR24(0000000000000000)'
[   0.256][d][vo/gpu-next/wayland] Compositor supports drm format: 'AR24(0100000000000001)'
[   0.256][d][vo/gpu-next/wayland] Compositor supports drm format: 'AR24(0100000000000002)'
[   0.256][d][vo/gpu-next/wayland] Compositor supports drm format: 'AR24(0100000000000006)'
[   0.256][d][vo/gpu-next/wayland] Compositor supports drm format: 'AR24(0100000000000008)'
[   0.256][d][vo/gpu-next/wayland] Compositor supports drm format: 'AR24(00ffffffffffffff)'
[   0.256][d][vo/gpu-next/wayland] Compositor supports drm format: 'XR24(0000000000000000)'
[   0.256][d][vo/gpu-next/wayland] Compositor supports drm format: 'XR24(0100000000000001)'
[   0.256][d][vo/gpu-next/wayland] Compositor supports drm format: 'XR24(0100000000000002)'
[   0.256][d][vo/gpu-next/wayland] Compositor supports drm format: 'XR24(0100000000000006)'
[   0.256][d][vo/gpu-next/wayland] Compositor supports drm format: 'XR24(0100000000000008)'
[   0.256][d][vo/gpu-next/wayland] Compositor supports drm format: 'XR24(00ffffffffffffff)'
[   0.256][d][vo/gpu-next/wayland] Compositor supports drm format: 'AB24(0000000000000000)'
[   0.256][d][vo/gpu-next/wayland] Compositor supports drm format: 'AB24(0100000000000001)'
[   0.256][d][vo/gpu-next/wayland] Compositor supports drm format: 'AB24(0100000000000002)'
[   0.256][d][vo/gpu-next/wayland] Compositor supports drm format: 'AB24(0100000000000006)'
[   0.256][d][vo/gpu-next/wayland] Compositor supports drm format: 'AB24(0100000000000008)'
[   0.256][d][vo/gpu-next/wayland] Compositor supports drm format: 'AB24(00ffffffffffffff)'
[   0.256][d][vo/gpu-next/wayland] Compositor supports drm format: 'XB24(0000000000000000)'
[   0.256][d][vo/gpu-next/wayland] Compositor supports drm format: 'XB24(0100000000000001)'
[   0.256][d][vo/gpu-next/wayland] Compositor supports drm format: 'XB24(0100000000000002)'
[   0.256][d][vo/gpu-next/wayland] Compositor supports drm format: 'XB24(0100000000000006)'
[   0.256][d][vo/gpu-next/wayland] Compositor supports drm format: 'XB24(0100000000000008)'
[   0.256][d][vo/gpu-next/wayland] Compositor supports drm format: 'XB24(00ffffffffffffff)'
[   0.256][d][vo/gpu-next/wayland] Querying available drm format and modifier pairs from tranche on device '57985'
[   0.256][d][vo/gpu-next/wayland] Compositor supports drm format: 'P010(0000000000000000)'
[   0.256][d][vo/gpu-next/wayland] Compositor supports drm format: 'P010(0100000000000001)'
[   0.256][d][vo/gpu-next/wayland] Compositor supports drm format: 'P010(0100000000000002)'
[   0.256][d][vo/gpu-next/wayland] Compositor supports drm format: 'P010(00ffffffffffffff)'
[   0.256][d][vo/gpu-next/wayland] Compositor supports drm format: 'R16 (0000000000000000)'
[   0.256][d][vo/gpu-next/wayland] Compositor supports drm format: 'R16 (0100000000000001)'
[   0.256][d][vo/gpu-next/wayland] Compositor supports drm format: 'R16 (0100000000000002)'
[   0.256][d][vo/gpu-next/wayland] Compositor supports drm format: 'R16 (0100000000000006)'
[   0.256][d][vo/gpu-next/wayland] Compositor supports drm format: 'R16 (0100000000000008)'
[   0.256][d][vo/gpu-next/wayland] Compositor supports drm format: 'R16 (00ffffffffffffff)'
[   0.256][d][vo/gpu-next/wayland] Compositor supports drm format: 'GR32(0000000000000000)'
[   0.256][d][vo/gpu-next/wayland] Compositor supports drm format: 'GR32(0100000000000001)'
[   0.256][d][vo/gpu-next/wayland] Compositor supports drm format: 'GR32(0100000000000002)'
[   0.256][d][vo/gpu-next/wayland] Compositor supports drm format: 'GR32(0100000000000006)'
[   0.256][d][vo/gpu-next/wayland] Compositor supports drm format: 'GR32(0100000000000008)'
[   0.256][d][vo/gpu-next/wayland] Compositor supports drm format: 'GR32(00ffffffffffffff)'
[   0.256][d][vo/gpu-next/wayland] Compositor supports drm format: 'AB48(0000000000000000)'
[   0.256][d][vo/gpu-next/wayland] Compositor supports drm format: 'AB48(0100000000000001)'
[   0.256][d][vo/gpu-next/wayland] Compositor supports drm format: 'AB48(0100000000000002)'
[   0.256][d][vo/gpu-next/wayland] Compositor supports drm format: 'AB48(0100000000000006)'
[   0.256][d][vo/gpu-next/wayland] Compositor supports drm format: 'AB48(0100000000000008)'
[   0.256][d][vo/gpu-next/wayland] Compositor supports drm format: 'AB48(00ffffffffffffff)'
[   0.256][d][vo/gpu-next/wayland] Compositor supports drm format: 'R8  (0000000000000000)'
[   0.256][d][vo/gpu-next/wayland] Compositor supports drm format: 'R8  (0100000000000001)'
[   0.256][d][vo/gpu-next/wayland] Compositor supports drm format: 'R8  (0100000000000002)'
[   0.256][d][vo/gpu-next/wayland] Compositor supports drm format: 'R8  (0100000000000006)'
[   0.256][d][vo/gpu-next/wayland] Compositor supports drm format: 'R8  (0100000000000008)'
[   0.256][d][vo/gpu-next/wayland] Compositor supports drm format: 'R8  (00ffffffffffffff)'
[   0.256][d][vo/gpu-next/wayland] Compositor supports drm format: 'NV12(0000000000000000)'
[   0.256][d][vo/gpu-next/wayland] Compositor supports drm format: 'NV12(0100000000000001)'
[   0.256][d][vo/gpu-next/wayland] Compositor supports drm format: 'NV12(0100000000000002)'
[   0.256][d][vo/gpu-next/wayland] Compositor supports drm format: 'NV12(00ffffffffffffff)'
[   0.256][d][vo/gpu-next/wayland] Compositor supports drm format: 'AB4H(0000000000000000)'
[   0.256][d][vo/gpu-next/wayland] Compositor supports drm format: 'AB4H(0100000000000001)'
[   0.256][d][vo/gpu-next/wayland] Compositor supports drm format: 'AB4H(0100000000000002)'
[   0.256][d][vo/gpu-next/wayland] Compositor supports drm format: 'AB4H(0100000000000006)'
[   0.256][d][vo/gpu-next/wayland] Compositor supports drm format: 'AB4H(0100000000000008)'
[   0.256][d][vo/gpu-next/wayland] Compositor supports drm format: 'AB4H(00ffffffffffffff)'
[   0.256][d][vo/gpu-next/wayland] Compositor supports drm format: 'RG16(0000000000000000)'
[   0.256][d][vo/gpu-next/wayland] Compositor supports drm format: 'RG16(0100000000000001)'
[   0.256][d][vo/gpu-next/wayland] Compositor supports drm format: 'RG16(0100000000000002)'
[   0.256][d][vo/gpu-next/wayland] Compositor supports drm format: 'RG16(0100000000000006)'
[   0.256][d][vo/gpu-next/wayland] Compositor supports drm format: 'RG16(0100000000000008)'
[   0.256][d][vo/gpu-next/wayland] Compositor supports drm format: 'RG16(00ffffffffffffff)'
[   0.256][d][vo/gpu-next/wayland] Compositor supports drm format: 'GR88(0000000000000000)'
[   0.256][d][vo/gpu-next/wayland] Compositor supports drm format: 'GR88(0100000000000001)'
[   0.256][d][vo/gpu-next/wayland] Compositor supports drm format: 'GR88(0100000000000002)'
[   0.256][d][vo/gpu-next/wayland] Compositor supports drm format: 'GR88(0100000000000006)'
[   0.256][d][vo/gpu-next/wayland] Compositor supports drm format: 'GR88(0100000000000008)'
[   0.256][d][vo/gpu-next/wayland] Compositor supports drm format: 'GR88(00ffffffffffffff)'
[   0.256][d][vo/gpu-next/wayland] Compositor supports drm format: 'AR15(0000000000000000)'
[   0.256][d][vo/gpu-next/wayland] Compositor supports drm format: 'AR15(0100000000000001)'
[   0.256][d][vo/gpu-next/wayland] Compositor supports drm format: 'AR15(0100000000000002)'
[   0.256][d][vo/gpu-next/wayland] Compositor supports drm format: 'AR15(0100000000000006)'
[   0.256][d][vo/gpu-next/wayland] Compositor supports drm format: 'AR15(0100000000000008)'
[   0.257][d][vo/gpu-next/wayland] Compositor supports drm format: 'AR15(00ffffffffffffff)'
[   0.257][d][vo/gpu-next/wayland] Compositor supports drm format: 'XB4H(0000000000000000)'
[   0.257][d][vo/gpu-next/wayland] Compositor supports drm format: 'XB4H(0100000000000001)'
[   0.257][d][vo/gpu-next/wayland] Compositor supports drm format: 'XB4H(0100000000000002)'
[   0.257][d][vo/gpu-next/wayland] Compositor supports drm format: 'XB4H(0100000000000006)'
[   0.257][d][vo/gpu-next/wayland] Compositor supports drm format: 'XB4H(0100000000000008)'
[   0.257][d][vo/gpu-next/wayland] Compositor supports drm format: 'XB4H(00ffffffffffffff)'
[   0.257][d][vo/gpu-next/wayland] Compositor supports drm format: 'GR F(0000000000000000)'
[   0.257][d][vo/gpu-next/wayland] Compositor supports drm format: 'GR F(0100000000000001)'
[   0.257][d][vo/gpu-next/wayland] Compositor supports drm format: 'GR F(0100000000000002)'
[   0.257][d][vo/gpu-next/wayland] Compositor supports drm format: 'GR F(0100000000000006)'
[   0.257][d][vo/gpu-next/wayland] Compositor supports drm format: 'GR F(0100000000000008)'
[   0.257][d][vo/gpu-next/wayland] Compositor supports drm format: 'GR F(00ffffffffffffff)'
[   0.257][d][vo/gpu-next/wayland] Compositor supports drm format: 'XB48(0000000000000000)'
[   0.257][d][vo/gpu-next/wayland] Compositor supports drm format: 'XB48(0100000000000001)'
[   0.257][d][vo/gpu-next/wayland] Compositor supports drm format: 'XB48(0100000000000002)'
[   0.257][d][vo/gpu-next/wayland] Compositor supports drm format: 'XB48(0100000000000006)'
[   0.257][d][vo/gpu-next/wayland] Compositor supports drm format: 'XB48(0100000000000008)'
[   0.257][d][vo/gpu-next/wayland] Compositor supports drm format: 'XB48(00ffffffffffffff)'
[   0.257][d][vo/gpu-next/wayland] Compositor supports drm format: 'R  F(0000000000000000)'
[   0.257][d][vo/gpu-next/wayland] Compositor supports drm format: 'R  F(0100000000000001)'
[   0.257][d][vo/gpu-next/wayland] Compositor supports drm format: 'R  F(0100000000000002)'
[   0.257][d][vo/gpu-next/wayland] Compositor supports drm format: 'R  F(0100000000000006)'
[   0.257][d][vo/gpu-next/wayland] Compositor supports drm format: 'R  F(0100000000000008)'
[   0.257][d][vo/gpu-next/wayland] Compositor supports drm format: 'R  F(00ffffffffffffff)'
[   0.257][d][vo/gpu-next/wayland] Compositor supports drm format: 'R  H(0000000000000000)'
[   0.257][d][vo/gpu-next/wayland] Compositor supports drm format: 'R  H(0100000000000001)'
[   0.257][d][vo/gpu-next/wayland] Compositor supports drm format: 'R  H(0100000000000002)'
[   0.257][d][vo/gpu-next/wayland] Compositor supports drm format: 'R  H(0100000000000006)'
[   0.257][d][vo/gpu-next/wayland] Compositor supports drm format: 'R  H(0100000000000008)'
[   0.257][d][vo/gpu-next/wayland] Compositor supports drm format: 'R  H(00ffffffffffffff)'
[   0.257][d][vo/gpu-next/wayland] Compositor supports drm format: 'AR12(0000000000000000)'
[   0.257][d][vo/gpu-next/wayland] Compositor supports drm format: 'AR12(0100000000000001)'
[   0.257][d][vo/gpu-next/wayland] Compositor supports drm format: 'AR12(0100000000000002)'
[   0.257][d][vo/gpu-next/wayland] Compositor supports drm format: 'AR12(0100000000000006)'
[   0.257][d][vo/gpu-next/wayland] Compositor supports drm format: 'AR12(0100000000000008)'
[   0.257][d][vo/gpu-next/wayland] Compositor supports drm format: 'AR12(00ffffffffffffff)'
[   0.257][d][vo/gpu-next/wayland] Compositor supports drm format: 'GR H(0000000000000000)'
[   0.257][d][vo/gpu-next/wayland] Compositor supports drm format: 'GR H(0100000000000001)'
[   0.257][d][vo/gpu-next/wayland] Compositor supports drm format: 'GR H(0100000000000002)'
[   0.257][d][vo/gpu-next/wayland] Compositor supports drm format: 'GR H(0100000000000006)'
[   0.257][d][vo/gpu-next/wayland] Compositor supports drm format: 'GR H(0100000000000008)'
[   0.257][d][vo/gpu-next/wayland] Compositor supports drm format: 'GR H(00ffffffffffffff)'
[   0.257][d][vo/gpu-next/wayland] Compositor supports drm format: 'AB8F(0000000000000000)'
[   0.257][d][vo/gpu-next/wayland] Compositor supports drm format: 'AB8F(0100000000000001)'
[   0.257][d][vo/gpu-next/wayland] Compositor supports drm format: 'AB8F(0100000000000002)'
[   0.257][d][vo/gpu-next/wayland] Compositor supports drm format: 'AB8F(0100000000000006)'
[   0.257][d][vo/gpu-next/wayland] Compositor supports drm format: 'AB8F(0100000000000008)'
[   0.257][d][vo/gpu-next/wayland] Compositor supports drm format: 'AB8F(00ffffffffffffff)'
[   0.257][d][vo/gpu-next/wayland] Compositor supports drm format: 'XYUV(0000000000000000)'
[   0.257][d][vo/gpu-next/wayland] Compositor supports drm format: 'XYUV(0100000000000001)'
[   0.257][d][vo/gpu-next/wayland] Compositor supports drm format: 'XYUV(0100000000000002)'
[   0.257][d][vo/gpu-next/wayland] Compositor supports drm format: 'XYUV(00ffffffffffffff)'
[   0.257][v][vo/gpu-next/wayland] Registered output Chimei Innolux Corporation eDP-1-0x154C (eDP-1) (0x42):
[   0.257][v][vo/gpu-next/wayland] 	x: 0px, y: 0px
[   0.257][v][vo/gpu-next/wayland] 	w: 2560px (344mm), h: 1440px (193mm)
[   0.257][v][vo/gpu-next/wayland] 	transform: 0
[   0.257][v][vo/gpu-next/wayland] 	scale: 2.000000
[   0.257][v][vo/gpu-next/wayland] 	Hz: 60.000000
[   0.257][v][vo/gpu-next/wayland] Preferred surface feedback received:
[   0.257][v][vo/gpu-next/wayland] transfer: gamma2.2, primaries: bt.709
[   0.257][v][vo/gpu-next/wayland] transfer: min_luma=0.200000, max_luma=80.000000, ref_luma=80.000000
[   0.257][v][vo/gpu-next/wayland] target: min_luma=0.200000, max_luma=80.000000, max_cll=80.000000, max_fall=80.000000
[   0.257][v][vo/gpu-next/wayland]         raw prims: red.x=0.640000,   red.y=0.330000,
[   0.257][v][vo/gpu-next/wayland]                    green.x=0.300000, green.y=0.600000,
[   0.257][v][vo/gpu-next/wayland]                    blue.x=0.150000,  blue.y=0.060000,
[   0.257][v][vo/gpu-next/wayland]                    white.x=0.312700, white.y=0.329000
[   0.257][v][vo/gpu-next/wayland] Disabling server decorations
[   0.257][v][vo/gpu-next/wayland] Obtained preferred fractional scale, 1.600000, from the compositor.
[   0.257][v][vo/gpu-next/libplacebo] Probing for vulkan devices:
[   0.263][d][vo/gpu-next/libplacebo] Spent 6.290 ms enumerating physical devices
[   0.263][v][vo/gpu-next/libplacebo]     GPU 0: Intel(R) Graphics (RPL-S) v1.4.354 (integrated)
[   0.263][v][vo/gpu-next/libplacebo]            uuid: 86:80:88:A7:04:00:00:00:00:02:00:00:00:00:00:00
[   0.263][v][vo/gpu-next/libplacebo]     GPU 1: NVIDIA GeForce RTX 5060 Laptop GPU v1.4.341 (discrete)
[   0.263][v][vo/gpu-next/libplacebo]            uuid: 55:3F:9F:40:9C:E7:C5:31:67:73:15:69:B3:13:3A:05
[   0.263][v][vo/gpu-next/libplacebo] Vulkan device properties:
[   0.263][v][vo/gpu-next/libplacebo]     Device Name: NVIDIA GeForce RTX 5060 Laptop GPU
[   0.263][v][vo/gpu-next/libplacebo]     Device ID: 10de:2d19
[   0.263][v][vo/gpu-next/libplacebo]     Device UUID: 55:3F:9F:40:9C:E7:C5:31:67:73:15:69:B3:13:3A:05
[   0.263][v][vo/gpu-next/libplacebo]     Driver version: 988e4100
[   0.263][v][vo/gpu-next/libplacebo]     API version: 1.4.341
[   0.263][v][vo/gpu-next/libplacebo]     Driver ID: VK_DRIVER_ID_NVIDIA_PROPRIETARY
[   0.263][v][vo/gpu-next/libplacebo]     Driver name: NVIDIA
[   0.263][v][vo/gpu-next/libplacebo]     Driver info: 610.57.04
[   0.263][v][vo/gpu-next/libplacebo]     Conformance version: 1.4.3.3
[   0.263][v][vo/gpu-next/libplacebo]     Driver UUID: 99:92:F5:58:93:29:58:0D:A9:F3:A3:8E:E2:4B:C6:4D
[   0.263][d][vo/gpu-next/libplacebo] Queue families supported by device:
[   0.263][d][vo/gpu-next/libplacebo]     0: flags 0xf num 16
[   0.263][d][vo/gpu-next/libplacebo]     1: flags 0xc num 2
[   0.263][d][vo/gpu-next/libplacebo]     2: flags 0xe num 8
[   0.263][d][vo/gpu-next/libplacebo]     3: flags 0x2c num 1
[   0.263][d][vo/gpu-next/libplacebo]     4: flags 0x4c num 1
[   0.263][d][vo/gpu-next/libplacebo]     5: flags 0x10c num 1
[   0.263][d][vo/gpu-next/libplacebo] Using graphics queue 0
[   0.263][v][vo/gpu-next/libplacebo] Using async transfer (queue 1)
[   0.263][v][vo/gpu-next/libplacebo] Using async compute (queue 2)
[   0.264][d][vo/gpu-next/libplacebo] Spent 0.011 ms enumerating device extensions
[   0.264][d][vo/gpu-next/libplacebo] Available device extensions:
[   0.264][d][vo/gpu-next/libplacebo]     VK_KHR_16bit_storage
[   0.264][d][vo/gpu-next/libplacebo]     VK_KHR_8bit_storage
[   0.264][d][vo/gpu-next/libplacebo]     VK_KHR_acceleration_structure
[   0.264][d][vo/gpu-next/libplacebo]     VK_KHR_bind_memory2
[   0.264][d][vo/gpu-next/libplacebo]     VK_KHR_buffer_device_address
[   0.264][d][vo/gpu-next/libplacebo]     VK_KHR_calibrated_timestamps
[   0.264][d][vo/gpu-next/libplacebo]     VK_KHR_compute_shader_derivatives
[   0.264][d][vo/gpu-next/libplacebo]     VK_KHR_cooperative_matrix
[   0.264][d][vo/gpu-next/libplacebo]     VK_KHR_copy_commands2
[   0.264][d][vo/gpu-next/libplacebo]     VK_KHR_copy_memory_indirect
[   0.264][d][vo/gpu-next/libplacebo]     VK_KHR_create_renderpass2
[   0.264][d][vo/gpu-next/libplacebo]     VK_KHR_dedicated_allocation
[   0.264][d][vo/gpu-next/libplacebo]     VK_KHR_deferred_host_operations
[   0.264][d][vo/gpu-next/libplacebo]     VK_KHR_depth_clamp_zero_one
[   0.264][d][vo/gpu-next/libplacebo]     VK_KHR_depth_stencil_resolve
[   0.264][d][vo/gpu-next/libplacebo]     VK_KHR_descriptor_update_template
[   0.264][d][vo/gpu-next/libplacebo]     VK_KHR_device_group
[   0.264][d][vo/gpu-next/libplacebo]     VK_KHR_draw_indirect_count
[   0.264][d][vo/gpu-next/libplacebo]     VK_KHR_driver_properties
[   0.264][d][vo/gpu-next/libplacebo]     VK_KHR_dynamic_rendering
[   0.264][d][vo/gpu-next/libplacebo]     VK_KHR_dynamic_rendering_local_read
[   0.264][d][vo/gpu-next/libplacebo]     VK_KHR_external_fence
[   0.264][d][vo/gpu-next/libplacebo]     VK_KHR_external_fence_fd
[   0.264][d][vo/gpu-next/libplacebo]     VK_KHR_external_memory
[   0.264][d][vo/gpu-next/libplacebo]     VK_KHR_external_memory_fd
[   0.264][d][vo/gpu-next/libplacebo]     VK_KHR_external_semaphore
[   0.264][d][vo/gpu-next/libplacebo]     VK_KHR_external_semaphore_fd
[   0.264][d][vo/gpu-next/libplacebo]     VK_KHR_format_feature_flags2
[   0.264][d][vo/gpu-next/libplacebo]     VK_KHR_fragment_shader_barycentric
[   0.264][d][vo/gpu-next/libplacebo]     VK_KHR_fragment_shading_rate
[   0.264][d][vo/gpu-next/libplacebo]     VK_KHR_get_memory_requirements2
[   0.264][d][vo/gpu-next/libplacebo]     VK_KHR_global_priority
[   0.264][d][vo/gpu-next/libplacebo]     VK_KHR_image_format_list
[   0.264][d][vo/gpu-next/libplacebo]     VK_KHR_imageless_framebuffer
[   0.264][d][vo/gpu-next/libplacebo]     VK_KHR_incremental_present
[   0.264][d][vo/gpu-next/libplacebo]     VK_KHR_index_type_uint8
[   0.264][d][vo/gpu-next/libplacebo]     VK_KHR_internally_synchronized_queues
[   0.264][d][vo/gpu-next/libplacebo]     VK_KHR_line_rasterization
[   0.264][d][vo/gpu-next/libplacebo]     VK_KHR_load_store_op_none
[   0.264][d][vo/gpu-next/libplacebo]     VK_KHR_maintenance1
[   0.264][d][vo/gpu-next/libplacebo]     VK_KHR_maintenance10
[   0.264][d][vo/gpu-next/libplacebo]     VK_KHR_maintenance2
[   0.264][d][vo/gpu-next/libplacebo]     VK_KHR_maintenance3
[   0.264][d][vo/gpu-next/libplacebo]     VK_KHR_maintenance4
[   0.264][d][vo/gpu-next/libplacebo]     VK_KHR_maintenance5
[   0.264][d][vo/gpu-next/libplacebo]     VK_KHR_maintenance6
[   0.264][d][vo/gpu-next/libplacebo]     VK_KHR_maintenance7
[   0.264][d][vo/gpu-next/libplacebo]     VK_KHR_maintenance8
[   0.264][d][vo/gpu-next/libplacebo]     VK_KHR_maintenance9
[   0.264][d][vo/gpu-next/libplacebo]     VK_KHR_map_memory2
[   0.264][d][vo/gpu-next/libplacebo]     VK_KHR_multiview
[   0.264][d][vo/gpu-next/libplacebo]     VK_KHR_pipeline_binary
[   0.264][d][vo/gpu-next/libplacebo]     VK_KHR_pipeline_executable_properties
[   0.264][d][vo/gpu-next/libplacebo]     VK_KHR_pipeline_library
[   0.264][d][vo/gpu-next/libplacebo]     VK_KHR_present_id
[   0.264][d][vo/gpu-next/libplacebo]     VK_KHR_present_id2
[   0.264][d][vo/gpu-next/libplacebo]     VK_KHR_present_mode_fifo_latest_ready
[   0.264][d][vo/gpu-next/libplacebo]     VK_KHR_present_wait
[   0.264][d][vo/gpu-next/libplacebo]     VK_KHR_present_wait2
[   0.264][d][vo/gpu-next/libplacebo]     VK_KHR_push_descriptor
[   0.264][d][vo/gpu-next/libplacebo]     VK_KHR_ray_query
[   0.264][d][vo/gpu-next/libplacebo]     VK_KHR_ray_tracing_maintenance1
[   0.264][d][vo/gpu-next/libplacebo]     VK_KHR_ray_tracing_pipeline
[   0.264][d][vo/gpu-next/libplacebo]     VK_KHR_ray_tracing_position_fetch
[   0.264][d][vo/gpu-next/libplacebo]     VK_KHR_relaxed_block_layout
[   0.264][d][vo/gpu-next/libplacebo]     VK_KHR_robustness2
[   0.264][d][vo/gpu-next/libplacebo]     VK_KHR_sampler_mirror_clamp_to_edge
[   0.264][d][vo/gpu-next/libplacebo]     VK_KHR_sampler_ycbcr_conversion
[   0.264][d][vo/gpu-next/libplacebo]     VK_KHR_separate_depth_stencil_layouts
[   0.264][d][vo/gpu-next/libplacebo]     VK_KHR_shader_atomic_int64
[   0.264][d][vo/gpu-next/libplacebo]     VK_KHR_shader_bfloat16
[   0.264][d][vo/gpu-next/libplacebo]     VK_KHR_shader_clock
[   0.264][d][vo/gpu-next/libplacebo]     VK_KHR_shader_draw_parameters
[   0.264][d][vo/gpu-next/libplacebo]     VK_KHR_shader_expect_assume
[   0.264][d][vo/gpu-next/libplacebo]     VK_KHR_shader_float16_int8
[   0.264][d][vo/gpu-next/libplacebo]     VK_KHR_shader_float_controls
[   0.264][d][vo/gpu-next/libplacebo]     VK_KHR_shader_float_controls2
[   0.264][d][vo/gpu-next/libplacebo]     VK_KHR_shader_fma
[   0.264][d][vo/gpu-next/libplacebo]     VK_KHR_shader_integer_dot_product
[   0.264][d][vo/gpu-next/libplacebo]     VK_KHR_shader_maximal_reconvergence
[   0.264][d][vo/gpu-next/libplacebo]     VK_KHR_shader_non_semantic_info
[   0.264][d][vo/gpu-next/libplacebo]     VK_KHR_shader_quad_control
[   0.264][d][vo/gpu-next/libplacebo]     VK_KHR_shader_relaxed_extended_instruction
[   0.264][d][vo/gpu-next/libplacebo]     VK_KHR_shader_subgroup_extended_types
[   0.264][d][vo/gpu-next/libplacebo]     VK_KHR_shader_subgroup_rotate
[   0.264][d][vo/gpu-next/libplacebo]     VK_KHR_shader_subgroup_uniform_control_flow
[   0.264][d][vo/gpu-next/libplacebo]     VK_KHR_shader_terminate_invocation
[   0.264][d][vo/gpu-next/libplacebo]     VK_KHR_shader_untyped_pointers
[   0.264][d][vo/gpu-next/libplacebo]     VK_KHR_shared_presentable_image
[   0.264][d][vo/gpu-next/libplacebo]     VK_KHR_spirv_1_4
[   0.264][d][vo/gpu-next/libplacebo]     VK_KHR_storage_buffer_storage_class
[   0.264][d][vo/gpu-next/libplacebo]     VK_KHR_swapchain
[   0.264][d][vo/gpu-next/libplacebo]     VK_KHR_swapchain_maintenance1
[   0.264][d][vo/gpu-next/libplacebo]     VK_KHR_swapchain_mutable_format
[   0.264][d][vo/gpu-next/libplacebo]     VK_KHR_synchronization2
[   0.264][d][vo/gpu-next/libplacebo]     VK_KHR_timeline_semaphore
[   0.264][d][vo/gpu-next/libplacebo]     VK_KHR_unified_image_layouts
[   0.264][d][vo/gpu-next/libplacebo]     VK_KHR_uniform_buffer_standard_layout
[   0.264][d][vo/gpu-next/libplacebo]     VK_KHR_variable_pointers
[   0.264][d][vo/gpu-next/libplacebo]     VK_KHR_vertex_attribute_divisor
[   0.264][d][vo/gpu-next/libplacebo]     VK_KHR_video_decode_av1
[   0.264][d][vo/gpu-next/libplacebo]     VK_KHR_video_decode_h264
[   0.264][d][vo/gpu-next/libplacebo]     VK_KHR_video_decode_h265
[   0.264][d][vo/gpu-next/libplacebo]     VK_KHR_video_decode_queue
[   0.264][d][vo/gpu-next/libplacebo]     VK_KHR_video_decode_vp9
[   0.264][d][vo/gpu-next/libplacebo]     VK_KHR_video_encode_av1
[   0.264][d][vo/gpu-next/libplacebo]     VK_KHR_video_encode_h264
[   0.264][d][vo/gpu-next/libplacebo]     VK_KHR_video_encode_h265
[   0.264][d][vo/gpu-next/libplacebo]     VK_KHR_video_encode_intra_refresh
[   0.264][d][vo/gpu-next/libplacebo]     VK_KHR_video_encode_quantization_map
[   0.264][d][vo/gpu-next/libplacebo]     VK_KHR_video_encode_queue
[   0.264][d][vo/gpu-next/libplacebo]     VK_KHR_video_maintenance1
[   0.264][d][vo/gpu-next/libplacebo]     VK_KHR_video_maintenance2
[   0.264][d][vo/gpu-next/libplacebo]     VK_KHR_video_queue
[   0.264][d][vo/gpu-next/libplacebo]     VK_KHR_vulkan_memory_model
[   0.264][d][vo/gpu-next/libplacebo]     VK_KHR_workgroup_memory_explicit_layout
[   0.264][d][vo/gpu-next/libplacebo]     VK_KHR_zero_initialize_workgroup_memory
[   0.264][d][vo/gpu-next/libplacebo]     VK_EXT_4444_formats
[   0.264][d][vo/gpu-next/libplacebo]     VK_EXT_attachment_feedback_loop_dynamic_state
[   0.264][d][vo/gpu-next/libplacebo]     VK_EXT_attachment_feedback_loop_layout
[   0.264][d][vo/gpu-next/libplacebo]     VK_EXT_blend_operation_advanced
[   0.264][d][vo/gpu-next/libplacebo]     VK_EXT_border_color_swizzle
[   0.264][d][vo/gpu-next/libplacebo]     VK_EXT_buffer_device_address
[   0.264][d][vo/gpu-next/libplacebo]     VK_EXT_calibrated_timestamps
[   0.264][d][vo/gpu-next/libplacebo]     VK_EXT_color_write_enable
[   0.264][d][vo/gpu-next/libplacebo]     VK_EXT_conditional_rendering
[   0.264][d][vo/gpu-next/libplacebo]     VK_EXT_conservative_rasterization
[   0.264][d][vo/gpu-next/libplacebo]     VK_EXT_custom_border_color
[   0.264][d][vo/gpu-next/libplacebo]     VK_EXT_custom_resolve
[   0.264][d][vo/gpu-next/libplacebo]     VK_EXT_depth_bias_control
[   0.264][d][vo/gpu-next/libplacebo]     VK_EXT_depth_clamp_control
[   0.264][d][vo/gpu-next/libplacebo]     VK_EXT_depth_clamp_zero_one
[   0.264][d][vo/gpu-next/libplacebo]     VK_EXT_depth_clip_control
[   0.264][d][vo/gpu-next/libplacebo]     VK_EXT_depth_clip_enable
[   0.264][d][vo/gpu-next/libplacebo]     VK_EXT_depth_range_unrestricted
[   0.264][d][vo/gpu-next/libplacebo]     VK_EXT_descriptor_buffer
[   0.264][d][vo/gpu-next/libplacebo]     VK_EXT_descriptor_heap
[   0.264][d][vo/gpu-next/libplacebo]     VK_EXT_descriptor_indexing
[   0.264][d][vo/gpu-next/libplacebo]     VK_EXT_device_address_binding_report
[   0.264][d][vo/gpu-next/libplacebo]     VK_EXT_device_fault
[   0.264][d][vo/gpu-next/libplacebo]     VK_EXT_device_generated_commands
[   0.264][d][vo/gpu-next/libplacebo]     VK_EXT_discard_rectangles
[   0.264][d][vo/gpu-next/libplacebo]     VK_EXT_display_control
[   0.264][d][vo/gpu-next/libplacebo]     VK_EXT_dynamic_rendering_unused_attachments
[   0.264][d][vo/gpu-next/libplacebo]     VK_EXT_extended_dynamic_state
[   0.264][d][vo/gpu-next/libplacebo]     VK_EXT_extended_dynamic_state2
[   0.264][d][vo/gpu-next/libplacebo]     VK_EXT_extended_dynamic_state3
[   0.264][d][vo/gpu-next/libplacebo]     VK_EXT_external_memory_dma_buf
[   0.264][d][vo/gpu-next/libplacebo]     VK_EXT_external_memory_host
[   0.264][d][vo/gpu-next/libplacebo]     VK_EXT_fragment_shader_interlock
[   0.264][d][vo/gpu-next/libplacebo]     VK_EXT_global_priority
[   0.264][d][vo/gpu-next/libplacebo]     VK_EXT_global_priority_query
[   0.264][d][vo/gpu-next/libplacebo]     VK_EXT_graphics_pipeline_library
[   0.264][d][vo/gpu-next/libplacebo]     VK_EXT_hdr_metadata
[   0.264][d][vo/gpu-next/libplacebo]     VK_EXT_host_image_copy
[   0.264][d][vo/gpu-next/libplacebo]     VK_EXT_host_query_reset
[   0.264][d][vo/gpu-next/libplacebo]     VK_EXT_image_2d_view_of_3d
[   0.264][d][vo/gpu-next/libplacebo]     VK_EXT_image_drm_format_modifier
[   0.264][d][vo/gpu-next/libplacebo]     VK_EXT_image_robustness
[   0.264][d][vo/gpu-next/libplacebo]     VK_EXT_image_sliced_view_of_3d
[   0.264][d][vo/gpu-next/libplacebo]     VK_EXT_image_view_min_lod
[   0.264][d][vo/gpu-next/libplacebo]     VK_EXT_index_type_uint8
[   0.264][d][vo/gpu-next/libplacebo]     VK_EXT_inline_uniform_block
[   0.264][d][vo/gpu-next/libplacebo]     VK_EXT_legacy_vertex_attributes
[   0.264][d][vo/gpu-next/libplacebo]     VK_EXT_line_rasterization
[   0.264][d][vo/gpu-next/libplacebo]     VK_EXT_load_store_op_none
[   0.264][d][vo/gpu-next/libplacebo]     VK_EXT_map_memory_placed
[   0.264][d][vo/gpu-next/libplacebo]     VK_EXT_memory_budget
[   0.264][d][vo/gpu-next/libplacebo]     VK_EXT_memory_decompression
[   0.264][d][vo/gpu-next/libplacebo]     VK_EXT_memory_priority
[   0.264][d][vo/gpu-next/libplacebo]     VK_EXT_mesh_shader
[   0.264][d][vo/gpu-next/libplacebo]     VK_EXT_multi_draw
[   0.264][d][vo/gpu-next/libplacebo]     VK_EXT_mutable_descriptor_type
[   0.264][d][vo/gpu-next/libplacebo]     VK_EXT_nested_command_buffer
[   0.264][d][vo/gpu-next/libplacebo]     VK_EXT_non_seamless_cube_map
[   0.264][d][vo/gpu-next/libplacebo]     VK_EXT_opacity_micromap
[   0.264][d][vo/gpu-next/libplacebo]     VK_EXT_pageable_device_local_memory
[   0.264][d][vo/gpu-next/libplacebo]     VK_EXT_pci_bus_info
[   0.264][d][vo/gpu-next/libplacebo]     VK_EXT_physical_device_drm
[   0.264][d][vo/gpu-next/libplacebo]     VK_EXT_pipeline_creation_cache_control
[   0.264][d][vo/gpu-next/libplacebo]     VK_EXT_pipeline_creation_feedback
[   0.264][d][vo/gpu-next/libplacebo]     VK_EXT_pipeline_library_group_handles
[   0.264][d][vo/gpu-next/libplacebo]     VK_EXT_pipeline_robustness
[   0.264][d][vo/gpu-next/libplacebo]     VK_EXT_post_depth_coverage
[   0.264][d][vo/gpu-next/libplacebo]     VK_EXT_present_mode_fifo_latest_ready
[   0.264][d][vo/gpu-next/libplacebo]     VK_EXT_present_timing
[   0.264][d][vo/gpu-next/libplacebo]     VK_EXT_primitive_topology_list_restart
[   0.264][d][vo/gpu-next/libplacebo]     VK_EXT_primitives_generated_query
[   0.264][d][vo/gpu-next/libplacebo]     VK_EXT_private_data
[   0.264][d][vo/gpu-next/libplacebo]     VK_EXT_provoking_vertex
[   0.264][d][vo/gpu-next/libplacebo]     VK_EXT_queue_family_foreign
[   0.264][d][vo/gpu-next/libplacebo]     VK_EXT_ray_tracing_invocation_reorder
[   0.264][d][vo/gpu-next/libplacebo]     VK_EXT_robustness2
[   0.264][d][vo/gpu-next/libplacebo]     VK_EXT_sample_locations
[   0.264][d][vo/gpu-next/libplacebo]     VK_EXT_sampler_filter_minmax
[   0.264][d][vo/gpu-next/libplacebo]     VK_EXT_scalar_block_layout
[   0.264][d][vo/gpu-next/libplacebo]     VK_EXT_separate_stencil_usage
[   0.264][d][vo/gpu-next/libplacebo]     VK_EXT_shader_64bit_indexing
[   0.264][d][vo/gpu-next/libplacebo]     VK_EXT_shader_atomic_float
[   0.264][d][vo/gpu-next/libplacebo]     VK_EXT_shader_demote_to_helper_invocation
[   0.264][d][vo/gpu-next/libplacebo]     VK_EXT_shader_float8
[   0.264][d][vo/gpu-next/libplacebo]     VK_EXT_shader_image_atomic_int64
[   0.264][d][vo/gpu-next/libplacebo]     VK_EXT_shader_long_vector
[   0.264][d][vo/gpu-next/libplacebo]     VK_EXT_shader_module_identifier
[   0.264][d][vo/gpu-next/libplacebo]     VK_EXT_shader_object
[   0.264][d][vo/gpu-next/libplacebo]     VK_EXT_shader_replicated_composites
[   0.264][d][vo/gpu-next/libplacebo]     VK_EXT_shader_subgroup_ballot
[   0.264][d][vo/gpu-next/libplacebo]     VK_EXT_shader_subgroup_partitioned
[   0.264][d][vo/gpu-next/libplacebo]     VK_EXT_shader_subgroup_vote
[   0.264][d][vo/gpu-next/libplacebo]     VK_EXT_shader_uniform_buffer_unsized_array
[   0.264][d][vo/gpu-next/libplacebo]     VK_EXT_shader_viewport_index_layer
[   0.264][d][vo/gpu-next/libplacebo]     VK_EXT_subgroup_size_control
[   0.264][d][vo/gpu-next/libplacebo]     VK_EXT_swapchain_maintenance1
[   0.264][d][vo/gpu-next/libplacebo]     VK_EXT_texel_buffer_alignment
[   0.264][d][vo/gpu-next/libplacebo]     VK_EXT_tooling_info
[   0.264][d][vo/gpu-next/libplacebo]     VK_EXT_transform_feedback
[   0.264][d][vo/gpu-next/libplacebo]     VK_EXT_vertex_attribute_divisor
[   0.264][d][vo/gpu-next/libplacebo]     VK_EXT_vertex_attribute_robustness
[   0.264][d][vo/gpu-next/libplacebo]     VK_EXT_vertex_input_dynamic_state
[   0.264][d][vo/gpu-next/libplacebo]     VK_EXT_ycbcr_2plane_444_formats
[   0.264][d][vo/gpu-next/libplacebo]     VK_EXT_ycbcr_image_arrays
[   0.264][d][vo/gpu-next/libplacebo]     VK_EXT_zero_initialize_device_memory
[   0.264][d][vo/gpu-next/libplacebo]     VK_NV_clip_space_w_scaling
[   0.264][d][vo/gpu-next/libplacebo]     VK_NV_cluster_acceleration_structure
[   0.264][d][vo/gpu-next/libplacebo]     VK_NV_compute_occupancy_priority
[   0.264][d][vo/gpu-next/libplacebo]     VK_NV_compute_shader_derivatives
[   0.264][d][vo/gpu-next/libplacebo]     VK_NV_cooperative_matrix
[   0.264][d][vo/gpu-next/libplacebo]     VK_NV_cooperative_matrix2
[   0.264][d][vo/gpu-next/libplacebo]     VK_NV_cooperative_vector
[   0.264][d][vo/gpu-next/libplacebo]     VK_NV_copy_memory_indirect
[   0.264][d][vo/gpu-next/libplacebo]     VK_NV_corner_sampled_image
[   0.264][d][vo/gpu-next/libplacebo]     VK_NV_coverage_reduction_mode
[   0.264][d][vo/gpu-next/libplacebo]     VK_NV_cuda_kernel_launch
[   0.264][d][vo/gpu-next/libplacebo]     VK_NV_dedicated_allocation
[   0.264][d][vo/gpu-next/libplacebo]     VK_NV_dedicated_allocation_image_aliasing
[   0.264][d][vo/gpu-next/libplacebo]     VK_NV_descriptor_pool_overallocation
[   0.264][d][vo/gpu-next/libplacebo]     VK_NV_device_diagnostic_checkpoints
[   0.264][d][vo/gpu-next/libplacebo]     VK_NV_device_diagnostics_config
[   0.264][d][vo/gpu-next/libplacebo]     VK_NV_device_generated_commands
[   0.264][d][vo/gpu-next/libplacebo]     VK_NV_device_generated_commands_compute
[   0.264][d][vo/gpu-next/libplacebo]     VK_NV_disk_cache_utils
[   0.264][d][vo/gpu-next/libplacebo]     VK_NV_extended_sparse_address_space
[   0.264][d][vo/gpu-next/libplacebo]     VK_NV_fill_rectangle
[   0.264][d][vo/gpu-next/libplacebo]     VK_NV_fragment_coverage_to_color
[   0.264][d][vo/gpu-next/libplacebo]     VK_NV_fragment_shader_barycentric
[   0.264][d][vo/gpu-next/libplacebo]     VK_NV_fragment_shading_rate_enums
[   0.264][d][vo/gpu-next/libplacebo]     VK_NV_framebuffer_mixed_samples
[   0.264][d][vo/gpu-next/libplacebo]     VK_NV_geometry_shader_passthrough
[   0.264][d][vo/gpu-next/libplacebo]     VK_NV_inherited_viewport_scissor
[   0.264][d][vo/gpu-next/libplacebo]     VK_NV_internal_nvpresent
[   0.264][d][vo/gpu-next/libplacebo]     VK_NV_linear_color_attachment
[   0.264][d][vo/gpu-next/libplacebo]     VK_NV_low_latency
[   0.264][d][vo/gpu-next/libplacebo]     VK_NV_low_latency2
[   0.264][d][vo/gpu-next/libplacebo]     VK_NV_memory_decompression
[   0.264][d][vo/gpu-next/libplacebo]     VK_NV_mesh_shader
[   0.264][d][vo/gpu-next/libplacebo]     VK_NV_optical_flow
[   0.264][d][vo/gpu-next/libplacebo]     VK_NV_partitioned_acceleration_structure
[   0.264][d][vo/gpu-next/libplacebo]     VK_NV_present_metering
[   0.264][d][vo/gpu-next/libplacebo]     VK_NV_push_constant_bank
[   0.264][d][vo/gpu-next/libplacebo]     VK_NV_raw_access_chains
[   0.264][d][vo/gpu-next/libplacebo]     VK_NV_ray_tracing
[   0.264][d][vo/gpu-next/libplacebo]     VK_NV_ray_tracing_invocation_reorder
[   0.264][d][vo/gpu-next/libplacebo]     VK_NV_ray_tracing_linear_swept_spheres
[   0.264][d][vo/gpu-next/libplacebo]     VK_NV_ray_tracing_motion_blur
[   0.264][d][vo/gpu-next/libplacebo]     VK_NV_representative_fragment_test
[   0.264][d][vo/gpu-next/libplacebo]     VK_NV_sample_mask_override_coverage
[   0.264][d][vo/gpu-next/libplacebo]     VK_NV_scissor_exclusive
[   0.264][d][vo/gpu-next/libplacebo]     VK_NV_shader_atomic_float16_vector
[   0.264][d][vo/gpu-next/libplacebo]     VK_NV_shader_image_footprint
[   0.264][d][vo/gpu-next/libplacebo]     VK_NV_shader_sm_builtins
[   0.264][d][vo/gpu-next/libplacebo]     VK_NV_shader_subgroup_partitioned
[   0.264][d][vo/gpu-next/libplacebo]     VK_NV_shading_rate_image
[   0.264][d][vo/gpu-next/libplacebo]     VK_NV_viewport_array2
[   0.264][d][vo/gpu-next/libplacebo]     VK_NV_viewport_swizzle
[   0.264][d][vo/gpu-next/libplacebo]     VK_NVX_binary_import
[   0.264][d][vo/gpu-next/libplacebo]     VK_NVX_image_view_handle
[   0.264][d][vo/gpu-next/libplacebo]     VK_NVX_multiview_per_view_attributes
[   0.264][d][vo/gpu-next/libplacebo]     VK_AMD_buffer_marker
[   0.264][d][vo/gpu-next/libplacebo]     VK_GOOGLE_hlsl_functionality1
[   0.264][d][vo/gpu-next/libplacebo]     VK_GOOGLE_user_type
[   0.264][v][vo/gpu-next/libplacebo] Creating vulkan device with extensions:
[   0.264][v][vo/gpu-next/libplacebo]     VK_KHR_swapchain
[   0.264][v][vo/gpu-next/libplacebo]     VK_KHR_swapchain
[   0.264][v][vo/gpu-next/libplacebo]     VK_KHR_external_memory_fd
[   0.264][v][vo/gpu-next/libplacebo]     VK_EXT_external_memory_dma_buf
[   0.264][v][vo/gpu-next/libplacebo]     VK_EXT_external_memory_host
[   0.264][v][vo/gpu-next/libplacebo]     VK_KHR_external_semaphore_fd
[   0.264][v][vo/gpu-next/libplacebo]     VK_EXT_pci_bus_info
[   0.264][v][vo/gpu-next/libplacebo]     VK_EXT_hdr_metadata
[   0.264][v][vo/gpu-next/libplacebo]     VK_EXT_image_drm_format_modifier
[   0.264][v][vo/gpu-next/libplacebo]     VK_KHR_swapchain_maintenance1
[   0.264][v][vo/gpu-next/libplacebo]     VK_EXT_swapchain_maintenance1
[   0.264][v][vo/gpu-next/libplacebo]     VK_EXT_descriptor_buffer
[   0.264][v][vo/gpu-next/libplacebo]     VK_EXT_shader_atomic_float
[   0.264][v][vo/gpu-next/libplacebo]     VK_KHR_dynamic_rendering
[   0.264][v][vo/gpu-next/libplacebo]     VK_KHR_video_decode_queue
[   0.264][v][vo/gpu-next/libplacebo]     VK_KHR_video_decode_h264
[   0.264][v][vo/gpu-next/libplacebo]     VK_KHR_video_decode_h265
[   0.264][v][vo/gpu-next/libplacebo]     VK_KHR_video_queue
[   0.264][v][vo/gpu-next/libplacebo]     VK_KHR_zero_initialize_workgroup_memory
[   0.264][v][vo/gpu-next/libplacebo]     VK_EXT_shader_object
[   0.264][v][vo/gpu-next/libplacebo]     VK_KHR_cooperative_matrix
[   0.264][v][vo/gpu-next/libplacebo]     VK_KHR_video_maintenance1
[   0.264][v][vo/gpu-next/libplacebo]     VK_KHR_shader_expect_assume
[   0.264][v][vo/gpu-next/libplacebo]     VK_KHR_shader_subgroup_rotate
[   0.264][v][vo/gpu-next/libplacebo]     VK_KHR_video_decode_av1
[   0.264][v][vo/gpu-next/libplacebo]     VK_KHR_shader_relaxed_extended_instruction
[   0.264][v][vo/gpu-next/libplacebo]     VK_KHR_video_maintenance2
[   0.264][v][vo/gpu-next/libplacebo]     VK_KHR_video_decode_vp9
[   1.150][v][vo/gpu-next/libplacebo] Spent 885.753 ms creating vulkan device (slow!)
[   1.150][d][vo/gpu-next/libplacebo] Restricting QF 0 from 16 queues to 1
[   1.151][d][vo/gpu-next/libplacebo] Restricting QF 1 from 2 queues to 1
[   1.151][d][vo/gpu-next/libplacebo] Restricting QF 2 from 8 queues to 1
[   1.151][v][vo/gpu-next/libplacebo] Memory heaps supported by device:
[   1.151][v][vo/gpu-next/libplacebo]     0: flags 0x1 size 8151M
[   1.151][v][vo/gpu-next/libplacebo]     1: flags 0x0 size   11G
[   1.151][d][vo/gpu-next/libplacebo] Memory types supported by device:
[   1.151][d][vo/gpu-next/libplacebo]     0: flags 0x0 heap 1
[   1.151][d][vo/gpu-next/libplacebo]     1: flags 0x1 heap 0
[   1.151][d][vo/gpu-next/libplacebo]     2: flags 0x6 heap 1
[   1.151][d][vo/gpu-next/libplacebo]     3: flags 0xe heap 1
[   1.151][d][vo/gpu-next/libplacebo]     4: flags 0x7 heap 0
[   1.151][v][vo/gpu-next/libplacebo] Memory summary:     0 used     0 res     0 alloc, efficiency 100.00%, utilization 100.00%, max page:  509M
[   1.151][v][vo/gpu-next/libplacebo] shaderc SPIR-V version 1.6 rev 1
[   1.151][v][vo/gpu-next/libplacebo] Initialized SPIR-V compiler 'shaderc'
[   1.151][d][vo/gpu-next/libplacebo] DRM format modifier LINEAR of format r8 supports fewer caps (0x80040418001dd03) than optimal tiling (0x80041018001dd83), may result in limited capability!
[   1.151][d][vo/gpu-next/libplacebo] DRM format modifier LINEAR of format rg8 supports fewer caps (0x80040418001dd03) than optimal tiling (0x80040018001dd83), may result in limited capability!
[   1.151][d][vo/gpu-next/libplacebo] DRM format modifier LINEAR of format rgb8 supports fewer caps (0x80040418001dd03) than optimal tiling (0x80040018001dd83), may result in limited capability!
[   1.151][d][vo/gpu-next/libplacebo] DRM format modifier LINEAR of format rgba8 supports fewer caps (0x80040418001dd03) than optimal tiling (0x80040018001dd83), may result in limited capability!
[   1.151][d][vo/gpu-next/libplacebo] DRM format modifier LINEAR of format r16 supports fewer caps (0x80040418001dd03) than optimal tiling (0x80040018001dd83), may result in limited capability!
[   1.151][d][vo/gpu-next/libplacebo] DRM format modifier LINEAR of format rg16 supports fewer caps (0x80040418001dd03) than optimal tiling (0x80040018001dd83), may result in limited capability!
[   1.151][d][vo/gpu-next/libplacebo] DRM format modifier LINEAR of format rgba16hf supports fewer caps (0x80040418001dd07) than optimal tiling (0x80040018001dd87), may result in limited capability!
[   1.152][d][vo/gpu-next/libplacebo] DRM format modifier LINEAR of format rgba16f supports fewer caps (0x80040418001dd07) than optimal tiling (0x80040018001dd87), may result in limited capability!
[   1.152][d][vo/gpu-next/libplacebo] DRM format modifier LINEAR of format r16u supports fewer caps (0x80040418001cc03) than optimal tiling (0x80040018001cc83), may result in limited capability!
[   1.152][d][vo/gpu-next/libplacebo] DRM format modifier LINEAR of format rg16u supports fewer caps (0x80040418001cc03) than optimal tiling (0x80040018001cc83), may result in limited capability!
[   1.152][d][vo/gpu-next/libplacebo] DRM format modifier LINEAR of format bgra8 supports fewer caps (0x80040418001dd03) than optimal tiling (0x80041018001dd83), may result in limited capability!
[   1.152][d][vo/gpu-next/libplacebo] DRM format modifier LINEAR of format bgr565 supports fewer caps (0x80040400001dd01) than optimal tiling (0x80040000001dd81), may result in limited capability!
[   1.152][d][vo/gpu-next/libplacebo] DRM format modifier LINEAR of format bgr5a1 supports fewer caps (0x80040400001dd01) than optimal tiling (0x80040000001dd81), may result in limited capability!
[   1.152][d][vo/gpu-next/libplacebo] DRM format modifier LINEAR of format rgb10a2 supports fewer caps (0x80040418001dd03) than optimal tiling (0x80040018001dd83), may result in limited capability!
[   1.152][d][vo/gpu-next/libplacebo] DRM format modifier LINEAR of format bgr10a2 supports fewer caps (0x80040400001dd01) than optimal tiling (0x80040000001dd81), may result in limited capability!
[   1.152][d][vo/gpu-next/libplacebo] Minimum texel alignment: 48
[   1.152][v][vo/gpu-next/libplacebo] GPU information:
[   1.152][v][vo/gpu-next/libplacebo]     GLSL version: 450 (vulkan)
[   1.152][v][vo/gpu-next/libplacebo]       max_shmem_size:            49152
[   1.152][v][vo/gpu-next/libplacebo]       max_group_threads:         1024
[   1.152][v][vo/gpu-next/libplacebo]       max_group_size[0]:         1024
[   1.152][v][vo/gpu-next/libplacebo]       max_group_size[1]:         1024
[   1.152][v][vo/gpu-next/libplacebo]       max_group_size[2]:         64
[   1.152][v][vo/gpu-next/libplacebo]       subgroup_size:             32
[   1.152][v][vo/gpu-next/libplacebo]       min_gather_offset:         -32
[   1.152][v][vo/gpu-next/libplacebo]       max_gather_offset:         31
[   1.152][v][vo/gpu-next/libplacebo]     Limits:
[   1.152][v][vo/gpu-next/libplacebo]       thread_safe:               1
[   1.152][v][vo/gpu-next/libplacebo]       callbacks:                 1
[   1.152][v][vo/gpu-next/libplacebo]       max_buf_size:              12331204608
[   1.152][v][vo/gpu-next/libplacebo]       max_ubo_size:              65536
[   1.152][v][vo/gpu-next/libplacebo]       max_ssbo_size:             4294967295
[   1.152][v][vo/gpu-next/libplacebo]       max_vbo_size:              8546942976
[   1.152][v][vo/gpu-next/libplacebo]       max_mapped_size:           12331204608
[   1.152][v][vo/gpu-next/libplacebo]       max_buffer_texels:         268435456
[   1.152][v][vo/gpu-next/libplacebo]       align_host_ptr:            4096
[   1.152][v][vo/gpu-next/libplacebo]       host_cached:               1
[   1.152][v][vo/gpu-next/libplacebo]       max_tex_1d_dim:            32768
[   1.152][v][vo/gpu-next/libplacebo]       max_tex_2d_dim:            32768
[   1.152][v][vo/gpu-next/libplacebo]       max_tex_3d_dim:            16384
[   1.152][v][vo/gpu-next/libplacebo]       blittable_1d_3d:           1
[   1.152][v][vo/gpu-next/libplacebo]       buf_transfer:              1
[   1.152][v][vo/gpu-next/libplacebo]       align_tex_xfer_pitch:      1
[   1.152][v][vo/gpu-next/libplacebo]       align_tex_xfer_offset:     4
[   1.152][v][vo/gpu-next/libplacebo]       max_variable_comps:        0
[   1.152][v][vo/gpu-next/libplacebo]       max_constants:             18446744073709551615
[   1.152][v][vo/gpu-next/libplacebo]       max_pushc_size:            256
[   1.152][v][vo/gpu-next/libplacebo]       align_vertex_stride:       1
[   1.152][v][vo/gpu-next/libplacebo]       max_dispatch[0]:           2147483647
[   1.152][v][vo/gpu-next/libplacebo]       max_dispatch[1]:           65535
[   1.152][v][vo/gpu-next/libplacebo]       max_dispatch[2]:           65535
[   1.152][v][vo/gpu-next/libplacebo]       fragment_queues:           1
[   1.152][v][vo/gpu-next/libplacebo]       compute_queues:            1
[   1.152][v][vo/gpu-next/libplacebo]     External API interop:
[   1.152][v][vo/gpu-next/libplacebo]       UUID: 55:3F:9F:40:9C:E7:C5:31:67:73:15:69:B3:13:3A:05
[   1.152][v][vo/gpu-next/libplacebo]       PCI: 0000:01:00:0
[   1.152][v][vo/gpu-next/libplacebo]       buf export caps: 0x19
[   1.152][v][vo/gpu-next/libplacebo]       buf import caps: 0x19
[   1.152][v][vo/gpu-next/libplacebo]       tex export caps: 0x19
[   1.152][v][vo/gpu-next/libplacebo]       tex import caps: 0x19
[   1.152][v][vo/gpu-next/libplacebo]       sync export caps: 0x1
[   1.152][v][vo/gpu-next/libplacebo]       sync import caps: 0x0
[   1.152][d][vo/gpu-next/libplacebo] GPU texture formats:
[   1.152][d][vo/gpu-next/libplacebo]     NAME                 TYPE   SIZE COMP CAPS         EMU DEPTH         HOST_BITS     GLSL_TYPE  GLSL_FMT   FOURCC
[   1.152][d][vo/gpu-next/libplacebo]     r8                   UNORM  1    R    SsLRbBVutHWG n   {8  0  0  0 } {8  0  0  0 } float      r8         R8    
[   1.152][d][vo/gpu-next/libplacebo]     r8s                  SNORM  1    R    SsLRbBVutHWG n   {8  0  0  0 } {8  0  0  0 } float      r8_snorm         
[   1.152][d][vo/gpu-next/libplacebo]     rg8                  UNORM  2    RG   SsLRbBVutHWG n   {8  8  0  0 } {8  8  0  0 } vec2       rg8        GR88  
[   1.152][d][vo/gpu-next/libplacebo]     rg8s                 SNORM  2    RG   SsLRbBVutHWG n   {8  8  0  0 } {8  8  0  0 } vec2       rg8_snorm        
[   1.152][d][vo/gpu-next/libplacebo]     rgba8                UNORM  4    RGBA SsLRbBVutHWG n   {8  8  8  8 } {8  8  8  8 } vec4       rgba8      AB24  
[   1.152][d][vo/gpu-next/libplacebo]     rgba8s               SNORM  4    RGBA SsLRbBVutHWG n   {8  8  8  8 } {8  8  8  8 } vec4       rgba8_snorm       
[   1.152][d][vo/gpu-next/libplacebo]     bgra8                UNORM  4    BGRA SsLRbBVutHWG n   {8  8  8  8 } {8  8  8  8 } vec4                  AR24  
[   1.153][d][vo/gpu-next/libplacebo]     rgb10a2              UNORM  4    RGBA SsLRbBVutHWG n   {10 10 10 2 } {10 10 10 2 } vec4       rgb10_a2   AB30  
[   1.153][d][vo/gpu-next/libplacebo]     r16                  UNORM  2    R    SsLRbBVutHWG n   {16 0  0  0 } {16 0  0  0 } float      r16        R16   
[   1.153][d][vo/gpu-next/libplacebo]     r16hf                FLOAT  2    R    SsLRbBVutHWG n   {16 0  0  0 } {16 0  0  0 } float      r16f             
[   1.153][d][vo/gpu-next/libplacebo]     r16s                 SNORM  2    R    SsLRbBVutHWG n   {16 0  0  0 } {16 0  0  0 } float      r16_snorm        
[   1.153][d][vo/gpu-next/libplacebo]     rg16                 UNORM  4    RG   SsLRbBVutHWG n   {16 16 0  0 } {16 16 0  0 } vec2       rg16       GR32  
[   1.153][d][vo/gpu-next/libplacebo]     rg16hf               FLOAT  4    RG   SsLRbBVutHWG n   {16 16 0  0 } {16 16 0  0 } vec2       rg16f            
[   1.153][d][vo/gpu-next/libplacebo]     rg16s                SNORM  4    RG   SsLRbBVutHWG n   {16 16 0  0 } {16 16 0  0 } vec2       rg16_snorm       
[   1.153][d][vo/gpu-next/libplacebo]     rgba16               UNORM  8    RGBA SsLRbBVutHWG n   {16 16 16 16} {16 16 16 16} vec4       rgba16     AB48  
[   1.153][d][vo/gpu-next/libplacebo]     rgba16hf             FLOAT  8    RGBA SsLRbBVutHWG n   {16 16 16 16} {16 16 16 16} vec4       rgba16f    AB4H  
[   1.153][d][vo/gpu-next/libplacebo]     rgba16s              SNORM  8    RGBA SsLRbBVutHWG n   {16 16 16 16} {16 16 16 16} vec4       rgba16_snorm       
[   1.153][d][vo/gpu-next/libplacebo]     r32f                 FLOAT  4    R    SsLRbBVutHWG n   {32 0  0  0 } {32 0  0  0 } float      r32f             
[   1.153][d][vo/gpu-next/libplacebo]     rg32f                FLOAT  8    RG   SsLRbBVutHWG n   {32 32 0  0 } {32 32 0  0 } vec2       rg32f            
[   1.153][d][vo/gpu-next/libplacebo]     rgba32f              FLOAT  16   RGBA SsLRbBVutHWG n   {32 32 32 32} {32 32 32 32} vec4       rgba32f          
[   1.153][d][vo/gpu-next/libplacebo]     bgr5a1               UNORM  2    BGRA S-LRbB-u-H-G n   {5  5  5  1 } {5  5  5  1 } vec4                  AR15  
[   1.153][d][vo/gpu-next/libplacebo]     bgr565               UNORM  2    BGR  S-LRbB-u-H-G n   {5  6  5  0 } {5  6  5  0 } vec3                  RG16  
[   1.153][d][vo/gpu-next/libplacebo]     bgr10a2              UNORM  4    BGRA S-LRbBVu-H-G n   {10 10 10 2 } {10 10 10 2 } vec4                  AR30  
[   1.153][d][vo/gpu-next/libplacebo]     r8i                  SINT   1    R    Ss-R-BVutHWG n   {8  0  0  0 } {8  0  0  0 } int        r8i              
[   1.153][d][vo/gpu-next/libplacebo]     r8u                  UINT   1    R    Ss-R-BVutHWG n   {8  0  0  0 } {8  0  0  0 } uint       r8ui             
[   1.153][d][vo/gpu-next/libplacebo]     rg8i                 SINT   2    RG   Ss-R-BVutHWG n   {8  8  0  0 } {8  8  0  0 } ivec2      rg8i             
[   1.153][d][vo/gpu-next/libplacebo]     rg8u                 UINT   2    RG   Ss-R-BVutHWG n   {8  8  0  0 } {8  8  0  0 } uvec2      rg8ui            
[   1.153][d][vo/gpu-next/libplacebo]     rgba8i               SINT   4    RGBA Ss-R-BVutHWG n   {8  8  8  8 } {8  8  8  8 } ivec4      rgba8i           
[   1.153][d][vo/gpu-next/libplacebo]     rgba8u               UINT   4    RGBA Ss-R-BVutHWG n   {8  8  8  8 } {8  8  8  8 } uvec4      rgba8ui          
[   1.153][d][vo/gpu-next/libplacebo]     rgb10a2u             UINT   4    RGBA Ss-R-BVutHWG n   {10 10 10 2 } {10 10 10 2 } uvec4      rgb10_a2ui       
[   1.153][d][vo/gpu-next/libplacebo]     r16i                 SINT   2    R    Ss-R-BVutHWG n   {16 0  0  0 } {16 0  0  0 } int        r16i             
[   1.153][d][vo/gpu-next/libplacebo]     r16u                 UINT   2    R    Ss-R-BVutHWG n   {16 0  0  0 } {16 0  0  0 } uint       r16ui            
[   1.153][d][vo/gpu-next/libplacebo]     rg16i                SINT   4    RG   Ss-R-BVutHWG n   {16 16 0  0 } {16 16 0  0 } ivec2      rg16i            
[   1.153][d][vo/gpu-next/libplacebo]     rg16u                UINT   4    RG   Ss-R-BVutHWG n   {16 16 0  0 } {16 16 0  0 } uvec2      rg16ui           
[   1.153][d][vo/gpu-next/libplacebo]     rgba16i              SINT   8    RGBA Ss-R-BVutHWG n   {16 16 16 16} {16 16 16 16} ivec4      rgba16i          
[   1.153][d][vo/gpu-next/libplacebo]     rgba16u              UINT   8    RGBA Ss-R-BVutHWG n   {16 16 16 16} {16 16 16 16} uvec4      rgba16ui         
[   1.153][d][vo/gpu-next/libplacebo]     r32i                 SINT   4    R    Ss-R-BVutHWG n   {32 0  0  0 } {32 0  0  0 } int        r32i             
[   1.153][d][vo/gpu-next/libplacebo]     r32u                 UINT   4    R    Ss-R-BVutHWG n   {32 0  0  0 } {32 0  0  0 } uint       r32ui            
[   1.153][d][vo/gpu-next/libplacebo]     rg32i                SINT   8    RG   Ss-R-BVutHWG n   {32 32 0  0 } {32 32 0  0 } ivec2      rg32i            
[   1.153][d][vo/gpu-next/libplacebo]     rg32u                UINT   8    RG   Ss-R-BVutHWG n   {32 32 0  0 } {32 32 0  0 } uvec2      rg32ui           
[   1.153][d][vo/gpu-next/libplacebo]     rgba32i              SINT   16   RGBA Ss-R-BVutHWG n   {32 32 32 32} {32 32 32 32} ivec4      rgba32i          
[   1.153][d][vo/gpu-next/libplacebo]     rgba32u              UINT   16   RGBA Ss-R-BVutHWG n   {32 32 32 32} {32 32 32 32} uvec4      rgba32ui         
[   1.153][d][vo/gpu-next/libplacebo]     a1rgb5               UNORM  2    ARGB S-L----u-H-G n   {1  5  5  5 } {1  5  5  5 } vec4                  BA15  
[   1.153][d][vo/gpu-next/libplacebo]     a1bgr5               UNORM  2    ABGR S-L----u-H-G n   {1  5  5  5 } {1  5  5  5 } vec4                  RA15  
[   1.153][d][vo/gpu-next/libplacebo]     gr4                  UNORM  1    GR   S-L----u-H-G n   {4  4  0  0 } {4  4  0  0 } vec2                        
[   1.153][d][vo/gpu-next/libplacebo]     argb4                UNORM  2    ARGB S-L----u-H-G n   {4  4  4  4 } {4  4  4  4 } vec4                  BA12  
[   1.153][d][vo/gpu-next/libplacebo]     abgr4                UNORM  2    ABGR S-L----u-H-G n   {4  4  4  4 } {4  4  4  4 } vec4                  RA12  
[   1.153][d][vo/gpu-next/libplacebo]     rgb565               UNORM  2    RGB  S-L----u-H-G n   {5  6  5  0 } {5  6  5  0 } vec3                  BG16  
[   1.153][d][vo/gpu-next/libplacebo]     rx10                 UNORM  2    R    S-L------H-G n   {10 0  0  0 } {16 0  0  0 }                             
[   1.153][d][vo/gpu-next/libplacebo]     rxgx10               UNORM  4    RG   S-L------H-G n   {10 10 0  0 } {16 16 0  0 }                             
[   1.153][d][vo/gpu-next/libplacebo]     rx12                 UNORM  2    R    S-L------H-G n   {12 0  0  0 } {16 0  0  0 }                             
[   1.153][d][vo/gpu-next/libplacebo]     rxgx12               UNORM  4    RG   S-L------H-G n   {12 12 0  0 } {16 16 0  0 }                             
[   1.153][d][vo/gpu-next/libplacebo]     bgra8i               SINT   4    BGRA S-----Vu-H-G n   {8  8  8  8 } {8  8  8  8 } ivec4                       
[   1.153][d][vo/gpu-next/libplacebo]     bgra8u               UINT   4    BGRA S-----Vu-H-G n   {8  8  8  8 } {8  8  8  8 } uvec4                       
[   1.153][d][vo/gpu-next/libplacebo]     bgr10a2u             UINT   4    BGRA S-----Vu-H-G n   {10 10 10 2 } {10 10 10 2 } uvec4                       
[   1.153][d][vo/gpu-next/libplacebo]     rgb8i                SINT   3    RGB  ------V--H-- n   {8  8  8  0 } {8  8  8  0 } ivec3                       
[   1.153][d][vo/gpu-next/libplacebo]     rgb8s                SNORM  3    RGB  ------V--H-- n   {8  8  8  0 } {8  8  8  0 } vec3                        
[   1.153][d][vo/gpu-next/libplacebo]     rgb8u                UINT   3    RGB  ------V--H-- n   {8  8  8  0 } {8  8  8  0 } uvec3                       
[   1.153][d][vo/gpu-next/libplacebo]     bgr8                 UNORM  3    BGR  ------V--H-- n   {8  8  8  0 } {8  8  8  0 } vec3                  RG24  
[   1.153][d][vo/gpu-next/libplacebo]     bgr8i                SINT   3    BGR  ------V--H-- n   {8  8  8  0 } {8  8  8  0 } ivec3                       
[   1.153][d][vo/gpu-next/libplacebo]     bgr8u                UINT   3    BGR  ------V--H-- n   {8  8  8  0 } {8  8  8  0 } uvec3                       
[   1.153][d][vo/gpu-next/libplacebo]     rgb10a2i             SINT   4    RGBA ------V--H-- n   {10 10 10 2 } {10 10 10 2 } ivec4                       
[   1.153][d][vo/gpu-next/libplacebo]     rgb10a2s             SNORM  4    RGBA ------V--H-- n   {10 10 10 2 } {10 10 10 2 } vec4                        
[   1.153][d][vo/gpu-next/libplacebo]     bgr10a2i             SINT   4    BGRA ------V--H-- n   {10 10 10 2 } {10 10 10 2 } ivec4                       
[   1.153][d][vo/gpu-next/libplacebo]     bgr10a2s             SNORM  4    BGRA ------V--H-- n   {10 10 10 2 } {10 10 10 2 } vec4                        
[   1.153][d][vo/gpu-next/libplacebo]     rgb16hf              FLOAT  6    RGB  ------V--H-- n   {16 16 16 0 } {16 16 16 0 } vec3                        
[   1.153][d][vo/gpu-next/libplacebo]     rgb16i               SINT   6    RGB  ------V--H-- n   {16 16 16 0 } {16 16 16 0 } ivec3                       
[   1.153][d][vo/gpu-next/libplacebo]     rgb16s               SNORM  6    RGB  ------V--H-- n   {16 16 16 0 } {16 16 16 0 } vec3                        
[   1.153][d][vo/gpu-next/libplacebo]     rgb16u               UINT   6    RGB  ------V--H-- n   {16 16 16 0 } {16 16 16 0 } uvec3                       
[   1.153][d][vo/gpu-next/libplacebo]     rgb32f               FLOAT  12   RGB  ------Vu-H-- n   {32 32 32 0 } {32 32 32 0 } vec3                        
[   1.153][d][vo/gpu-next/libplacebo]     rgb32i               SINT   12   RGB  ------Vu-H-- n   {32 32 32 0 } {32 32 32 0 } ivec3                       
[   1.153][d][vo/gpu-next/libplacebo]     rgb32u               UINT   12   RGB  ------Vu-H-- n   {32 32 32 0 } {32 32 32 0 } uvec3                       
[   1.153][d][vo/gpu-next/libplacebo]     rgb8                 UNORM  3    RGB  SsLRbBV--HWG y   {8  8  8  0 } {8  8  8  0 } vec3       rgba8      BG24  
[   1.153][d][vo/gpu-next/libplacebo]     rgb16                UNORM  6    RGB  SsLRbBV--HWG y   {16 16 16 0 } {16 16 16 0 } vec3       rgba16           
[   1.153][d][vo/gpu-next/libplacebo]     r16f                 FLOAT  4    R    SsLRbB---HWG y   {16 0  0  0 } {32 0  0  0 }            r16f             
[   1.153][d][vo/gpu-next/libplacebo]     rg16f                FLOAT  8    RG   SsLRbB---HWG y   {16 16 0  0 } {32 32 0  0 }            rg16f            
[   1.153][d][vo/gpu-next/libplacebo]     rgba16f              FLOAT  16   RGBA SsLRbB---HWG y   {16 16 16 16} {32 32 32 32}            rgba16f          
[   1.153][d][vo/gpu-next/libplacebo]     rgb16f               FLOAT  12   RGB  ---------H-- y   {16 16 16 0 } {32 32 32 0 }                             
[   1.153][d][vo/gpu-next/libplacebo]     g8_b8_r8_420         UNORM  0         ------------ n   {8  8  8  0 } {0  0  0  0 }                       YU12  
[   1.153][d][vo/gpu-next/libplacebo]     g8_b8_r8_422         UNORM  0         ------------ n   {8  8  8  0 } {0  0  0  0 }                       YU16  
[   1.153][d][vo/gpu-next/libplacebo]     g8_b8_r8_444         UNORM  0         ------------ n   {8  8  8  0 } {0  0  0  0 }                       YU24  
[   1.153][d][vo/gpu-next/libplacebo]     g8_br8_420           UNORM  0         ------------ n   {8  8  8  0 } {0  0  0  0 }                       NV12  
[   1.153][d][vo/gpu-next/libplacebo]     g8_br8_422           UNORM  0         ------------ n   {8  8  8  0 } {0  0  0  0 }                       NV16  
[   1.153][d][vo/gpu-next/libplacebo]     g8_br8_444           UNORM  0         ------------ n   {8  8  8  0 } {0  0  0  0 }                       NV24  
[   1.153][d][vo/gpu-next/libplacebo]     gx10_bx10_rx10_420   UNORM  0         ------------ n   {10 10 10 0 } {0  0  0  0 }                             
[   1.153][d][vo/gpu-next/libplacebo]     gx10_bx10_rx10_422   UNORM  0         ------------ n   {10 10 10 0 } {0  0  0  0 }                             
[   1.153][d][vo/gpu-next/libplacebo]     gx10_bx10_rx10_444   UNORM  0         ------------ n   {10 10 10 0 } {0  0  0  0 }                       Q410  
[   1.153][d][vo/gpu-next/libplacebo]     gx10_bxrx10_420      UNORM  0         ------------ n   {10 10 10 0 } {0  0  0  0 }                       P010  
[   1.153][d][vo/gpu-next/libplacebo]     gx10_bxrx10_422      UNORM  0         ------------ n   {10 10 10 0 } {0  0  0  0 }                       P210  
[   1.153][d][vo/gpu-next/libplacebo]     gx10_bxrx10_444      UNORM  0         ------------ n   {10 10 10 0 } {0  0  0  0 }                             
[   1.153][d][vo/gpu-next/libplacebo]     gx12_bx12_rx12_420   UNORM  0         ------------ n   {12 12 12 0 } {0  0  0  0 }                             
[   1.153][d][vo/gpu-next/libplacebo]     gx12_bx12_rx12_422   UNORM  0         ------------ n   {12 12 12 0 } {0  0  0  0 }                             
[   1.153][d][vo/gpu-next/libplacebo]     gx12_bx12_rx12_444   UNORM  0         ------------ n   {12 12 12 0 } {0  0  0  0 }                             
[   1.153][d][vo/gpu-next/libplacebo]     gx12_bxrx12_420      UNORM  0         ------------ n   {12 12 12 0 } {0  0  0  0 }                       P012  
[   1.153][d][vo/gpu-next/libplacebo]     gx12_bxrx12_422      UNORM  0         ------------ n   {12 12 12 0 } {0  0  0  0 }                             
[   1.153][d][vo/gpu-next/libplacebo]     gx12_bxrx12_444      UNORM  0         ------------ n   {12 12 12 0 } {0  0  0  0 }                             
[   1.153][d][vo/gpu-next/libplacebo]     g16_b16_r16_420      UNORM  0         ------------ n   {16 16 16 0 } {0  0  0  0 }                             
[   1.153][d][vo/gpu-next/libplacebo]     g16_b16_r16_422      UNORM  0         ------------ n   {16 16 16 0 } {0  0  0  0 }                             
[   1.153][d][vo/gpu-next/libplacebo]     g16_b16_r16_444      UNORM  0         ------------ n   {16 16 16 0 } {0  0  0  0 }                             
[   1.153][d][vo/gpu-next/libplacebo]     g16_br16_420         UNORM  0         ------------ n   {16 16 16 0 } {0  0  0  0 }                       P016  
[   1.153][d][vo/gpu-next/libplacebo]     g16_br16_422         UNORM  0         ------------ n   {16 16 16 0 } {0  0  0  0 }                             
[   1.153][d][vo/gpu-next/libplacebo]     g16_br16_444         UNORM  0         ------------ n   {16 16 16 0 } {0  0  0  0 }                             
[   1.157][v][vo/gpu-next/libplacebo] Available surface configurations:
[   1.157][v][vo/gpu-next/libplacebo]     0: VK_FORMAT_A2B10G10R10_UNORM_PACK32       VK_COLOR_SPACE_SRGB_NONLINEAR_KHR
[   1.157][v][vo/gpu-next/libplacebo]     1: VK_FORMAT_A2B10G10R10_UNORM_PACK32       VK_COLOR_SPACE_PASS_THROUGH_EXT
[   1.157][v][vo/gpu-next/libplacebo]     2: VK_FORMAT_A2B10G10R10_UNORM_PACK32       VK_COLOR_SPACE_BT709_NONLINEAR_EXT
[   1.157][v][vo/gpu-next/libplacebo]     3: VK_FORMAT_A2B10G10R10_UNORM_PACK32       VK_COLOR_SPACE_HDR10_ST2084_EXT
[   1.157][v][vo/gpu-next/libplacebo]     4: VK_FORMAT_A2R10G10B10_UNORM_PACK32       VK_COLOR_SPACE_SRGB_NONLINEAR_KHR
[   1.157][v][vo/gpu-next/libplacebo]     5: VK_FORMAT_A2R10G10B10_UNORM_PACK32       VK_COLOR_SPACE_PASS_THROUGH_EXT
[   1.157][v][vo/gpu-next/libplacebo]     6: VK_FORMAT_A2R10G10B10_UNORM_PACK32       VK_COLOR_SPACE_BT709_NONLINEAR_EXT
[   1.157][v][vo/gpu-next/libplacebo]     7: VK_FORMAT_A2R10G10B10_UNORM_PACK32       VK_COLOR_SPACE_HDR10_ST2084_EXT
[   1.157][v][vo/gpu-next/libplacebo]     8: VK_FORMAT_B8G8R8A8_SRGB                  VK_COLOR_SPACE_SRGB_NONLINEAR_KHR
[   1.157][v][vo/gpu-next/libplacebo]     9: VK_FORMAT_B8G8R8A8_SRGB                  VK_COLOR_SPACE_PASS_THROUGH_EXT
[   1.157][v][vo/gpu-next/libplacebo]     10: VK_FORMAT_B8G8R8A8_SRGB                  VK_COLOR_SPACE_BT709_NONLINEAR_EXT
[   1.157][v][vo/gpu-next/libplacebo]     11: VK_FORMAT_B8G8R8A8_UNORM                 VK_COLOR_SPACE_SRGB_NONLINEAR_KHR
[   1.157][v][vo/gpu-next/libplacebo]     12: VK_FORMAT_B8G8R8A8_UNORM                 VK_COLOR_SPACE_PASS_THROUGH_EXT
[   1.157][v][vo/gpu-next/libplacebo]     13: VK_FORMAT_B8G8R8A8_UNORM                 VK_COLOR_SPACE_BT709_NONLINEAR_EXT
[   1.157][v][vo/gpu-next/libplacebo]     14: VK_FORMAT_R8G8B8A8_SRGB                  VK_COLOR_SPACE_SRGB_NONLINEAR_KHR
[   1.157][v][vo/gpu-next/libplacebo]     15: VK_FORMAT_R8G8B8A8_SRGB                  VK_COLOR_SPACE_PASS_THROUGH_EXT
[   1.157][v][vo/gpu-next/libplacebo]     16: VK_FORMAT_R8G8B8A8_SRGB                  VK_COLOR_SPACE_BT709_NONLINEAR_EXT
[   1.157][v][vo/gpu-next/libplacebo]     17: VK_FORMAT_R8G8B8A8_UNORM                 VK_COLOR_SPACE_SRGB_NONLINEAR_KHR
[   1.157][v][vo/gpu-next/libplacebo]     18: VK_FORMAT_R8G8B8A8_UNORM                 VK_COLOR_SPACE_PASS_THROUGH_EXT
[   1.157][v][vo/gpu-next/libplacebo]     19: VK_FORMAT_R8G8B8A8_UNORM                 VK_COLOR_SPACE_BT709_NONLINEAR_EXT
[   1.157][v][vo/gpu-next/libplacebo]     20: VK_FORMAT_R16G16B16A16_SFLOAT            VK_COLOR_SPACE_SRGB_NONLINEAR_KHR
[   1.157][v][vo/gpu-next/libplacebo]     21: VK_FORMAT_R16G16B16A16_SFLOAT            VK_COLOR_SPACE_PASS_THROUGH_EXT
[   1.157][v][vo/gpu-next/libplacebo]     22: VK_FORMAT_R16G16B16A16_SFLOAT            VK_COLOR_SPACE_EXTENDED_SRGB_LINEAR_EXT
[   1.157][v][vo/gpu-next/libplacebo]     23: VK_FORMAT_R16G16B16A16_SFLOAT            VK_COLOR_SPACE_DISPLAY_P3_LINEAR_EXT
[   1.157][v][vo/gpu-next/libplacebo]     24: VK_FORMAT_R16G16B16A16_SFLOAT            VK_COLOR_SPACE_BT709_LINEAR_EXT
[   1.157][v][vo/gpu-next/libplacebo]     25: VK_FORMAT_R16G16B16A16_SFLOAT            VK_COLOR_SPACE_BT709_NONLINEAR_EXT
[   1.157][v][vo/gpu-next/libplacebo]     26: VK_FORMAT_R16G16B16A16_SFLOAT            VK_COLOR_SPACE_BT2020_LINEAR_EXT
[   1.157][v][vo/gpu-next/libplacebo]     27: VK_FORMAT_R16G16B16A16_SFLOAT            VK_COLOR_SPACE_ADOBERGB_LINEAR_EXT
[   1.157][v][vo/gpu-next/libplacebo] Picked surface configuration 0: VK_FORMAT_A2B10G10R10_UNORM_PACK32 + VK_COLOR_SPACE_SRGB_NONLINEAR_KHR
[   1.157][d][global] config path: 'cache/shaders_cache' -> '/home/beiming/.config/mpv/cache/shaders_cache'
[   1.157][d][global] user path: '~~/cache/shaders_cache' -> '/home/beiming/.config/mpv/cache/shaders_cache'
[   1.157][d][global] cache path: '' -> '/home/beiming/.cache/mpv'
[   1.157][d][vo/gpu-next] Render options updated, resetting render state.
[   1.160][v][vo/gpu-next/wayland] Preferred surface feedback received:
[   1.160][v][vo/gpu-next/wayland] transfer: gamma2.2, primaries: auto
[   1.160][v][vo/gpu-next/wayland] transfer: min_luma=0.010000, max_luma=200.000000, ref_luma=187.000000
[   1.160][v][vo/gpu-next/wayland] target: min_luma=0.010000, max_luma=442.000000, max_cll=442.000000, max_fall=442.000000
[   1.160][v][vo/gpu-next/wayland]         raw prims: red.x=0.640000,   red.y=0.330000,
[   1.160][v][vo/gpu-next/wayland]                    green.x=0.300000, green.y=0.600000,
[   1.160][v][vo/gpu-next/wayland]                    blue.x=0.150000,  blue.y=0.060000,
[   1.160][v][vo/gpu-next/wayland]                    white.x=0.323368, white.y=0.337147
[   1.160][v][vo/gpu-next/wayland] Setting preferred transfer to PQ for HDR output.
[   1.160][v][vo/gpu-next] Assuming 60.000000 FPS for display sync.
[   1.160][v][vd] Container reported FPS: 25.000000
[   1.160][v][vd] Codec list:
[   1.160][v][vd]     h264 - H.264 / AVC / MPEG-4 AVC / MPEG-4 part 10
[   1.160][v][vd]     h264_v4l2m2m (h264) - V4L2 mem2mem H.264 decoder wrapper
[   1.160][v][vd]     h264_qsv (h264) - H264 video (Intel Quick Sync Video acceleration)
[   1.160][v][vd]     h264_amf (h264) - H264 AMD AMF video decoder
[   1.160][v][vd]     h264_cuvid (h264) - Nvidia CUVID H264 decoder
[   1.160][v][vd] Opening decoder h264
[   1.161][v][vd] Looking at hwdec h264-vulkan...
[   1.161][v][vd] Not using this for auto-copy.
[   1.161][v][vd] Looking at hwdec h264-nvdec...
[   1.161][v][vd] Not using this for auto-copy.
[   1.161][v][vd] Looking at hwdec h264-vaapi...
[   1.161][v][vd] Not using this for auto-copy.
[   1.161][v][vd] Looking at hwdec h264-vulkan-copy...
[   1.162][d][ffmpeg] Vulkan: Supported layers:
[   1.162][d][ffmpeg] Vulkan: 	VK_LAYER_VALVE_steam_overlay_32
[   1.162][d][ffmpeg] Vulkan: 	VK_LAYER_VALVE_steam_overlay_64
[   1.162][d][ffmpeg] Vulkan: 	VK_LAYER_VALVE_steam_fossilize_32
[   1.162][d][ffmpeg] Vulkan: 	VK_LAYER_VALVE_steam_fossilize_64
[   1.162][d][ffmpeg] Vulkan: 	VK_LAYER_MESA_anti_lag
[   1.162][d][ffmpeg] Vulkan: 	VK_LAYER_MESA_device_select
[   1.162][d][ffmpeg] Vulkan: 	VK_LAYER_MANGOHUD_overlay_x86_64
[   1.162][d][ffmpeg] Vulkan: 	VK_LAYER_NV_optimus
[   1.162][d][ffmpeg] Vulkan: 	VK_LAYER_NV_present
[   1.185][d][ffmpeg] Vulkan: GPU listing:
[   1.185][d][ffmpeg] Vulkan:     0: Intel(R) Graphics (RPL-S) (integrated) (0xa788)
[   1.185][d][ffmpeg] Vulkan:     1: NVIDIA GeForce RTX 5060 Laptop GPU (discrete) (0x2d19)
[   1.185][d][ffmpeg] Vulkan: Device 0 selected: Intel(R) Graphics (RPL-S) (integrated) (0xa788)
[   1.185][d][ffmpeg] Vulkan: Using device extension VK_KHR_push_descriptor
[   1.185][d][ffmpeg] Vulkan: Using device extension VK_EXT_physical_device_drm
[   1.185][d][ffmpeg] Vulkan: Using device extension VK_EXT_shader_atomic_float
[   1.185][d][ffmpeg] Vulkan: Using device extension VK_EXT_shader_object
[   1.185][d][ffmpeg] Vulkan: Using device extension VK_KHR_shader_subgroup_rotate
[   1.186][d][ffmpeg] Vulkan: Using device extension VK_EXT_host_image_copy
[   1.186][d][ffmpeg] Vulkan: Using device extension VK_KHR_workgroup_memory_explicit_layout
[   1.186][d][ffmpeg] Vulkan: Using device extension VK_KHR_shader_relaxed_extended_instruction
[   1.186][d][ffmpeg] Vulkan: Using device extension VK_EXT_shader_replicated_composites
[   1.186][d][ffmpeg] Vulkan: Using device extension VK_KHR_shader_expect_assume
[   1.186][d][ffmpeg] Vulkan: Using device extension VK_KHR_internally_synchronized_queues
[   1.186][d][ffmpeg] Vulkan: Using device extension VK_KHR_external_memory_fd
[   1.186][d][ffmpeg] Vulkan: Using device extension VK_EXT_external_memory_dma_buf
[   1.186][d][ffmpeg] Vulkan: Using device extension VK_EXT_image_drm_format_modifier
[   1.186][d][ffmpeg] Vulkan: Using device extension VK_KHR_external_semaphore_fd
[   1.186][d][ffmpeg] Vulkan: Using device extension VK_EXT_external_memory_host
[   1.186][d][ffmpeg] Vulkan: Queue families:
[   1.186][d][ffmpeg] Vulkan:     0: graphics compute transfer sparse (queues: 1)
[   1.203][d][ffmpeg] Vulkan: Using device: Intel(R) Graphics (RPL-S)
[   1.203][d][ffmpeg] Vulkan: Alignments:
[   1.203][d][ffmpeg] Vulkan:     optimalBufferCopyRowPitchAlignment: 64
[   1.203][d][ffmpeg] Vulkan:     minMemoryMapAlignment:              4096
[   1.203][d][ffmpeg] Vulkan:     nonCoherentAtomSize:                64
[   1.203][d][ffmpeg] Vulkan:     minImportedHostPointerAlignment:    4096
[   1.203][v][vd] Trying hardware decoding via h264-vulkan-copy.
[   1.203][v][vd] Requesting 4 threads for decoding.
[   1.205][v][vd] Selected decoder: h264 - H.264 / AVC / MPEG-4 AVC / MPEG-4 part 10
[   1.205][v][vf] User filter list:
[   1.205][v][vf]   (empty)
[   1.206][v][ad] Codec list:
[   1.206][v][ad]     aac - AAC (Advanced Audio Coding)
[   1.206][v][ad]     aac_fixed (aac) - AAC (Advanced Audio Coding)
[   1.206][v][ad] Opening decoder aac
[   1.206][v][ad] Requesting 1 threads for decoding.
[   1.210][v][ad] Selected decoder: aac - AAC (Advanced Audio Coding)
[   1.210][v][af] User filter list:
[   1.210][v][af]   (empty)
[   1.210][v][cplayer] Starting playback...
[   1.210][d][global] config path: 'cache/watch_later' -> '/home/beiming/.config/mpv/cache/watch_later'
[   1.210][d][global] user path: '~~/cache/watch_later' -> '/home/beiming/.config/mpv/cache/watch_later'
[   1.210][d][global] config path: 'cache/watch_later' -> '/home/beiming/.config/mpv/cache/watch_later'
[   1.210][d][global] user path: '~~/cache/watch_later' -> '/home/beiming/.config/mpv/cache/watch_later'
[   1.210][d][global] config path: 'cache/watch_later' -> '/home/beiming/.config/mpv/cache/watch_later'
[   1.210][d][global] user path: '~~/cache/watch_later' -> '/home/beiming/.config/mpv/cache/watch_later'
[   1.210][d][global] config path: 'cache/watch_later' -> '/home/beiming/.config/mpv/cache/watch_later'
[   1.210][d][global] user path: '~~/cache/watch_later' -> '/home/beiming/.config/mpv/cache/watch_later'
[   1.211][d][global] config path: 'cache/watch_later' -> '/home/beiming/.config/mpv/cache/watch_later'
[   1.211][d][global] user path: '~~/cache/watch_later' -> '/home/beiming/.config/mpv/cache/watch_later'
[   1.211][v][lavf] queuing seek to 1055.160000
[   1.211][v][cplayer] hr-seek, skipping to 1055.160000
[   1.211][v][lavf] execute seek (to 1055.160000 flags 32)
[   1.211][v][lavf] seek done
[   1.211][v][file] stream level seek from 1019845257 to 853267975
[   1.213][d][cplayer] Run command: overlay-remove, flags=64, args=[id="42"]
[   1.213][d][cplayer] Run command: script-message, flags=64, args=[args="thumbfast-info", args="{\"width\":200,\"available\":true,\"thumbnail\":\"/tmp/thumbfast.out5290\",\"height\":200,\"overlay_id\":42,\"scale_factor\":1,\"disabled\":false,\"socket\":\"/tmp/thumbfast5290\"}"]
[   1.213][d][global] config path: 'fonts' -> '/home/beiming/.config/mpv/fonts'
[   1.213][d][osd/libass] ASS library version: 0x1705000 (runtime 0x1705000)
[   1.213][v][osd/libass] libass API version: 0x1705000
[   1.213][v][osd/libass] libass source: commit: 0.17.5-0-g4a05d8127f525943ebf45fdc6497c9e665947f0d
[   1.214][d][lavf] stream 1: resize index to 128
[   1.214][v][osd/libass] Shaper: FriBidi 1.0.16 (SIMPLE) HarfBuzz-ng 14.3.1 (COMPLEX)
[   1.214][d][global] config path: 'subfont.ttf' -/-> '/home/beiming/.config/mpv/subfont.ttf'
[   1.214][d][global] config path: 'subfont.ttf' -/-> '/home/beiming/.mpv/subfont.ttf'
[   1.214][d][global] config path: 'subfont.ttf' -/-> '/etc/mpv/subfont.ttf'
[   1.214][d][global] config path: 'fonts.conf' -/-> '/home/beiming/.config/mpv/fonts.conf'
[   1.214][d][global] config path: 'fonts.conf' -/-> '/home/beiming/.mpv/fonts.conf'
[   1.214][d][global] config path: 'fonts.conf' -/-> '/etc/mpv/fonts.conf'
[   1.214][v][osd/libass] Setting up fonts...
[   1.221][v][osd/libass] Loading font file '/home/beiming/.config/mpv/fonts/uosc_icons.otf'
[   1.222][d][lavf] stream 0: resize index to 128
[   1.224][v][osd/libass] Loading font file '/home/beiming/.config/mpv/fonts/uosc_textures.ttf'
[   1.233][v][osd/libass] Using font provider fontconfig
[   1.233][v][osd/libass] Done.
[   1.234][v][vd] Pixel formats supported by decoder: vdpau vulkan cuda vaapi yuv420p
[   1.234][v][vd] Codec profile: High (0x64)
[   1.234][v][vd] Requesting pixfmt 'vulkan' from decoder.
[   1.234][e][ffmpeg/video] h264: Device does not support the VK_KHR_video_decode_queue extension!
[   1.235][e][ffmpeg/video] h264: Failed setup for format vulkan: hwaccel initialisation returned error.
[   1.235][v][vd] Pixel formats supported by decoder: vdpau cuda vaapi yuv420p yuv420p
[   1.235][v][vd] Codec profile: High (0x64)
[   1.235][v][vd] Requesting pixfmt '-' from decoder.
[   1.235][e][ffmpeg/video] h264: no frame!
[   1.235][v][vd] Pixel formats supported by decoder: vdpau vulkan cuda vaapi yuv420p
[   1.235][v][vd] Codec profile: High (0x64)
[   1.235][v][vd] Requesting pixfmt 'vulkan' from decoder.
[   1.235][e][ffmpeg/video] h264: Device does not support the VK_KHR_video_decode_queue extension!
[   1.235][e][ffmpeg/video] h264: Failed setup for format vulkan: hwaccel initialisation returned error.
[   1.235][v][vd] Pixel formats supported by decoder: vdpau cuda vaapi yuv420p yuv420p
[   1.235][v][vd] Codec profile: High (0x64)
[   1.235][v][vd] Requesting pixfmt '-' from decoder.
[   1.235][e][ffmpeg/video] h264: no frame!
[   1.237][v][vd] Attempting next decoding method after failure of h264-vulkan-copy.
[   1.237][d][vd] Skipping previously attempted hwdec: h264-vulkan
[   1.237][d][vd] Skipping previously attempted hwdec: h264-nvdec
[   1.237][d][vd] Skipping previously attempted hwdec: h264-vaapi
[   1.237][d][vd] Skipping previously attempted hwdec: h264-vulkan-copy
[   1.237][v][vd] Looking at hwdec h264-nvdec-copy...
[   1.537][v][vd] Trying hardware decoding via h264-nvdec-copy.
[   1.537][v][vd] Requesting 4 threads for decoding.
[   1.538][v][vd] Pixel formats supported by decoder: vdpau vulkan cuda vaapi yuv420p
[   1.538][v][vd] Codec profile: High (0x64)
[   1.538][v][vd] Requesting pixfmt 'cuda' from decoder.
[   1.565][d][ffmpeg/video] h264: NVDEC capabilities:
[   1.565][d][ffmpeg/video] h264: format supported: yes, max_mb_count: 262144
[   1.565][d][ffmpeg/video] h264: min_width: 48, max_width: 8192
[   1.565][d][ffmpeg/video] h264: min_height: 64, max_height: 8192
[   1.598][d][ffmpeg/video] h264: Reinit context to 2560x1920, pix_fmt: cuda
[   1.643][i][vd] Using hardware decoding (nvdec-copy).
[   1.643][d][cplayer] Run command: script-message, flags=64, args=[args="thumbfast-info", args="{\"width\":200,\"available\":true,\"thumbnail\":\"/tmp/thumbfast.out5290\",\"height\":200,\"overlay_id\":42,\"scale_factor\":1,\"disabled\":false,\"socket\":\"/tmp/thumbfast5290\"}"]
[   1.644][v][vd] Decoder format: 2560x1920 nv12 auto/auto/auto/auto/auto CL=mpeg2/4/h264 crop=2560x1920+0+0 A=none
[   1.644][v][vd] Using container aspect ratio.
[   1.644][v][vf] [in] 2560x1920 nv12 bt.709/bt.709/bt.1886/limited/display CL=mpeg2/4/h264 crop=2560x1920+0+0 A=none
[   1.644][v][vf] [userdeint] 2560x1920 nv12 bt.709/bt.709/bt.1886/limited/display CL=mpeg2/4/h264 crop=2560x1920+0+0 A=none
[   1.644][v][vf] [userdeint] (disabled)
[   1.644][v][vf] [autovflip] 2560x1920 nv12 bt.709/bt.709/bt.1886/limited/display CL=mpeg2/4/h264 crop=2560x1920+0+0 A=none
[   1.644][v][vf] [autovflip] (disabled)
[   1.644][v][vf] [autorotate] 2560x1920 nv12 bt.709/bt.709/bt.1886/limited/display CL=mpeg2/4/h264 crop=2560x1920+0+0 A=none
[   1.644][v][vf] [autorotate] (disabled)
[   1.644][v][vf] [convert] 2560x1920 nv12 bt.709/bt.709/bt.1886/limited/display CL=mpeg2/4/h264 crop=2560x1920+0+0 A=none
[   1.644][v][vf] [convert] (disabled)
[   1.644][v][vf] [out] 2560x1920 nv12 bt.709/bt.709/bt.1886/limited/display CL=mpeg2/4/h264 crop=2560x1920+0+0 A=none
[   1.645][v][af] [in] 48000Hz stereo 2ch floatp
[   1.645][v][af] [userspeed] 48000Hz stereo 2ch floatp
[   1.645][v][af] [userspeed] (disabled)
[   1.645][v][af] [convert] 48000Hz stereo 2ch floatp
[   1.645][v][ao] Trying audio driver 'pipewire'
[   1.645][v][ao/pipewire] requested format: 48000 Hz, stereo channels, floatp
[   1.646][v][ao/pipewire] Headers version: 1.6.8
[   1.646][v][ao/pipewire] Library version: 1.6.8
[   1.653][v][ao/pipewire] Core user: beiming
[   1.653][v][ao/pipewire] Core host: beiming
[   1.653][v][ao/pipewire] Core version: 1.6.8
[   1.653][v][ao/pipewire] Core name: pipewire-0
[   1.653][d][ao/pipewire] Stream state changed: old_state=unconnected state=connecting error=(null)
[   1.655][v][ao/pipewire] using soft-buffer of 9600 samples.
[   1.655][i][cplayer] AO: [pipewire] 48000Hz stereo 2ch floatp
[   1.655][v][cplayer] AO: Description: PipeWire audio output
[   1.656][v][af] [convert] (disabled)
[   1.656][v][af] [out] 48000Hz stereo 2ch floatp
[   1.656][d][ao/pipewire] Stream state changed: old_state=connecting state=paused error=(null)
[   1.739][i][cplayer] VO: [gpu-next] 2560x1920 nv12
[   1.739][v][cplayer] VO: Description: Video output based on libplacebo
[   1.739][v][vo/gpu-next] reconfig to 2560x1920 nv12 bt.709/bt.709/bt.1886/limited/display CL=mpeg2/4/h264 crop=2560x1920+0+0 A=none
[   1.739][v][vo/gpu-next/wayland] Reconfiguring!
[   1.739][d][vo/gpu-next] max content size: 2560x1440
[   1.739][d][vo/gpu-next] monitor size: 2560x1440
[   1.739][v][vo/gpu-next] Window size: 1728x1296 (Borders: l=0 t=0 r=0 b=0)
[   1.739][v][vo/gpu-next] Video source: 2560x1920 (1:1)
[   1.739][v][vo/gpu-next] Video display: (0, 0) 2560x1920 -> (0, 0) 1728x1296
[   1.739][v][vo/gpu-next] Video scale: 0.675000/0.675000
[   1.739][v][vo/gpu-next] OSD borders: l=0 t=0 r=0 b=0
[   1.739][v][vo/gpu-next] Video borders: l=0 t=0 r=0 b=0
[   1.739][v][vo/gpu-next/wayland] Handling resize on the vk side
[   1.739][d][vo/gpu-next/libplacebo] Requested alpha compositing mode: VK_COMPOSITE_ALPHA_PRE_MULTIPLIED_BIT_KHR
[   1.739][d][vo/gpu-next/libplacebo] Requested surface transform: VK_SURFACE_TRANSFORM_IDENTITY_BIT_KHR
[   1.739][d][vo/gpu-next/libplacebo] Requested image count: 3 (min 2 max 8)
[   1.739][d][vo/gpu-next/libplacebo] Requested image size: 1728x1296 (min 1x1 < cur -1x-1 < max 16384x16384)
[   1.739][d][vo/gpu-next/libplacebo] (Re)creating swapchain of size 1728x1296
[   1.787][v][vo/gpu-next] Window size: 1728x1296 (Borders: l=0 t=0 r=0 b=0)
[   1.787][v][vo/gpu-next] Video source: 2560x1920 (1:1)
[   1.787][v][vo/gpu-next] Video display: (0, 0) 2560x1920 -> (0, 0) 1728x1296
[   1.787][v][vo/gpu-next] Video scale: 0.675000/0.675000
[   1.787][v][vo/gpu-next] OSD borders: l=0 t=0 r=0 b=0
[   1.787][v][vo/gpu-next] Video borders: l=0 t=0 r=0 b=0
[   1.787][d][vo/gpu-next/libplacebo] First frame received with non-zero PTS 1055.160000
[   1.787][v][vo/gpu-next/libplacebo] Picked surface configuration 23: VK_FORMAT_R16G16B16A16_SFLOAT + VK_COLOR_SPACE_DISPLAY_P3_LINEAR_EXT
[   1.787][d][vo/gpu-next/libplacebo] Requested alpha compositing mode: VK_COMPOSITE_ALPHA_PRE_MULTIPLIED_BIT_KHR
[   1.787][d][vo/gpu-next/libplacebo] Requested surface transform: VK_SURFACE_TRANSFORM_IDENTITY_BIT_KHR
[   1.787][d][vo/gpu-next/libplacebo] Requested image count: 3 (min 2 max 8)
[   1.787][d][vo/gpu-next/libplacebo] Requested image size: 0x0 (min 1x1 < cur -1x-1 < max 16384x16384)
[   1.787][d][vo/gpu-next/libplacebo] (Re)creating swapchain of size 1728x1296
[   1.804][d][vo/gpu-next/libplacebo] (Re)creating 2560x1920x0 texture with format r8: ../src/utils/upload.c:239
[   1.804][d][vo/gpu-next/libplacebo] Allocating 4915200 memory of type 0x1 (id 1) in heap 0: ../src/utils/upload.c:239
[   1.804][d][vo/gpu-next/libplacebo] Memory types supported by device:
[   1.804][d][vo/gpu-next/libplacebo]     0: flags 0x0 heap 1
[   1.804][d][vo/gpu-next/libplacebo]     1: flags 0x1 heap 0
[   1.804][d][vo/gpu-next/libplacebo]     2: flags 0x6 heap 1
[   1.804][d][vo/gpu-next/libplacebo]     3: flags 0xe heap 1
[   1.804][d][vo/gpu-next/libplacebo]     4: flags 0x7 heap 0
[   1.804][d][vo/gpu-next/libplacebo] Spent 0.168 ms allocating slab
[   1.804][d][vo/gpu-next/libplacebo] Allocating 4915200 memory of type 0x7 (id 4) in heap 0: ../src/gpu/utils.c:576
[   1.804][d][vo/gpu-next/libplacebo] Memory types supported by device:
[   1.804][d][vo/gpu-next/libplacebo]     0: flags 0x0 heap 1
[   1.804][d][vo/gpu-next/libplacebo]     1: flags 0x1 heap 0
[   1.804][d][vo/gpu-next/libplacebo]     2: flags 0x6 heap 1
[   1.804][d][vo/gpu-next/libplacebo]     3: flags 0xe heap 1
[   1.804][d][vo/gpu-next/libplacebo]     4: flags 0x7 heap 0
[   1.804][d][vo/gpu-next/libplacebo] Spent 0.197 ms allocating slab
[   1.806][d][vo/gpu-next/libplacebo] (Re)creating 1280x960x0 texture with format rg8: ../src/utils/upload.c:239
[   1.806][d][vo/gpu-next/libplacebo] Allocating 2621440 memory of type 0x1 (id 1) in heap 0: ../src/utils/upload.c:239
[   1.806][d][vo/gpu-next/libplacebo] Memory types supported by device:
[   1.806][d][vo/gpu-next/libplacebo]     0: flags 0x0 heap 1
[   1.806][d][vo/gpu-next/libplacebo]     1: flags 0x1 heap 0
[   1.806][d][vo/gpu-next/libplacebo]     2: flags 0x6 heap 1
[   1.806][d][vo/gpu-next/libplacebo]     3: flags 0xe heap 1
[   1.806][d][vo/gpu-next/libplacebo]     4: flags 0x7 heap 0
[   1.806][d][vo/gpu-next/libplacebo] Spent 0.113 ms allocating slab
[   1.806][d][vo/gpu-next/libplacebo] Allocating 2457600 memory of type 0x7 (id 4) in heap 0: ../src/gpu/utils.c:576
[   1.806][d][vo/gpu-next/libplacebo] Memory types supported by device:
[   1.806][d][vo/gpu-next/libplacebo]     0: flags 0x0 heap 1
[   1.806][d][vo/gpu-next/libplacebo]     1: flags 0x1 heap 0
[   1.806][d][vo/gpu-next/libplacebo]     2: flags 0x6 heap 1
[   1.806][d][vo/gpu-next/libplacebo]     3: flags 0xe heap 1
[   1.806][d][vo/gpu-next/libplacebo]     4: flags 0x7 heap 0
[   1.806][d][vo/gpu-next/libplacebo] Spent 0.153 ms allocating slab
[   1.806][d][vo/gpu-next/libplacebo] LUT invalidated, regenerating..
[   1.806][d][vo/gpu-next/libplacebo] Spent 0.002 ms generating shader LUT
[   1.806][d][vo/gpu-next/libplacebo] Allocating 262144 memory of type 0x1 (id 1) in heap 0: ../src/utils/upload.c:239
[   1.806][d][vo/gpu-next/libplacebo] Memory types supported by device:
[   1.806][d][vo/gpu-next/libplacebo]     0: flags 0x0 heap 1
[   1.806][d][vo/gpu-next/libplacebo]     1: flags 0x1 heap 0
[   1.806][d][vo/gpu-next/libplacebo]     2: flags 0x6 heap 1
[   1.806][d][vo/gpu-next/libplacebo]     3: flags 0xe heap 1
[   1.806][d][vo/gpu-next/libplacebo]     4: flags 0x7 heap 0
[   1.806][d][vo/gpu-next/libplacebo] Spent 0.085 ms allocating slab
[   1.806][d][vo/gpu-next/libplacebo] Allocating 258048 memory of type 0x7 (id 4) in heap 0: ../src/gpu/utils.c:576
[   1.807][d][vo/gpu-next/libplacebo] Memory types supported by device:
[   1.807][d][vo/gpu-next/libplacebo]     0: flags 0x0 heap 1
[   1.807][d][vo/gpu-next/libplacebo]     1: flags 0x1 heap 0
[   1.807][d][vo/gpu-next/libplacebo]     2: flags 0x6 heap 1
[   1.807][d][vo/gpu-next/libplacebo]     3: flags 0xe heap 1
[   1.807][d][vo/gpu-next/libplacebo]     4: flags 0x7 heap 0
[   1.807][d][vo/gpu-next/libplacebo] Spent 0.110 ms allocating slab
[   1.807][d][vo/gpu-next/libplacebo] (Re)creating 1280x1920x0 texture with format rg16hf: src/renderer.c:768
[   1.807][d][vo/gpu-next/libplacebo] Allocating 9830400 memory of type 0x1 (id 1) in heap 0: src/renderer.c:768
[   1.807][d][vo/gpu-next/libplacebo] Memory types supported by device:
[   1.807][d][vo/gpu-next/libplacebo]     0: flags 0x0 heap 1
[   1.807][d][vo/gpu-next/libplacebo]     1: flags 0x1 heap 0
[   1.807][d][vo/gpu-next/libplacebo]     2: flags 0x6 heap 1
[   1.807][d][vo/gpu-next/libplacebo]     3: flags 0xe heap 1
[   1.807][d][vo/gpu-next/libplacebo]     4: flags 0x7 heap 0
[   1.807][d][vo/gpu-next/libplacebo] Spent 0.062 ms allocating slab
[   1.807][d][vo/gpu-next/libplacebo] vertex shader source:
[   1.807][d][vo/gpu-next/libplacebo] [  1] #version 450
[   1.807][d][vo/gpu-next/libplacebo] [  2] #extension GL_KHR_shader_subgroup_basic : enable 
[   1.807][d][vo/gpu-next/libplacebo] [  3] #extension GL_KHR_shader_subgroup_vote : enable 
[   1.807][d][vo/gpu-next/libplacebo] [  4] #extension GL_KHR_shader_subgroup_arithmetic : enable 
[   1.807][d][vo/gpu-next/libplacebo] [  5] #extension GL_KHR_shader_subgroup_ballot : enable 
[   1.807][d][vo/gpu-next/libplacebo] [  6] #extension GL_KHR_shader_subgroup_shuffle : enable 
[   1.807][d][vo/gpu-next/libplacebo] [  7] #extension GL_KHR_shader_subgroup_clustered : enable 
[   1.807][d][vo/gpu-next/libplacebo] [  8] #extension GL_KHR_shader_subgroup_quad : enable 
[   1.807][d][vo/gpu-next/libplacebo] [  9] #extension GL_ARB_texture_gather : enable
[   1.807][d][vo/gpu-next/libplacebo] [ 10] layout(std430, push_constant) uniform PushC {
[   1.807][d][vo/gpu-next/libplacebo] [ 11]     layout(offset=0) vec2 _4;
[   1.807][d][vo/gpu-next/libplacebo] [ 12] };
[   1.807][d][vo/gpu-next/libplacebo] [ 13] layout(constant_id=0) const float _8 = 1; 
[   1.807][d][vo/gpu-next/libplacebo] [ 14] layout(constant_id=1) const float _9 = 1; 
[   1.807][d][vo/gpu-next/libplacebo] [ 15] layout(constant_id=2) const float _b = 1; 
[   1.807][d][vo/gpu-next/libplacebo] [ 16] layout(constant_id=3) const float _c = 1; 
[   1.807][d][vo/gpu-next/libplacebo] [ 17] layout(constant_id=4) const uint _d = 1; 
[   1.807][d][vo/gpu-next/libplacebo] [ 18] layout(constant_id=5) const float _e = 1; 
[   1.807][d][vo/gpu-next/libplacebo] [ 19] layout(constant_id=6) const float _f = 1; 
[   1.807][d][vo/gpu-next/libplacebo] [ 20] layout(binding=0) uniform  sampler2D _2;
[   1.807][d][vo/gpu-next/libplacebo] [ 21] layout(binding=1) uniform  sampler2D _6;
[   1.807][d][vo/gpu-next/libplacebo] [ 22] layout(location=0) in vec2 _12;
[   1.807][d][vo/gpu-next/libplacebo] [ 23] layout(location=0) out vec2 _3;
[   1.807][d][vo/gpu-next/libplacebo] [ 24] layout(location=1) in vec2 _13;
[   1.807][d][vo/gpu-next/libplacebo] [ 25] void main() {
[   1.807][d][vo/gpu-next/libplacebo] [ 26] _3 = _12;
[   1.807][d][vo/gpu-next/libplacebo] [ 27] vec2 va_pos = _13; 
[   1.807][d][vo/gpu-next/libplacebo] [ 28] gl_Position = vec4(va_pos, 0.0, 1.0); 
[   1.807][d][vo/gpu-next/libplacebo] [ 29] }
[   1.807][d][vo/gpu-next/libplacebo] fragment shader source:
[   1.807][d][vo/gpu-next/libplacebo] [  1] #version 450
[   1.807][d][vo/gpu-next/libplacebo] [  2] #extension GL_KHR_shader_subgroup_basic : enable 
[   1.807][d][vo/gpu-next/libplacebo] [  3] #extension GL_KHR_shader_subgroup_vote : enable 
[   1.807][d][vo/gpu-next/libplacebo] [  4] #extension GL_KHR_shader_subgroup_arithmetic : enable 
[   1.807][d][vo/gpu-next/libplacebo] [  5] #extension GL_KHR_shader_subgroup_ballot : enable 
[   1.807][d][vo/gpu-next/libplacebo] [  6] #extension GL_KHR_shader_subgroup_shuffle : enable 
[   1.807][d][vo/gpu-next/libplacebo] [  7] #extension GL_KHR_shader_subgroup_clustered : enable 
[   1.807][d][vo/gpu-next/libplacebo] [  8] #extension GL_KHR_shader_subgroup_quad : enable 
[   1.807][d][vo/gpu-next/libplacebo] [  9] #extension GL_ARB_texture_gather : enable
[   1.807][d][vo/gpu-next/libplacebo] [ 10] layout(std430, push_constant) uniform PushC {
[   1.807][d][vo/gpu-next/libplacebo] [ 11]     layout(offset=0) vec2 _4;
[   1.807][d][vo/gpu-next/libplacebo] [ 12] };
[   1.807][d][vo/gpu-next/libplacebo] [ 13] layout(constant_id=0) const float _8 = 1; 
[   1.807][d][vo/gpu-next/libplacebo] [ 14] layout(constant_id=1) const float _9 = 1; 
[   1.807][d][vo/gpu-next/libplacebo] [ 15] layout(constant_id=2) const float _b = 1; 
[   1.807][d][vo/gpu-next/libplacebo] [ 16] layout(constant_id=3) const float _c = 1; 
[   1.807][d][vo/gpu-next/libplacebo] [ 17] layout(constant_id=4) const uint _d = 1; 
[   1.807][d][vo/gpu-next/libplacebo] [ 18] layout(constant_id=5) const float _e = 1; 
[   1.807][d][vo/gpu-next/libplacebo] [ 19] layout(constant_id=6) const float _f = 1; 
[   1.807][d][vo/gpu-next/libplacebo] [ 20] layout(binding=0) uniform  sampler2D _2;
[   1.807][d][vo/gpu-next/libplacebo] [ 21] layout(binding=1) uniform  sampler2D _6;
[   1.807][d][vo/gpu-next/libplacebo] [ 22] layout(location=0) in vec2 _3;
[   1.807][d][vo/gpu-next/libplacebo] [ 23] layout(location=0) out vec4 out_color;
[   1.807][d][vo/gpu-next/libplacebo] [ 24] 
[   1.807][d][vo/gpu-next/libplacebo] [ 25] #define _7(x) (_9 * (x) + _8) 
[   1.807][d][vo/gpu-next/libplacebo] [ 26] #define _a(x) (_c * (x) + _b) 
[   1.807][d][vo/gpu-next/libplacebo] [ 27] #define _5(pos) (textureLod(_6, vec2(\
[   1.807][d][vo/gpu-next/libplacebo] [ 28]     _7(vec2(pos).x)\
[   1.807][d][vo/gpu-next/libplacebo] [ 29]    ,_a(vec2(pos).y)\
[   1.807][d][vo/gpu-next/libplacebo] [ 30]   ), 0.0).xyzw)
[   1.807][d][vo/gpu-next/libplacebo] [ 31] vec4 _1() {
[   1.807][d][vo/gpu-next/libplacebo] [ 32] 
[   1.807][d][vo/gpu-next/libplacebo] [ 33] vec4 color = vec4(0.0, 0.0, 0.0, 1.0);
[   1.807][d][vo/gpu-next/libplacebo] [ 34] {
[   1.807][d][vo/gpu-next/libplacebo] [ 35] vec2 pos = _3, pt = _4;
[   1.807][d][vo/gpu-next/libplacebo] [ 36] vec2 size = vec2(textureSize(_2, 0));
[   1.807][d][vo/gpu-next/libplacebo] [ 37] vec2 dir = vec2(float(0), float(1));
[   1.807][d][vo/gpu-next/libplacebo] [ 38] pt *= dir;
[   1.807][d][vo/gpu-next/libplacebo] [ 39] vec2 fcoord2 = fract(pos * size - vec2(0.5));
[   1.807][d][vo/gpu-next/libplacebo] [ 40] float fcoord = dot(fcoord2, dir);
[   1.807][d][vo/gpu-next/libplacebo] [ 41] vec2 base = pos - fcoord * pt - pt * vec2(float(2));
[   1.807][d][vo/gpu-next/libplacebo] [ 42] vec4 ws;
[   1.807][d][vo/gpu-next/libplacebo] [ 43] float off;
[   1.807][d][vo/gpu-next/libplacebo] [ 44] vec2 c, ca = vec2(0.0);
[   1.807][d][vo/gpu-next/libplacebo] [ 45] #pragma unroll 4
[   1.807][d][vo/gpu-next/libplacebo] [ 46] for (uint n = 0u; n < _d; n += uint(1)) {
[   1.807][d][vo/gpu-next/libplacebo] [ 47] if (n % 4u == 0u)
[   1.807][d][vo/gpu-next/libplacebo] [ 48] ws = _5(vec2(float(n / 4u) / float(1), fcoord));
[   1.807][d][vo/gpu-next/libplacebo] [ 49] off = float(n);
[   1.807][d][vo/gpu-next/libplacebo] [ 50] c = textureLod(_2, base + pt * off, 0.0).rg;
[   1.807][d][vo/gpu-next/libplacebo] [ 51] ca += ws[n % 4u] * c;
[   1.807][d][vo/gpu-next/libplacebo] [ 52] }
[   1.807][d][vo/gpu-next/libplacebo] [ 53] color.rg = _f * ca;
[   1.807][d][vo/gpu-next/libplacebo] [ 54] }
[   1.807][d][vo/gpu-next/libplacebo] [ 55] return color;
[   1.807][d][vo/gpu-next/libplacebo] [ 56] }
[   1.807][d][vo/gpu-next/libplacebo] [ 57] 
[   1.807][d][vo/gpu-next/libplacebo] [ 58] void main() {
[   1.807][d][vo/gpu-next/libplacebo] [ 59] out_color = _1();
[   1.807][d][vo/gpu-next/libplacebo] [ 60] }
[   1.807][d][vo/gpu-next/libplacebo] Specialization constant values:
[   1.807][d][vo/gpu-next/libplacebo]   constant_id=0: 0.250000
[   1.807][d][vo/gpu-next/libplacebo]   constant_id=1: 0.500000
[   1.807][d][vo/gpu-next/libplacebo]   constant_id=2: 0.001953
[   1.807][d][vo/gpu-next/libplacebo]   constant_id=3: 0.996094
[   1.807][d][vo/gpu-next/libplacebo]   constant_id=4: 6
[   1.807][d][vo/gpu-next/libplacebo]   constant_id=5: 0.000000
[   1.807][d][vo/gpu-next/libplacebo]   constant_id=6: 1.000000
[   1.808][d][vo/gpu-next] cache_load_obj: key(512389f13fadb6f4), size(748), load time(0.045 ms)
[   1.808][d][vo/gpu-next/libplacebo] Re-using cached SPIR-V object 0x512389f13fadb6f4
[   1.808][d][vo/gpu-next] cache_load_obj: key(7d9e64c84e2b1d9d), size(2200), load time(0.026 ms)
[   1.808][d][vo/gpu-next/libplacebo] Re-using cached SPIR-V object 0x7d9e64c84e2b1d9d
[   1.809][d][vo/gpu-next] cache_load_obj: key(df39f1ad15899389), size(16456), load time(0.157 ms)
[   1.809][d][vo/gpu-next/libplacebo] Spent 0.004 ms compiling shader
[   1.809][d][vo/gpu-next] cache_save_obj: key(512389f13fadb6f4), size(748)
[   1.809][d][vo/gpu-next] cache_save_obj: key(7d9e64c84e2b1d9d), size(2200)
[   1.809][d][vo/gpu-next/libplacebo] Spent 0.366 ms creating pipeline
[   1.809][d][vo/gpu-next] cache_save_obj: key(df39f1ad15899389), size(16456)
[   1.809][d][vo/gpu-next/libplacebo] Pass statistics: size 0, SPIR-V: vert 0 frag 0 comp 0
[   1.809][d][vo/gpu-next/libplacebo] Allocating 258048 memory of type 0x7 (id 4) in heap 0: ../src/gpu/utils.c:1175
[   1.809][d][vo/gpu-next/libplacebo] Memory types supported by device:
[   1.809][d][vo/gpu-next/libplacebo]     0: flags 0x0 heap 1
[   1.809][d][vo/gpu-next/libplacebo]     1: flags 0x1 heap 0
[   1.809][d][vo/gpu-next/libplacebo]     2: flags 0x6 heap 1
[   1.809][d][vo/gpu-next/libplacebo]     3: flags 0xe heap 1
[   1.809][d][vo/gpu-next/libplacebo]     4: flags 0x7 heap 0
[   1.809][d][vo/gpu-next/libplacebo] Spent 0.158 ms allocating slab
[   1.809][d][vo/gpu-next/libplacebo] LUT invalidated, regenerating..
[   1.809][d][vo/gpu-next/libplacebo] Spent 0.002 ms generating shader LUT
[   1.809][d][vo/gpu-next/libplacebo] (Re)creating 2560x1920x0 texture with format rgba16hf: src/renderer.c:2058
[   1.809][d][vo/gpu-next/libplacebo] Allocating 39321600 memory of type 0x1 (id 1) in heap 0: src/renderer.c:2058
[   1.810][d][vo/gpu-next/libplacebo] Memory types supported by device:
[   1.810][d][vo/gpu-next/libplacebo]     0: flags 0x0 heap 1
[   1.810][d][vo/gpu-next/libplacebo]     1: flags 0x1 heap 0
[   1.810][d][vo/gpu-next/libplacebo]     2: flags 0x6 heap 1
[   1.810][d][vo/gpu-next/libplacebo]     3: flags 0xe heap 1
[   1.810][d][vo/gpu-next/libplacebo]     4: flags 0x7 heap 0
[   1.810][d][vo/gpu-next/libplacebo] Spent 0.173 ms allocating slab
[   1.810][d][vo/gpu-next/libplacebo] vertex shader source:
[   1.810][d][vo/gpu-next/libplacebo] [  1] #version 450
[   1.810][d][vo/gpu-next/libplacebo] [  2] #extension GL_KHR_shader_subgroup_basic : enable 
[   1.810][d][vo/gpu-next/libplacebo] [  3] #extension GL_KHR_shader_subgroup_vote : enable 
[   1.810][d][vo/gpu-next/libplacebo] [  4] #extension GL_KHR_shader_subgroup_arithmetic : enable 
[   1.810][d][vo/gpu-next/libplacebo] [  5] #extension GL_KHR_shader_subgroup_ballot : enable 
[   1.810][d][vo/gpu-next/libplacebo] [  6] #extension GL_KHR_shader_subgroup_shuffle : enable 
[   1.810][d][vo/gpu-next/libplacebo] [  7] #extension GL_KHR_shader_subgroup_clustered : enable 
[   1.810][d][vo/gpu-next/libplacebo] [  8] #extension GL_KHR_shader_subgroup_quad : enable 
[   1.810][d][vo/gpu-next/libplacebo] [  9] #extension GL_ARB_texture_gather : enable
[   1.810][d][vo/gpu-next/libplacebo] [ 10] layout(std430, push_constant) uniform PushC {
[   1.810][d][vo/gpu-next/libplacebo] [ 11]     layout(offset=0) vec2 _4004;
[   1.810][d][vo/gpu-next/libplacebo] [ 12]     layout(offset=16) vec3 _7;
[   1.810][d][vo/gpu-next/libplacebo] [ 13]     layout(offset=32) mat3 _6;
[   1.810][d][vo/gpu-next/libplacebo] [ 14] };
[   1.810][d][vo/gpu-next/libplacebo] [ 15] layout(constant_id=0) const float _2 = 1; 
[   1.810][d][vo/gpu-next/libplacebo] [ 16] layout(constant_id=1) const float _3 = 1; 
[   1.810][d][vo/gpu-next/libplacebo] [ 17] layout(constant_id=2) const float _8004 = 1; 
[   1.810][d][vo/gpu-next/libplacebo] [ 18] layout(constant_id=3) const float _4 = 1; 
[   1.810][d][vo/gpu-next/libplacebo] [ 19] layout(constant_id=4) const float _4008 = 1; 
[   1.810][d][vo/gpu-next/libplacebo] [ 20] layout(constant_id=5) const float _4009 = 1; 
[   1.810][d][vo/gpu-next/libplacebo] [ 21] layout(constant_id=6) const float _400b = 1; 
[   1.810][d][vo/gpu-next/libplacebo] [ 22] layout(constant_id=7) const float _400c = 1; 
[   1.810][d][vo/gpu-next/libplacebo] [ 23] layout(constant_id=8) const uint _400d = 1; 
[   1.810][d][vo/gpu-next/libplacebo] [ 24] layout(constant_id=9) const float _400e = 1; 
[   1.810][d][vo/gpu-next/libplacebo] [ 25] layout(constant_id=10) const float _400f = 1; 
[   1.810][d][vo/gpu-next/libplacebo] [ 26] layout(constant_id=11) const float _5 = 1; 
[   1.810][d][vo/gpu-next/libplacebo] [ 27] layout(constant_id=12) const float _8 = 1; 
[   1.810][d][vo/gpu-next/libplacebo] [ 28] layout(constant_id=13) const float _9 = 1; 
[   1.810][d][vo/gpu-next/libplacebo] [ 29] layout(binding=0) uniform  sampler2D _8002;
[   1.810][d][vo/gpu-next/libplacebo] [ 30] layout(binding=1) uniform  sampler2D _4002;
[   1.810][d][vo/gpu-next/libplacebo] [ 31] layout(binding=2) uniform  sampler2D _4006;
[   1.810][d][vo/gpu-next/libplacebo] [ 32] layout(location=0) in vec2 _c;
[   1.810][d][vo/gpu-next/libplacebo] [ 33] layout(location=0) out vec2 _8003;
[   1.810][d][vo/gpu-next/libplacebo] [ 34] layout(location=1) in vec2 _d;
[   1.810][d][vo/gpu-next/libplacebo] [ 35] layout(location=1) out vec2 _4003;
[   1.810][d][vo/gpu-next/libplacebo] [ 36] layout(location=2) in vec2 _e;
[   1.810][d][vo/gpu-next/libplacebo] [ 37] void main() {
[   1.810][d][vo/gpu-next/libplacebo] [ 38] _8003 = _c;
[   1.810][d][vo/gpu-next/libplacebo] [ 39] _4003 = _d;
[   1.810][d][vo/gpu-next/libplacebo] [ 40] vec2 va_pos = _e; 
[   1.810][d][vo/gpu-next/libplacebo] [ 41] gl_Position = vec4(va_pos, 0.0, 1.0); 
[   1.810][d][vo/gpu-next/libplacebo] [ 42] }
[   1.810][d][vo/gpu-next/libplacebo] fragment shader source:
[   1.810][d][vo/gpu-next/libplacebo] [  1] #version 450
[   1.810][d][vo/gpu-next/libplacebo] [  2] #extension GL_KHR_shader_subgroup_basic : enable 
[   1.810][d][vo/gpu-next/libplacebo] [  3] #extension GL_KHR_shader_subgroup_vote : enable 
[   1.810][d][vo/gpu-next/libplacebo] [  4] #extension GL_KHR_shader_subgroup_arithmetic : enable 
[   1.810][d][vo/gpu-next/libplacebo] [  5] #extension GL_KHR_shader_subgroup_ballot : enable 
[   1.810][d][vo/gpu-next/libplacebo] [  6] #extension GL_KHR_shader_subgroup_shuffle : enable 
[   1.810][d][vo/gpu-next/libplacebo] [  7] #extension GL_KHR_shader_subgroup_clustered : enable 
[   1.810][d][vo/gpu-next/libplacebo] [  8] #extension GL_KHR_shader_subgroup_quad : enable 
[   1.810][d][vo/gpu-next/libplacebo] [  9] #extension GL_ARB_texture_gather : enable
[   1.810][d][vo/gpu-next/libplacebo] [ 10] layout(std430, push_constant) uniform PushC {
[   1.810][d][vo/gpu-next/libplacebo] [ 11]     layout(offset=0) vec2 _4004;
[   1.810][d][vo/gpu-next/libplacebo] [ 12]     layout(offset=16) vec3 _7;
[   1.810][d][vo/gpu-next/libplacebo] [ 13]     layout(offset=32) mat3 _6;
[   1.810][d][vo/gpu-next/libplacebo] [ 14] };
[   1.810][d][vo/gpu-next/libplacebo] [ 15] layout(constant_id=0) const float _2 = 1; 
[   1.810][d][vo/gpu-next/libplacebo] [ 16] layout(constant_id=1) const float _3 = 1; 
[   1.810][d][vo/gpu-next/libplacebo] [ 17] layout(constant_id=2) const float _8004 = 1; 
[   1.810][d][vo/gpu-next/libplacebo] [ 18] layout(constant_id=3) const float _4 = 1; 
[   1.810][d][vo/gpu-next/libplacebo] [ 19] layout(constant_id=4) const float _4008 = 1; 
[   1.810][d][vo/gpu-next/libplacebo] [ 20] layout(constant_id=5) const float _4009 = 1; 
[   1.810][d][vo/gpu-next/libplacebo] [ 21] layout(constant_id=6) const float _400b = 1; 
[   1.810][d][vo/gpu-next/libplacebo] [ 22] layout(constant_id=7) const float _400c = 1; 
[   1.810][d][vo/gpu-next/libplacebo] [ 23] layout(constant_id=8) const uint _400d = 1; 
[   1.810][d][vo/gpu-next/libplacebo] [ 24] layout(constant_id=9) const float _400e = 1; 
[   1.810][d][vo/gpu-next/libplacebo] [ 25] layout(constant_id=10) const float _400f = 1; 
[   1.810][d][vo/gpu-next/libplacebo] [ 26] layout(constant_id=11) const float _5 = 1; 
[   1.810][d][vo/gpu-next/libplacebo] [ 27] layout(constant_id=12) const float _8 = 1; 
[   1.810][d][vo/gpu-next/libplacebo] [ 28] layout(constant_id=13) const float _9 = 1; 
[   1.810][d][vo/gpu-next/libplacebo] [ 29] layout(binding=0) uniform  sampler2D _8002;
[   1.810][d][vo/gpu-next/libplacebo] [ 30] layout(binding=1) uniform  sampler2D _4002;
[   1.810][d][vo/gpu-next/libplacebo] [ 31] layout(binding=2) uniform  sampler2D _4006;
[   1.810][d][vo/gpu-next/libplacebo] [ 32] layout(location=0) in vec2 _8003;
[   1.810][d][vo/gpu-next/libplacebo] [ 33] layout(location=1) in vec2 _4003;
[   1.810][d][vo/gpu-next/libplacebo] [ 34] layout(location=0) out vec4 out_color;
[   1.810][d][vo/gpu-next/libplacebo] [ 35] 
[   1.810][d][vo/gpu-next/libplacebo] [ 36] vec4 _8001() {
[   1.810][d][vo/gpu-next/libplacebo] [ 37] // pl_shader_sample_direct                                  
[   1.810][d][vo/gpu-next/libplacebo] [ 38] vec4 color = vec4(_8004) * vec4(textureLod(_8002, _8003, 0.0));   
[   1.810][d][vo/gpu-next/libplacebo] [ 39] return color;
[   1.810][d][vo/gpu-next/libplacebo] [ 40] }
[   1.810][d][vo/gpu-next/libplacebo] [ 41] 
[   1.810][d][vo/gpu-next/libplacebo] [ 42] #define _4007(x) (_4009 * (x) + _4008) 
[   1.810][d][vo/gpu-next/libplacebo] [ 43] #define _400a(x) (_400c * (x) + _400b) 
[   1.810][d][vo/gpu-next/libplacebo] [ 44] #define _4005(pos) (textureLod(_4006, vec2(\
[   1.810][d][vo/gpu-next/libplacebo] [ 45]     _4007(vec2(pos).x)\
[   1.810][d][vo/gpu-next/libplacebo] [ 46]    ,_400a(vec2(pos).y)\
[   1.810][d][vo/gpu-next/libplacebo] [ 47]   ), 0.0).xyzw)
[   1.810][d][vo/gpu-next/libplacebo] [ 48] vec4 _4001() {
[   1.810][d][vo/gpu-next/libplacebo] [ 49] 
[   1.810][d][vo/gpu-next/libplacebo] [ 50] vec4 color = vec4(0.0, 0.0, 0.0, 1.0);
[   1.810][d][vo/gpu-next/libplacebo] [ 51] {
[   1.810][d][vo/gpu-next/libplacebo] [ 52] vec2 pos = _4003, pt = _4004;
[   1.810][d][vo/gpu-next/libplacebo] [ 53] vec2 size = vec2(textureSize(_4002, 0));
[   1.810][d][vo/gpu-next/libplacebo] [ 54] vec2 dir = vec2(float(1), float(0));
[   1.810][d][vo/gpu-next/libplacebo] [ 55] pt *= dir;
[   1.810][d][vo/gpu-next/libplacebo] [ 56] vec2 fcoord2 = fract(pos * size - vec2(0.5));
[   1.810][d][vo/gpu-next/libplacebo] [ 57] float fcoord = dot(fcoord2, dir);
[   1.810][d][vo/gpu-next/libplacebo] [ 58] vec2 base = pos - fcoord * pt - pt * vec2(float(2));
[   1.810][d][vo/gpu-next/libplacebo] [ 59] vec4 ws;
[   1.810][d][vo/gpu-next/libplacebo] [ 60] float off;
[   1.810][d][vo/gpu-next/libplacebo] [ 61] vec2 c, ca = vec2(0.0);
[   1.810][d][vo/gpu-next/libplacebo] [ 62] #pragma unroll 4
[   1.810][d][vo/gpu-next/libplacebo] [ 63] for (uint n = 0u; n < _400d; n += uint(1)) {
[   1.810][d][vo/gpu-next/libplacebo] [ 64] if (n % 4u == 0u)
[   1.810][d][vo/gpu-next/libplacebo] [ 65] ws = _4005(vec2(float(n / 4u) / float(1), fcoord));
[   1.810][d][vo/gpu-next/libplacebo] [ 66] off = float(n);
[   1.810][d][vo/gpu-next/libplacebo] [ 67] c = textureLod(_4002, base + pt * off, 0.0).rg;
[   1.810][d][vo/gpu-next/libplacebo] [ 68] ca += ws[n % 4u] * c;
[   1.810][d][vo/gpu-next/libplacebo] [ 69] }
[   1.810][d][vo/gpu-next/libplacebo] [ 70] color.rg = _400f * ca;
[   1.810][d][vo/gpu-next/libplacebo] [ 71] }
[   1.810][d][vo/gpu-next/libplacebo] [ 72] return color;
[   1.810][d][vo/gpu-next/libplacebo] [ 73] }
[   1.810][d][vo/gpu-next/libplacebo] [ 74] 
[   1.810][d][vo/gpu-next/libplacebo] [ 75] vec4 _1() {
[   1.810][d][vo/gpu-next/libplacebo] [ 76] vec4 color = vec4(_3, vec2(_2), 1.0);   
[   1.810][d][vo/gpu-next/libplacebo] [ 77] // pass_read_image                        
[   1.810][d][vo/gpu-next/libplacebo] [ 78] {                                         
[   1.810][d][vo/gpu-next/libplacebo] [ 79] vec4 tmp;                                 
[   1.810][d][vo/gpu-next/libplacebo] [ 80] tmp = vec4(_4) * _8001(); 
[   1.810][d][vo/gpu-next/libplacebo] [ 81] color[0] = tmp[0];
[   1.810][d][vo/gpu-next/libplacebo] [ 82] tmp = vec4(_5) * _4001(); 
[   1.810][d][vo/gpu-next/libplacebo] [ 83] color[1] = tmp[0];
[   1.810][d][vo/gpu-next/libplacebo] [ 84] color[2] = tmp[1];
[   1.810][d][vo/gpu-next/libplacebo] [ 85] }
[   1.810][d][vo/gpu-next/libplacebo] [ 86] // pl_shader_decode_color 
[   1.810][d][vo/gpu-next/libplacebo] [ 87] { 
[   1.810][d][vo/gpu-next/libplacebo] [ 88] color.rgb = _6 * color.rgb + _7; 
[   1.810][d][vo/gpu-next/libplacebo] [ 89] }
[   1.810][d][vo/gpu-next/libplacebo] [ 90] // pl_shader_linearize           
[   1.810][d][vo/gpu-next/libplacebo] [ 91] color.rgb = max(color.rgb, 0.0); 
[   1.810][d][vo/gpu-next/libplacebo] [ 92] color.rgb = _9 * pow(color.rgb + vec3(_8), vec3(2.4)); 
[   1.810][d][vo/gpu-next/libplacebo] [ 93] return color;
[   1.810][d][vo/gpu-next/libplacebo] [ 94] }
[   1.810][d][vo/gpu-next/libplacebo] [ 95] 
[   1.810][d][vo/gpu-next/libplacebo] [ 96] void main() {
[   1.810][d][vo/gpu-next/libplacebo] [ 97] out_color = _1();
[   1.810][d][vo/gpu-next/libplacebo] [ 98] }
[   1.810][d][vo/gpu-next/libplacebo] Specialization constant values:
[   1.810][d][vo/gpu-next/libplacebo]   constant_id=0: 0.501961
[   1.810][d][vo/gpu-next/libplacebo]   constant_id=1: 0.062745
[   1.810][d][vo/gpu-next/libplacebo]   constant_id=2: 1.000000
[   1.810][d][vo/gpu-next/libplacebo]   constant_id=3: 1.000000
[   1.810][d][vo/gpu-next/libplacebo]   constant_id=4: 0.250000
[   1.810][d][vo/gpu-next/libplacebo]   constant_id=5: 0.500000
[   1.810][d][vo/gpu-next/libplacebo]   constant_id=6: 0.001953
[   1.810][d][vo/gpu-next/libplacebo]   constant_id=7: 0.996094
[   1.810][d][vo/gpu-next/libplacebo]   constant_id=8: 6
[   1.810][d][vo/gpu-next/libplacebo]   constant_id=9: 0.000000
[   1.810][d][vo/gpu-next/libplacebo]   constant_id=10: 1.000000
[   1.810][d][vo/gpu-next/libplacebo]   constant_id=11: 1.000000
[   1.810][d][vo/gpu-next/libplacebo]   constant_id=12: 0.000346
[   1.810][d][vo/gpu-next/libplacebo]   constant_id=13: 0.999171
[   1.811][d][vo/gpu-next] cache_load_obj: key(b52b308e186c3422), size(848), load time(0.045 ms)
[   1.811][d][vo/gpu-next/libplacebo] Re-using cached SPIR-V object 0xb52b308e186c3422
[   1.811][d][vo/gpu-next] cache_load_obj: key(8576087eb9597c5b), size(3896), load time(0.034 ms)
[   1.811][d][vo/gpu-next/libplacebo] Re-using cached SPIR-V object 0x8576087eb9597c5b
[   1.811][d][vo/gpu-next] cache_load_obj: key(d3fafb1e4d7be371), size(18294), load time(0.167 ms)
[   1.811][d][vo/gpu-next/libplacebo] Spent 0.012 ms compiling shader
[   1.811][d][vo/gpu-next] cache_save_obj: key(b52b308e186c3422), size(848)
[   1.811][d][vo/gpu-next] cache_save_obj: key(8576087eb9597c5b), size(3896)
[   1.811][d][vo/gpu-next/libplacebo] Spent 0.174 ms creating pipeline
[   1.811][d][vo/gpu-next] cache_save_obj: key(d3fafb1e4d7be371), size(18294)
[   1.811][d][vo/gpu-next/libplacebo] Pass statistics: size 0, SPIR-V: vert 0 frag 0 comp 0
[   1.811][d][vo/gpu-next/libplacebo] LUT invalidated, regenerating..
[   1.811][d][vo/gpu-next/libplacebo] Spent 0.002 ms generating shader LUT
[   1.811][d][vo/gpu-next/libplacebo] Allocating 258048 memory of type 0x7 (id 4) in heap 0: ../src/gpu/utils.c:576
[   1.811][d][vo/gpu-next/libplacebo] Memory types supported by device:
[   1.811][d][vo/gpu-next/libplacebo]     0: flags 0x0 heap 1
[   1.811][d][vo/gpu-next/libplacebo]     1: flags 0x1 heap 0
[   1.811][d][vo/gpu-next/libplacebo]     2: flags 0x6 heap 1
[   1.811][d][vo/gpu-next/libplacebo]     3: flags 0xe heap 1
[   1.811][d][vo/gpu-next/libplacebo]     4: flags 0x7 heap 0
[   1.811][d][vo/gpu-next/libplacebo] Spent 0.170 ms allocating slab
[   1.811][d][vo/gpu-next/libplacebo] (Re)creating 2560x1296x0 texture with format rgba16hf: src/renderer.c:768
[   1.811][d][vo/gpu-next/libplacebo] Allocating 28835840 memory of type 0x1 (id 1) in heap 0: src/renderer.c:768
[   1.812][d][vo/gpu-next/libplacebo] Memory types supported by device:
[   1.812][d][vo/gpu-next/libplacebo]     0: flags 0x0 heap 1
[   1.812][d][vo/gpu-next/libplacebo]     1: flags 0x1 heap 0
[   1.812][d][vo/gpu-next/libplacebo]     2: flags 0x6 heap 1
[   1.812][d][vo/gpu-next/libplacebo]     3: flags 0xe heap 1
[   1.812][d][vo/gpu-next/libplacebo]     4: flags 0x7 heap 0
[   1.812][d][vo/gpu-next/libplacebo] Spent 0.147 ms allocating slab
[   1.812][d][vo/gpu-next/libplacebo] vertex shader source:
[   1.812][d][vo/gpu-next/libplacebo] [  1] #version 450
[   1.812][d][vo/gpu-next/libplacebo] [  2] #extension GL_KHR_shader_subgroup_basic : enable 
[   1.812][d][vo/gpu-next/libplacebo] [  3] #extension GL_KHR_shader_subgroup_vote : enable 
[   1.812][d][vo/gpu-next/libplacebo] [  4] #extension GL_KHR_shader_subgroup_arithmetic : enable 
[   1.812][d][vo/gpu-next/libplacebo] [  5] #extension GL_KHR_shader_subgroup_ballot : enable 
[   1.812][d][vo/gpu-next/libplacebo] [  6] #extension GL_KHR_shader_subgroup_shuffle : enable 
[   1.812][d][vo/gpu-next/libplacebo] [  7] #extension GL_KHR_shader_subgroup_clustered : enable 
[   1.812][d][vo/gpu-next/libplacebo] [  8] #extension GL_KHR_shader_subgroup_quad : enable 
[   1.812][d][vo/gpu-next/libplacebo] [  9] #extension GL_ARB_texture_gather : enable
[   1.812][d][vo/gpu-next/libplacebo] [ 10] layout(std430, push_constant) uniform PushC {
[   1.812][d][vo/gpu-next/libplacebo] [ 11]     layout(offset=0) vec2 _4;
[   1.812][d][vo/gpu-next/libplacebo] [ 12] };
[   1.812][d][vo/gpu-next/libplacebo] [ 13] layout(constant_id=0) const float _8 = 1; 
[   1.812][d][vo/gpu-next/libplacebo] [ 14] layout(constant_id=1) const float _9 = 1; 
[   1.812][d][vo/gpu-next/libplacebo] [ 15] layout(constant_id=2) const float _b = 1; 
[   1.812][d][vo/gpu-next/libplacebo] [ 16] layout(constant_id=3) const float _c = 1; 
[   1.812][d][vo/gpu-next/libplacebo] [ 17] layout(constant_id=4) const uint _d = 1; 
[   1.812][d][vo/gpu-next/libplacebo] [ 18] layout(constant_id=5) const float _e = 1; 
[   1.812][d][vo/gpu-next/libplacebo] [ 19] layout(constant_id=6) const float _f = 1; 
[   1.812][d][vo/gpu-next/libplacebo] [ 20] layout(binding=0) uniform  sampler2D _2;
[   1.812][d][vo/gpu-next/libplacebo] [ 21] layout(binding=1) uniform  sampler2D _6;
[   1.812][d][vo/gpu-next/libplacebo] [ 22] layout(location=0) in vec2 _12;
[   1.812][d][vo/gpu-next/libplacebo] [ 23] layout(location=0) out vec2 _3;
[   1.812][d][vo/gpu-next/libplacebo] [ 24] layout(location=1) in vec2 _13;
[   1.812][d][vo/gpu-next/libplacebo] [ 25] void main() {
[   1.812][d][vo/gpu-next/libplacebo] [ 26] _3 = _12;
[   1.812][d][vo/gpu-next/libplacebo] [ 27] vec2 va_pos = _13; 
[   1.812][d][vo/gpu-next/libplacebo] [ 28] gl_Position = vec4(va_pos, 0.0, 1.0); 
[   1.812][d][vo/gpu-next/libplacebo] [ 29] }
[   1.812][d][vo/gpu-next/libplacebo] fragment shader source:
[   1.812][d][vo/gpu-next/libplacebo] [  1] #version 450
[   1.812][d][vo/gpu-next/libplacebo] [  2] #extension GL_KHR_shader_subgroup_basic : enable 
[   1.812][d][vo/gpu-next/libplacebo] [  3] #extension GL_KHR_shader_subgroup_vote : enable 
[   1.812][d][vo/gpu-next/libplacebo] [  4] #extension GL_KHR_shader_subgroup_arithmetic : enable 
[   1.812][d][vo/gpu-next/libplacebo] [  5] #extension GL_KHR_shader_subgroup_ballot : enable 
[   1.812][d][vo/gpu-next/libplacebo] [  6] #extension GL_KHR_shader_subgroup_shuffle : enable 
[   1.812][d][vo/gpu-next/libplacebo] [  7] #extension GL_KHR_shader_subgroup_clustered : enable 
[   1.812][d][vo/gpu-next/libplacebo] [  8] #extension GL_KHR_shader_subgroup_quad : enable 
[   1.812][d][vo/gpu-next/libplacebo] [  9] #extension GL_ARB_texture_gather : enable
[   1.812][d][vo/gpu-next/libplacebo] [ 10] layout(std430, push_constant) uniform PushC {
[   1.812][d][vo/gpu-next/libplacebo] [ 11]     layout(offset=0) vec2 _4;
[   1.812][d][vo/gpu-next/libplacebo] [ 12] };
[   1.812][d][vo/gpu-next/libplacebo] [ 13] layout(constant_id=0) const float _8 = 1; 
[   1.812][d][vo/gpu-next/libplacebo] [ 14] layout(constant_id=1) const float _9 = 1; 
[   1.812][d][vo/gpu-next/libplacebo] [ 15] layout(constant_id=2) const float _b = 1; 
[   1.812][d][vo/gpu-next/libplacebo] [ 16] layout(constant_id=3) const float _c = 1; 
[   1.812][d][vo/gpu-next/libplacebo] [ 17] layout(constant_id=4) const uint _d = 1; 
[   1.812][d][vo/gpu-next/libplacebo] [ 18] layout(constant_id=5) const float _e = 1; 
[   1.812][d][vo/gpu-next/libplacebo] [ 19] layout(constant_id=6) const float _f = 1; 
[   1.812][d][vo/gpu-next/libplacebo] [ 20] layout(binding=0) uniform  sampler2D _2;
[   1.812][d][vo/gpu-next/libplacebo] [ 21] layout(binding=1) uniform  sampler2D _6;
[   1.812][d][vo/gpu-next/libplacebo] [ 22] layout(location=0) in vec2 _3;
[   1.812][d][vo/gpu-next/libplacebo] [ 23] layout(location=0) out vec4 out_color;
[   1.812][d][vo/gpu-next/libplacebo] [ 24] 
[   1.812][d][vo/gpu-next/libplacebo] [ 25] #define _7(x) (_9 * (x) + _8) 
[   1.812][d][vo/gpu-next/libplacebo] [ 26] #define _a(x) (_c * (x) + _b) 
[   1.812][d][vo/gpu-next/libplacebo] [ 27] #define _5(pos) (textureLod(_6, vec2(\
[   1.812][d][vo/gpu-next/libplacebo] [ 28]     _7(vec2(pos).x)\
[   1.812][d][vo/gpu-next/libplacebo] [ 29]    ,_a(vec2(pos).y)\
[   1.812][d][vo/gpu-next/libplacebo] [ 30]   ), 0.0).xyzw)
[   1.812][d][vo/gpu-next/libplacebo] [ 31] vec4 _1() {
[   1.812][d][vo/gpu-next/libplacebo] [ 32] 
[   1.812][d][vo/gpu-next/libplacebo] [ 33] vec4 color = vec4(0.0, 0.0, 0.0, 1.0);
[   1.812][d][vo/gpu-next/libplacebo] [ 34] {
[   1.812][d][vo/gpu-next/libplacebo] [ 35] vec2 pos = _3, pt = _4;
[   1.812][d][vo/gpu-next/libplacebo] [ 36] vec2 size = vec2(textureSize(_2, 0));
[   1.812][d][vo/gpu-next/libplacebo] [ 37] vec2 dir = vec2(float(0), float(1));
[   1.812][d][vo/gpu-next/libplacebo] [ 38] pt *= dir;
[   1.812][d][vo/gpu-next/libplacebo] [ 39] vec2 fcoord2 = fract(pos * size - vec2(0.5));
[   1.812][d][vo/gpu-next/libplacebo] [ 40] float fcoord = dot(fcoord2, dir);
[   1.812][d][vo/gpu-next/libplacebo] [ 41] vec2 base = pos - fcoord * pt - pt * vec2(float(1));
[   1.812][d][vo/gpu-next/libplacebo] [ 42] vec4 ws;
[   1.812][d][vo/gpu-next/libplacebo] [ 43] float off;
[   1.812][d][vo/gpu-next/libplacebo] [ 44] vec3 c, ca = vec3(0.0);
[   1.812][d][vo/gpu-next/libplacebo] [ 45] #pragma unroll 4
[   1.812][d][vo/gpu-next/libplacebo] [ 46] for (uint n = 0u; n < _d; n += uint(2)) {
[   1.812][d][vo/gpu-next/libplacebo] [ 47] if (n % 4u == 0u)
[   1.812][d][vo/gpu-next/libplacebo] [ 48] ws = _5(vec2(float(n / 4u) / float(1), fcoord));
[   1.812][d][vo/gpu-next/libplacebo] [ 49] off = float(n);
[   1.812][d][vo/gpu-next/libplacebo] [ 50] off += ws[n % 4u + 1u];
[   1.812][d][vo/gpu-next/libplacebo] [ 51] c = textureLod(_2, base + pt * off, 0.0).rgb;
[   1.812][d][vo/gpu-next/libplacebo] [ 52] ca += ws[n % 4u] * c;
[   1.812][d][vo/gpu-next/libplacebo] [ 53] }
[   1.812][d][vo/gpu-next/libplacebo] [ 54] color.rgb = _f * ca;
[   1.812][d][vo/gpu-next/libplacebo] [ 55] }
[   1.812][d][vo/gpu-next/libplacebo] [ 56] return color;
[   1.812][d][vo/gpu-next/libplacebo] [ 57] }
[   1.812][d][vo/gpu-next/libplacebo] [ 58] 
[   1.812][d][vo/gpu-next/libplacebo] [ 59] void main() {
[   1.812][d][vo/gpu-next/libplacebo] [ 60] out_color = _1();
[   1.812][d][vo/gpu-next/libplacebo] [ 61] }
[   1.812][d][vo/gpu-next/libplacebo] Specialization constant values:
[   1.812][d][vo/gpu-next/libplacebo]   constant_id=0: 0.500000
[   1.812][d][vo/gpu-next/libplacebo]   constant_id=1: 0.000000
[   1.812][d][vo/gpu-next/libplacebo]   constant_id=2: 0.001953
[   1.812][d][vo/gpu-next/libplacebo]   constant_id=3: 0.996094
[   1.812][d][vo/gpu-next/libplacebo]   constant_id=4: 4
[   1.812][d][vo/gpu-next/libplacebo]   constant_id=5: 0.000000
[   1.812][d][vo/gpu-next/libplacebo]   constant_id=6: 1.000000
[   1.812][d][vo/gpu-next/libplacebo] Re-using cached SPIR-V object 0x512389f13fadb6f4
[   1.812][d][vo/gpu-next] cache_load_obj: key(a4040968e12931ea), size(2304), load time(0.047 ms)
[   1.812][d][vo/gpu-next/libplacebo] Re-using cached SPIR-V object 0xa4040968e12931ea
[   1.813][d][vo/gpu-next] cache_load_obj: key(c2df687becbfdb96), size(16410), load time(0.298 ms)
[   1.813][d][vo/gpu-next/libplacebo] Spent 0.004 ms compiling shader
[   1.813][d][vo/gpu-next] cache_save_obj: key(512389f13fadb6f4), size(748)
[   1.813][d][vo/gpu-next] cache_save_obj: key(a4040968e12931ea), size(2304)
[   1.813][d][vo/gpu-next/libplacebo] Spent 0.115 ms creating pipeline
[   1.813][d][vo/gpu-next] cache_save_obj: key(c2df687becbfdb96), size(16410)
[   1.813][d][vo/gpu-next/libplacebo] Pass statistics: size 0, SPIR-V: vert 0 frag 0 comp 0
[   1.813][d][vo/gpu-next/libplacebo] LUT invalidated, regenerating..
[   1.813][d][vo/gpu-next/libplacebo] Spent 0.002 ms generating shader LUT
[   1.816][d][vo/gpu-next] cache_load_obj: key(f104bbec4a95623), size(3145728), load time(2.886 ms)
[   1.816][d][vo/gpu-next/libplacebo] Re-using cached LUT (0xf104bbec4a95623) with size 3145728
[   1.816][d][vo/gpu-next/libplacebo] Allocating 3145728 memory of type 0x1 (id 1) in heap 0: ../src/utils/upload.c:239
[   1.817][d][vo/gpu-next/libplacebo] Memory types supported by device:
[   1.817][d][vo/gpu-next/libplacebo]     0: flags 0x0 heap 1
[   1.817][d][vo/gpu-next/libplacebo]     1: flags 0x1 heap 0
[   1.817][d][vo/gpu-next/libplacebo]     2: flags 0x6 heap 1
[   1.817][d][vo/gpu-next/libplacebo]     3: flags 0xe heap 1
[   1.817][d][vo/gpu-next/libplacebo]     4: flags 0x7 heap 0
[   1.817][d][vo/gpu-next/libplacebo] Spent 0.320 ms allocating slab
[   1.817][d][vo/gpu-next/libplacebo] Allocating 3145728 memory of type 0x7 (id 4) in heap 0: ../src/gpu/utils.c:576
[   1.817][d][vo/gpu-next/libplacebo] Memory types supported by device:
[   1.817][d][vo/gpu-next/libplacebo]     0: flags 0x0 heap 1
[   1.817][d][vo/gpu-next/libplacebo]     1: flags 0x1 heap 0
[   1.817][d][vo/gpu-next/libplacebo]     2: flags 0x6 heap 1
[   1.817][d][vo/gpu-next/libplacebo]     3: flags 0xe heap 1
[   1.817][d][vo/gpu-next/libplacebo]     4: flags 0x7 heap 0
[   1.817][d][vo/gpu-next/libplacebo] Spent 0.339 ms allocating slab
[   1.818][d][vo/gpu-next] cache_save_obj: key(f104bbec4a95623), size(3145728)
[   1.819][d][vo/gpu-next] cache_load_obj: key(d95b62e641a2e006), size(16384), load time(0.335 ms)
[   1.819][d][vo/gpu-next/libplacebo] Re-using cached LUT (0xd95b62e641a2e006) with size 16384
[   1.819][d][vo/gpu-next/libplacebo] Allocating 258048 memory of type 0x7 (id 4) in heap 0: ../src/gpu/utils.c:576
[   1.819][d][vo/gpu-next/libplacebo] Memory types supported by device:
[   1.819][d][vo/gpu-next/libplacebo]     0: flags 0x0 heap 1
[   1.819][d][vo/gpu-next/libplacebo]     1: flags 0x1 heap 0
[   1.819][d][vo/gpu-next/libplacebo]     2: flags 0x6 heap 1
[   1.819][d][vo/gpu-next/libplacebo]     3: flags 0xe heap 1
[   1.819][d][vo/gpu-next/libplacebo]     4: flags 0x7 heap 0
[   1.819][d][vo/gpu-next/libplacebo] Spent 0.285 ms allocating slab
[   1.819][d][vo/gpu-next] cache_save_obj: key(d95b62e641a2e006), size(16384)
[   1.819][v][vo/gpu-next/libplacebo] Dithering to 8 bit depth
[   1.819][d][vo/gpu-next/libplacebo] vertex shader source:
[   1.819][d][vo/gpu-next/libplacebo] [  1] #version 450
[   1.819][d][vo/gpu-next/libplacebo] [  2] #extension GL_KHR_shader_subgroup_basic : enable 
[   1.819][d][vo/gpu-next/libplacebo] [  3] #extension GL_KHR_shader_subgroup_vote : enable 
[   1.819][d][vo/gpu-next/libplacebo] [  4] #extension GL_KHR_shader_subgroup_arithmetic : enable 
[   1.819][d][vo/gpu-next/libplacebo] [  5] #extension GL_KHR_shader_subgroup_ballot : enable 
[   1.819][d][vo/gpu-next/libplacebo] [  6] #extension GL_KHR_shader_subgroup_shuffle : enable 
[   1.819][d][vo/gpu-next/libplacebo] [  7] #extension GL_KHR_shader_subgroup_clustered : enable 
[   1.819][d][vo/gpu-next/libplacebo] [  8] #extension GL_KHR_shader_subgroup_quad : enable 
[   1.819][d][vo/gpu-next/libplacebo] [  9] #extension GL_ARB_texture_gather : enable
[   1.819][d][vo/gpu-next/libplacebo] [ 10] layout(std430, push_constant) uniform PushC {
[   1.819][d][vo/gpu-next/libplacebo] [ 11]     layout(offset=0) vec2 _c004;
[   1.819][d][vo/gpu-next/libplacebo] [ 12]     layout(offset=16) mat3 _c010;
[   1.819][d][vo/gpu-next/libplacebo] [ 13]     layout(offset=64) mat3 _c011;
[   1.819][d][vo/gpu-next/libplacebo] [ 14]     layout(offset=112) mat3 _c012;
[   1.819][d][vo/gpu-next/libplacebo] [ 15]     layout(offset=160) mat3 _c020;
[   1.819][d][vo/gpu-next/libplacebo] [ 16] };
[   1.819][d][vo/gpu-next/libplacebo] [ 17] layout(constant_id=0) const float _c008 = 1; 
[   1.819][d][vo/gpu-next/libplacebo] [ 18] layout(constant_id=1) const float _c009 = 1; 
[   1.819][d][vo/gpu-next/libplacebo] [ 19] layout(constant_id=2) const float _c00b = 1; 
[   1.819][d][vo/gpu-next/libplacebo] [ 20] layout(constant_id=3) const float _c00c = 1; 
[   1.819][d][vo/gpu-next/libplacebo] [ 21] layout(constant_id=4) const uint _c00d = 1; 
[   1.819][d][vo/gpu-next/libplacebo] [ 22] layout(constant_id=5) const float _c00e = 1; 
[   1.819][d][vo/gpu-next/libplacebo] [ 23] layout(constant_id=6) const float _c00f = 1; 
[   1.819][d][vo/gpu-next/libplacebo] [ 24] layout(constant_id=7) const float _c016 = 1; 
[   1.819][d][vo/gpu-next/libplacebo] [ 25] layout(constant_id=8) const float _c017 = 1; 
[   1.819][d][vo/gpu-next/libplacebo] [ 26] layout(constant_id=9) const float _c019 = 1; 
[   1.819][d][vo/gpu-next/libplacebo] [ 27] layout(constant_id=10) const float _c01a = 1; 
[   1.819][d][vo/gpu-next/libplacebo] [ 28] layout(constant_id=11) const float _c01c = 1; 
[   1.819][d][vo/gpu-next/libplacebo] [ 29] layout(constant_id=12) const float _c01d = 1; 
[   1.819][d][vo/gpu-next/libplacebo] [ 30] layout(constant_id=13) const float _c01e = 1; 
[   1.819][d][vo/gpu-next/libplacebo] [ 31] layout(constant_id=14) const float _c01f = 1; 
[   1.819][d][vo/gpu-next/libplacebo] [ 32] layout(constant_id=15) const float _c023 = 1; 
[   1.819][d][vo/gpu-next/libplacebo] [ 33] layout(constant_id=16) const float _c024 = 1; 
[   1.819][d][vo/gpu-next/libplacebo] [ 34] layout(constant_id=17) const float _c025 = 1; 
[   1.819][d][vo/gpu-next/libplacebo] [ 35] layout(binding=0) uniform  sampler2D _c002;
[   1.819][d][vo/gpu-next/libplacebo] [ 36] layout(binding=1) uniform  sampler2D _c006;
[   1.819][d][vo/gpu-next/libplacebo] [ 37] layout(binding=2) uniform  sampler3D _c014;
[   1.819][d][vo/gpu-next/libplacebo] [ 38] layout(binding=3) uniform  sampler2D _c022;
[   1.819][d][vo/gpu-next/libplacebo] [ 39] layout(location=0) in vec2 _c029;
[   1.819][d][vo/gpu-next/libplacebo] [ 40] layout(location=0) out vec2 _c003;
[   1.819][d][vo/gpu-next/libplacebo] [ 41] layout(location=1) in vec2 _c02a;
[   1.819][d][vo/gpu-next/libplacebo] [ 42] void main() {
[   1.819][d][vo/gpu-next/libplacebo] [ 43] _c003 = _c029;
[   1.819][d][vo/gpu-next/libplacebo] [ 44] vec2 va_pos = _c02a; 
[   1.819][d][vo/gpu-next/libplacebo] [ 45] gl_Position = vec4(va_pos, 0.0, 1.0); 
[   1.819][d][vo/gpu-next/libplacebo] [ 46] }
[   1.819][d][vo/gpu-next/libplacebo] fragment shader source:
[   1.819][d][vo/gpu-next/libplacebo] [  1] #version 450
[   1.819][d][vo/gpu-next/libplacebo] [  2] #extension GL_KHR_shader_subgroup_basic : enable 
[   1.819][d][vo/gpu-next/libplacebo] [  3] #extension GL_KHR_shader_subgroup_vote : enable 
[   1.819][d][vo/gpu-next/libplacebo] [  4] #extension GL_KHR_shader_subgroup_arithmetic : enable 
[   1.819][d][vo/gpu-next/libplacebo] [  5] #extension GL_KHR_shader_subgroup_ballot : enable 
[   1.819][d][vo/gpu-next/libplacebo] [  6] #extension GL_KHR_shader_subgroup_shuffle : enable 
[   1.819][d][vo/gpu-next/libplacebo] [  7] #extension GL_KHR_shader_subgroup_clustered : enable 
[   1.819][d][vo/gpu-next/libplacebo] [  8] #extension GL_KHR_shader_subgroup_quad : enable 
[   1.819][d][vo/gpu-next/libplacebo] [  9] #extension GL_ARB_texture_gather : enable
[   1.819][d][vo/gpu-next/libplacebo] [ 10] layout(std430, push_constant) uniform PushC {
[   1.819][d][vo/gpu-next/libplacebo] [ 11]     layout(offset=0) vec2 _c004;
[   1.819][d][vo/gpu-next/libplacebo] [ 12]     layout(offset=16) mat3 _c010;
[   1.819][d][vo/gpu-next/libplacebo] [ 13]     layout(offset=64) mat3 _c011;
[   1.819][d][vo/gpu-next/libplacebo] [ 14]     layout(offset=112) mat3 _c012;
[   1.819][d][vo/gpu-next/libplacebo] [ 15]     layout(offset=160) mat3 _c020;
[   1.819][d][vo/gpu-next/libplacebo] [ 16] };
[   1.819][d][vo/gpu-next/libplacebo] [ 17] layout(constant_id=0) const float _c008 = 1; 
[   1.819][d][vo/gpu-next/libplacebo] [ 18] layout(constant_id=1) const float _c009 = 1; 
[   1.819][d][vo/gpu-next/libplacebo] [ 19] layout(constant_id=2) const float _c00b = 1; 
[   1.819][d][vo/gpu-next/libplacebo] [ 20] layout(constant_id=3) const float _c00c = 1; 
[   1.819][d][vo/gpu-next/libplacebo] [ 21] layout(constant_id=4) const uint _c00d = 1; 
[   1.819][d][vo/gpu-next/libplacebo] [ 22] layout(constant_id=5) const float _c00e = 1; 
[   1.819][d][vo/gpu-next/libplacebo] [ 23] layout(constant_id=6) const float _c00f = 1; 
[   1.819][d][vo/gpu-next/libplacebo] [ 24] layout(constant_id=7) const float _c016 = 1; 
[   1.819][d][vo/gpu-next/libplacebo] [ 25] layout(constant_id=8) const float _c017 = 1; 
[   1.819][d][vo/gpu-next/libplacebo] [ 26] layout(constant_id=9) const float _c019 = 1; 
[   1.819][d][vo/gpu-next/libplacebo] [ 27] layout(constant_id=10) const float _c01a = 1; 
[   1.819][d][vo/gpu-next/libplacebo] [ 28] layout(constant_id=11) const float _c01c = 1; 
[   1.819][d][vo/gpu-next/libplacebo] [ 29] layout(constant_id=12) const float _c01d = 1; 
[   1.819][d][vo/gpu-next/libplacebo] [ 30] layout(constant_id=13) const float _c01e = 1; 
[   1.819][d][vo/gpu-next/libplacebo] [ 31] layout(constant_id=14) const float _c01f = 1; 
[   1.819][d][vo/gpu-next/libplacebo] [ 32] layout(constant_id=15) const float _c023 = 1; 
[   1.819][d][vo/gpu-next/libplacebo] [ 33] layout(constant_id=16) const float _c024 = 1; 
[   1.819][d][vo/gpu-next/libplacebo] [ 34] layout(constant_id=17) const float _c025 = 1; 
[   1.819][d][vo/gpu-next/libplacebo] [ 35] layout(binding=0) uniform  sampler2D _c002;
[   1.819][d][vo/gpu-next/libplacebo] [ 36] layout(binding=1) uniform  sampler2D _c006;
[   1.819][d][vo/gpu-next/libplacebo] [ 37] layout(binding=2) uniform  sampler3D _c014;
[   1.819][d][vo/gpu-next/libplacebo] [ 38] layout(binding=3) uniform  sampler2D _c022;
[   1.819][d][vo/gpu-next/libplacebo] [ 39] layout(location=0) in vec2 _c003;
[   1.819][d][vo/gpu-next/libplacebo] [ 40] layout(location=0) out vec4 out_color;
[   1.819][d][vo/gpu-next/libplacebo] [ 41] 
[   1.819][d][vo/gpu-next/libplacebo] [ 42] #define _c007(x) (_c009 * (x) + _c008) 
[   1.819][d][vo/gpu-next/libplacebo] [ 43] #define _c00a(x) (_c00c * (x) + _c00b) 
[   1.819][d][vo/gpu-next/libplacebo] [ 44] #define _c005(pos) (textureLod(_c006, vec2(\
[   1.819][d][vo/gpu-next/libplacebo] [ 45]     _c007(vec2(pos).x)\
[   1.819][d][vo/gpu-next/libplacebo] [ 46]    ,_c00a(vec2(pos).y)\
[   1.819][d][vo/gpu-next/libplacebo] [ 47]   ), 0.0).xyzw)
[   1.819][d][vo/gpu-next/libplacebo] [ 48] #define _c015(x) (_c017 * (x) + _c016) 
[   1.819][d][vo/gpu-next/libplacebo] [ 49] #define _c018(x) (_c01a * (x) + _c019) 
[   1.819][d][vo/gpu-next/libplacebo] [ 50] #define _c01b(x) (_c01d * (x) + _c01c) 
[   1.819][d][vo/gpu-next/libplacebo] [ 51] #define _c013(pos) (textureLod(_c014, vec3(\
[   1.819][d][vo/gpu-next/libplacebo] [ 52]     _c015(vec3(pos).x)\
[   1.819][d][vo/gpu-next/libplacebo] [ 53]    ,_c018(vec3(pos).y)\
[   1.819][d][vo/gpu-next/libplacebo] [ 54]    ,_c01b(vec3(pos).z)\
[   1.819][d][vo/gpu-next/libplacebo] [ 55]   ), 0.0).xyzw)
[   1.819][d][vo/gpu-next/libplacebo] [ 56] #define _c021(pos) (texelFetch(_c022, ivec2(pos), 0).x)
[   1.819][d][vo/gpu-next/libplacebo] [ 57] vec4 _c001() {
[   1.819][d][vo/gpu-next/libplacebo] [ 58] 
[   1.819][d][vo/gpu-next/libplacebo] [ 59] vec4 color = vec4(0.0, 0.0, 0.0, 1.0);
[   1.819][d][vo/gpu-next/libplacebo] [ 60] {
[   1.819][d][vo/gpu-next/libplacebo] [ 61] vec2 pos = _c003, pt = _c004;
[   1.819][d][vo/gpu-next/libplacebo] [ 62] vec2 size = vec2(textureSize(_c002, 0));
[   1.819][d][vo/gpu-next/libplacebo] [ 63] vec2 dir = vec2(float(1), float(0));
[   1.819][d][vo/gpu-next/libplacebo] [ 64] pt *= dir;
[   1.819][d][vo/gpu-next/libplacebo] [ 65] vec2 fcoord2 = fract(pos * size - vec2(0.5));
[   1.819][d][vo/gpu-next/libplacebo] [ 66] float fcoord = dot(fcoord2, dir);
[   1.819][d][vo/gpu-next/libplacebo] [ 67] vec2 base = pos - fcoord * pt - pt * vec2(float(1));
[   1.819][d][vo/gpu-next/libplacebo] [ 68] vec4 ws;
[   1.819][d][vo/gpu-next/libplacebo] [ 69] float off;
[   1.819][d][vo/gpu-next/libplacebo] [ 70] vec3 c, ca = vec3(0.0);
[   1.819][d][vo/gpu-next/libplacebo] [ 71] #pragma unroll 4
[   1.819][d][vo/gpu-next/libplacebo] [ 72] for (uint n = 0u; n < _c00d; n += uint(2)) {
[   1.819][d][vo/gpu-next/libplacebo] [ 73] if (n % 4u == 0u)
[   1.819][d][vo/gpu-next/libplacebo] [ 74] ws = _c005(vec2(float(n / 4u) / float(1), fcoord));
[   1.819][d][vo/gpu-next/libplacebo] [ 75] off = float(n);
[   1.819][d][vo/gpu-next/libplacebo] [ 76] off += ws[n % 4u + 1u];
[   1.819][d][vo/gpu-next/libplacebo] [ 77] c = textureLod(_c002, base + pt * off, 0.0).rgb;
[   1.819][d][vo/gpu-next/libplacebo] [ 78] ca += ws[n % 4u] * c;
[   1.819][d][vo/gpu-next/libplacebo] [ 79] }
[   1.819][d][vo/gpu-next/libplacebo] [ 80] color.rgb = _c00f * ca;
[   1.819][d][vo/gpu-next/libplacebo] [ 81] }
[   1.820][d][vo/gpu-next/libplacebo] [ 82] // pl_shader_color_map 
[   1.820][d][vo/gpu-next/libplacebo] [ 83] {                      
[   1.820][d][vo/gpu-next/libplacebo] [ 84] vec3 lms = _c012 * color.rgb;               
[   1.820][d][vo/gpu-next/libplacebo] [ 85] vec3 lmspq = 0.0203000009059906 * lms;                    
[   1.820][d][vo/gpu-next/libplacebo] [ 86] lmspq = pow(max(lmspq, 0.0), vec3(0.1593017578125));   
[   1.820][d][vo/gpu-next/libplacebo] [ 87] lmspq = (vec3(0.8359375) + 18.8515625 * lmspq)           
[   1.820][d][vo/gpu-next/libplacebo] [ 88]         / (vec3(1.0) + 18.6875 * lmspq);       
[   1.820][d][vo/gpu-next/libplacebo] [ 89] lmspq = pow(lmspq, vec3(78.84375));             
[   1.820][d][vo/gpu-next/libplacebo] [ 90] vec3 ipt = _c010 * lmspq;                   
[   1.820][d][vo/gpu-next/libplacebo] [ 91] float i_orig = ipt.x;                     
[   1.820][d][vo/gpu-next/libplacebo] [ 92] vec3 idx;                             
[   1.820][d][vo/gpu-next/libplacebo] [ 93] idx.x = _c01f * ipt.x + _c01e;            
[   1.820][d][vo/gpu-next/libplacebo] [ 94] idx.y = 2.0 * length(ipt.yz);         
[   1.820][d][vo/gpu-next/libplacebo] [ 95] idx.z = 0.15915494309189535 * atan(ipt.z, ipt.y) + 0.5;
[   1.820][d][vo/gpu-next/libplacebo] [ 96] ipt = _c013(idx).xyz;                   
[   1.820][d][vo/gpu-next/libplacebo] [ 97] ipt.yz -= vec2(32768.0/65535.0);      
[   1.820][d][vo/gpu-next/libplacebo] [ 98] lmspq = _c011 * ipt;                        
[   1.820][d][vo/gpu-next/libplacebo] [ 99] lms = pow(max(lmspq, 0.0), vec3(1.0/78.84375)); 
[   1.820][d][vo/gpu-next/libplacebo] [100] lms = max(lms - vec3(0.8359375), 0.0)            
[   1.820][d][vo/gpu-next/libplacebo] [101]              / (vec3(18.8515625) - 18.6875 * lms);     
[   1.820][d][vo/gpu-next/libplacebo] [102] lms = pow(lms, vec3(1.0/0.1593017578125));             
[   1.820][d][vo/gpu-next/libplacebo] [103] lms *= 49.261085510253906;                                
[   1.820][d][vo/gpu-next/libplacebo] [104] color.rgb = _c020 * lms;                    
[   1.820][d][vo/gpu-next/libplacebo] [105] }
[   1.820][d][vo/gpu-next/libplacebo] [106] // pl_shader_encode_color 
[   1.820][d][vo/gpu-next/libplacebo] [107] { 
[   1.820][d][vo/gpu-next/libplacebo] [108] }
[   1.820][d][vo/gpu-next/libplacebo] [109] // pl_shader_dither 
[   1.820][d][vo/gpu-next/libplacebo] [110] {                    
[   1.820][d][vo/gpu-next/libplacebo] [111] float bias;          
[   1.820][d][vo/gpu-next/libplacebo] [112] vec2 pos = fract(gl_FragCoord.xy * 1.0/_c023); 
[   1.820][d][vo/gpu-next/libplacebo] [113] bias = _c021(ivec2(pos * _c024));
[   1.820][d][vo/gpu-next/libplacebo] [114] const float scale = 255.0; 
[   1.820][d][vo/gpu-next/libplacebo] [115] color = scale * color + vec4(bias);   
[   1.820][d][vo/gpu-next/libplacebo] [116] color = floor(color) * (1.0 / scale); 
[   1.820][d][vo/gpu-next/libplacebo] [117] } 
[   1.820][d][vo/gpu-next/libplacebo] [118] color.rgba *= vec4(1.0 / _c025); 
[   1.820][d][vo/gpu-next/libplacebo] [119] vec4 _c026 = color;                 
[   1.820][d][vo/gpu-next/libplacebo] [120] color = vec4(0.0, 0.0, 0.0, 1.0); 
[   1.820][d][vo/gpu-next/libplacebo] [121] color[0] = _c026[0]; 
[   1.820][d][vo/gpu-next/libplacebo] [122] color[1] = _c026[1]; 
[   1.820][d][vo/gpu-next/libplacebo] [123] color[2] = _c026[2]; 
[   1.820][d][vo/gpu-next/libplacebo] [124] color[3] = _c026[3]; 
[   1.820][d][vo/gpu-next/libplacebo] [125] return color;
[   1.820][d][vo/gpu-next/libplacebo] [126] }
[   1.820][d][vo/gpu-next/libplacebo] [127] 
[   1.820][d][vo/gpu-next/libplacebo] [128] void main() {
[   1.820][d][vo/gpu-next/libplacebo] [129] out_color = _c001();
[   1.820][d][vo/gpu-next/libplacebo] [130] }
[   1.820][d][vo/gpu-next/libplacebo] Specialization constant values:
[   1.820][d][vo/gpu-next/libplacebo]   constant_id=0: 0.500000
[   1.820][d][vo/gpu-next/libplacebo]   constant_id=1: 0.000000
[   1.820][d][vo/gpu-next/libplacebo]   constant_id=2: 0.001953
[   1.820][d][vo/gpu-next/libplacebo]   constant_id=3: 0.996094
[   1.820][d][vo/gpu-next/libplacebo]   constant_id=4: 4
[   1.820][d][vo/gpu-next/libplacebo]   constant_id=5: 0.000000
[   1.820][d][vo/gpu-next/libplacebo]   constant_id=6: 1.000000
[   1.820][d][vo/gpu-next/libplacebo]   constant_id=7: 0.010417
[   1.820][d][vo/gpu-next/libplacebo]   constant_id=8: 0.979167
[   1.820][d][vo/gpu-next/libplacebo]   constant_id=9: 0.015625
[   1.820][d][vo/gpu-next/libplacebo]   constant_id=10: 0.968750
[   1.820][d][vo/gpu-next/libplacebo]   constant_id=11: 0.001953
[   1.820][d][vo/gpu-next/libplacebo]   constant_id=12: 0.996094
[   1.820][d][vo/gpu-next/libplacebo]   constant_id=13: -0.000206
[   1.820][d][vo/gpu-next/libplacebo]   constant_id=14: 1.722443
[   1.820][d][vo/gpu-next/libplacebo]   constant_id=15: 64.000000
[   1.820][d][vo/gpu-next/libplacebo]   constant_id=16: 64.000000
[   1.820][d][vo/gpu-next/libplacebo]   constant_id=17: 1.000000
[   1.820][d][vo/gpu-next] cache_load_obj: key(8b3c66ed532b325e), size(748), load time(0.069 ms)
[   1.820][d][vo/gpu-next/libplacebo] Re-using cached SPIR-V object 0x8b3c66ed532b325e
[   1.821][d][vo/gpu-next] cache_load_obj: key(de5a46142276db20), size(5460), load time(0.236 ms)
[   1.821][d][vo/gpu-next/libplacebo] Re-using cached SPIR-V object 0xde5a46142276db20
[   1.821][d][vo/gpu-next] cache_load_obj: key(ac0e701e3856e645), size(21148), load time(0.290 ms)
[   1.821][d][vo/gpu-next/libplacebo] Spent 0.016 ms compiling shader
[   1.821][d][vo/gpu-next] cache_save_obj: key(8b3c66ed532b325e), size(748)
[   1.821][d][vo/gpu-next] cache_save_obj: key(de5a46142276db20), size(5460)
[   1.821][d][vo/gpu-next/libplacebo] Spent 0.294 ms creating pipeline
[   1.821][d][vo/gpu-next] cache_save_obj: key(ac0e701e3856e645), size(21148)
[   1.821][d][vo/gpu-next/libplacebo] Pass statistics: size 0, SPIR-V: vert 0 frag 0 comp 0
[   1.827][v][vo/gpu-next/wayland] Enabling server decorations
[   1.827][v][vo/gpu-next/wayland] Resizing due to xdg from 1728x1296 to 2560x1440
[   1.827][v][vo/gpu-next] Window size: 1728x1296 (Borders: l=0 t=0 r=0 b=0)
[   1.827][v][vo/gpu-next] Video source: 2560x1920 (1:1)
[   1.827][v][vo/gpu-next] Video display: (0, 0) 2560x1920 -> (0, 0) 1728x1296
[   1.827][v][vo/gpu-next] Video scale: 0.675000/0.675000
[   1.827][v][vo/gpu-next] OSD borders: l=0 t=0 r=0 b=0
[   1.827][v][vo/gpu-next] Video borders: l=0 t=0 r=0 b=0
[   1.827][v][vo/gpu-next/wayland] Handling resize on the vk side
[   1.827][d][vo/gpu-next/libplacebo] Requested alpha compositing mode: VK_COMPOSITE_ALPHA_PRE_MULTIPLIED_BIT_KHR
[   1.827][d][vo/gpu-next/libplacebo] Requested surface transform: VK_SURFACE_TRANSFORM_IDENTITY_BIT_KHR
[   1.827][d][vo/gpu-next/libplacebo] Requested image count: 3 (min 2 max 8)
[   1.827][d][vo/gpu-next/libplacebo] Requested image size: 2560x1440 (min 1x1 < cur -1x-1 < max 16384x16384)
[   1.827][d][vo/gpu-next/libplacebo] (Re)creating swapchain of size 2560x1440
[   1.827][v][cplayer] first video frame after restart shown
[   1.867][v][vo/gpu-next] Window size: 2560x1440 (Borders: l=0 t=0 r=0 b=0)
[   1.867][v][vo/gpu-next] Video source: 2560x1920 (1:1)
[   1.867][v][vo/gpu-next] Video display: (0, 0) 2560x1920 -> (320, 0) 1920x1440
[   1.867][v][vo/gpu-next] Video scale: 0.750000/0.750000
[   1.867][v][vo/gpu-next] OSD borders: l=320 t=0 r=320 b=0
[   1.867][v][vo/gpu-next] Video borders: l=320 t=0 r=320 b=0
[   1.868][d][vo/gpu-next/libplacebo] (Re)creating 1920x1440x0 texture with format rgba16hf: src/renderer.c:3863
[   1.868][d][vo/gpu-next/libplacebo] Allocating 23592960 memory of type 0x1 (id 1) in heap 0: src/renderer.c:3863
[   1.868][d][vo/gpu-next/libplacebo] Memory types supported by device:
[   1.868][d][vo/gpu-next/libplacebo]     0: flags 0x0 heap 1
[   1.868][d][vo/gpu-next/libplacebo]     1: flags 0x1 heap 0
[   1.868][d][vo/gpu-next/libplacebo]     2: flags 0x6 heap 1
[   1.868][d][vo/gpu-next/libplacebo]     3: flags 0xe heap 1
[   1.868][d][vo/gpu-next/libplacebo]     4: flags 0x7 heap 0
[   1.868][d][vo/gpu-next/libplacebo] Spent 0.227 ms allocating slab
[   1.869][d][vo/gpu-next/libplacebo] LUT invalidated, regenerating..
[   1.869][d][vo/gpu-next/libplacebo] Spent 0.002 ms generating shader LUT
[   1.869][d][vo/gpu-next/libplacebo] (Re)creating 2560x1440x0 texture with format rgba16hf: src/renderer.c:768
[   1.869][d][vo/gpu-next/libplacebo] Freeing slab of size   27M
[   1.869][d][vo/gpu-next/libplacebo] Allocating 31457280 memory of type 0x1 (id 1) in heap 0: src/renderer.c:768
[   1.870][d][vo/gpu-next/libplacebo] Memory types supported by device:
[   1.870][d][vo/gpu-next/libplacebo]     0: flags 0x0 heap 1
[   1.870][d][vo/gpu-next/libplacebo]     1: flags 0x1 heap 0
[   1.870][d][vo/gpu-next/libplacebo]     2: flags 0x6 heap 1
[   1.870][d][vo/gpu-next/libplacebo]     3: flags 0xe heap 1
[   1.870][d][vo/gpu-next/libplacebo]     4: flags 0x7 heap 0
[   1.870][d][vo/gpu-next/libplacebo] Spent 0.212 ms allocating slab
[   1.870][d][vo/gpu-next/libplacebo] LUT invalidated, regenerating..
[   1.870][d][vo/gpu-next/libplacebo] Spent 0.002 ms generating shader LUT
[   1.870][d][vo/gpu-next/libplacebo] vertex shader source:
[   1.870][d][vo/gpu-next/libplacebo] [  1] #version 450
[   1.870][d][vo/gpu-next/libplacebo] [  2] #extension GL_KHR_shader_subgroup_basic : enable 
[   1.870][d][vo/gpu-next/libplacebo] [  3] #extension GL_KHR_shader_subgroup_vote : enable 
[   1.870][d][vo/gpu-next/libplacebo] [  4] #extension GL_KHR_shader_subgroup_arithmetic : enable 
[   1.870][d][vo/gpu-next/libplacebo] [  5] #extension GL_KHR_shader_subgroup_ballot : enable 
[   1.870][d][vo/gpu-next/libplacebo] [  6] #extension GL_KHR_shader_subgroup_shuffle : enable 
[   1.870][d][vo/gpu-next/libplacebo] [  7] #extension GL_KHR_shader_subgroup_clustered : enable 
[   1.870][d][vo/gpu-next/libplacebo] [  8] #extension GL_KHR_shader_subgroup_quad : enable 
[   1.870][d][vo/gpu-next/libplacebo] [  9] #extension GL_ARB_texture_gather : enable
[   1.870][d][vo/gpu-next/libplacebo] [ 10] layout(std430, push_constant) uniform PushC {
[   1.870][d][vo/gpu-next/libplacebo] [ 11]     layout(offset=0) vec2 _c004;
[   1.870][d][vo/gpu-next/libplacebo] [ 12]     layout(offset=16) mat3 _c010;
[   1.870][d][vo/gpu-next/libplacebo] [ 13]     layout(offset=64) mat3 _c011;
[   1.870][d][vo/gpu-next/libplacebo] [ 14]     layout(offset=112) mat3 _c012;
[   1.870][d][vo/gpu-next/libplacebo] [ 15]     layout(offset=160) mat3 _c020;
[   1.870][d][vo/gpu-next/libplacebo] [ 16] };
[   1.870][d][vo/gpu-next/libplacebo] [ 17] layout(constant_id=0) const float _c008 = 1; 
[   1.870][d][vo/gpu-next/libplacebo] [ 18] layout(constant_id=1) const float _c009 = 1; 
[   1.870][d][vo/gpu-next/libplacebo] [ 19] layout(constant_id=2) const float _c00b = 1; 
[   1.870][d][vo/gpu-next/libplacebo] [ 20] layout(constant_id=3) const float _c00c = 1; 
[   1.870][d][vo/gpu-next/libplacebo] [ 21] layout(constant_id=4) const uint _c00d = 1; 
[   1.870][d][vo/gpu-next/libplacebo] [ 22] layout(constant_id=5) const float _c00e = 1; 
[   1.870][d][vo/gpu-next/libplacebo] [ 23] layout(constant_id=6) const float _c00f = 1; 
[   1.870][d][vo/gpu-next/libplacebo] [ 24] layout(constant_id=7) const float _c016 = 1; 
[   1.870][d][vo/gpu-next/libplacebo] [ 25] layout(constant_id=8) const float _c017 = 1; 
[   1.870][d][vo/gpu-next/libplacebo] [ 26] layout(constant_id=9) const float _c019 = 1; 
[   1.870][d][vo/gpu-next/libplacebo] [ 27] layout(constant_id=10) const float _c01a = 1; 
[   1.870][d][vo/gpu-next/libplacebo] [ 28] layout(constant_id=11) const float _c01c = 1; 
[   1.870][d][vo/gpu-next/libplacebo] [ 29] layout(constant_id=12) const float _c01d = 1; 
[   1.870][d][vo/gpu-next/libplacebo] [ 30] layout(constant_id=13) const float _c01e = 1; 
[   1.870][d][vo/gpu-next/libplacebo] [ 31] layout(constant_id=14) const float _c01f = 1; 
[   1.870][d][vo/gpu-next/libplacebo] [ 32] layout(binding=0) uniform  sampler2D _c002;
[   1.870][d][vo/gpu-next/libplacebo] [ 33] layout(binding=1) uniform  sampler2D _c006;
[   1.870][d][vo/gpu-next/libplacebo] [ 34] layout(binding=2) uniform  sampler3D _c014;
[   1.870][d][vo/gpu-next/libplacebo] [ 35] layout(location=0) in vec2 _c023;
[   1.870][d][vo/gpu-next/libplacebo] [ 36] layout(location=0) out vec2 _c003;
[   1.870][d][vo/gpu-next/libplacebo] [ 37] layout(location=1) in vec2 _c024;
[   1.870][d][vo/gpu-next/libplacebo] [ 38] void main() {
[   1.870][d][vo/gpu-next/libplacebo] [ 39] _c003 = _c023;
[   1.870][d][vo/gpu-next/libplacebo] [ 40] vec2 va_pos = _c024; 
[   1.870][d][vo/gpu-next/libplacebo] [ 41] gl_Position = vec4(va_pos, 0.0, 1.0); 
[   1.870][d][vo/gpu-next/libplacebo] [ 42] }
[   1.870][d][vo/gpu-next/libplacebo] fragment shader source:
[   1.870][d][vo/gpu-next/libplacebo] [  1] #version 450
[   1.870][d][vo/gpu-next/libplacebo] [  2] #extension GL_KHR_shader_subgroup_basic : enable 
[   1.870][d][vo/gpu-next/libplacebo] [  3] #extension GL_KHR_shader_subgroup_vote : enable 
[   1.870][d][vo/gpu-next/libplacebo] [  4] #extension GL_KHR_shader_subgroup_arithmetic : enable 
[   1.870][d][vo/gpu-next/libplacebo] [  5] #extension GL_KHR_shader_subgroup_ballot : enable 
[   1.870][d][vo/gpu-next/libplacebo] [  6] #extension GL_KHR_shader_subgroup_shuffle : enable 
[   1.870][d][vo/gpu-next/libplacebo] [  7] #extension GL_KHR_shader_subgroup_clustered : enable 
[   1.870][d][vo/gpu-next/libplacebo] [  8] #extension GL_KHR_shader_subgroup_quad : enable 
[   1.870][d][vo/gpu-next/libplacebo] [  9] #extension GL_ARB_texture_gather : enable
[   1.870][d][vo/gpu-next/libplacebo] [ 10] layout(std430, push_constant) uniform PushC {
[   1.870][d][vo/gpu-next/libplacebo] [ 11]     layout(offset=0) vec2 _c004;
[   1.870][d][vo/gpu-next/libplacebo] [ 12]     layout(offset=16) mat3 _c010;
[   1.870][d][vo/gpu-next/libplacebo] [ 13]     layout(offset=64) mat3 _c011;
[   1.870][d][vo/gpu-next/libplacebo] [ 14]     layout(offset=112) mat3 _c012;
[   1.870][d][vo/gpu-next/libplacebo] [ 15]     layout(offset=160) mat3 _c020;
[   1.870][d][vo/gpu-next/libplacebo] [ 16] };
[   1.870][d][vo/gpu-next/libplacebo] [ 17] layout(constant_id=0) const float _c008 = 1; 
[   1.870][d][vo/gpu-next/libplacebo] [ 18] layout(constant_id=1) const float _c009 = 1; 
[   1.870][d][vo/gpu-next/libplacebo] [ 19] layout(constant_id=2) const float _c00b = 1; 
[   1.870][d][vo/gpu-next/libplacebo] [ 20] layout(constant_id=3) const float _c00c = 1; 
[   1.870][d][vo/gpu-next/libplacebo] [ 21] layout(constant_id=4) const uint _c00d = 1; 
[   1.870][d][vo/gpu-next/libplacebo] [ 22] layout(constant_id=5) const float _c00e = 1; 
[   1.870][d][vo/gpu-next/libplacebo] [ 23] layout(constant_id=6) const float _c00f = 1; 
[   1.870][d][vo/gpu-next/libplacebo] [ 24] layout(constant_id=7) const float _c016 = 1; 
[   1.870][d][vo/gpu-next/libplacebo] [ 25] layout(constant_id=8) const float _c017 = 1; 
[   1.870][d][vo/gpu-next/libplacebo] [ 26] layout(constant_id=9) const float _c019 = 1; 
[   1.870][d][vo/gpu-next/libplacebo] [ 27] layout(constant_id=10) const float _c01a = 1; 
[   1.870][d][vo/gpu-next/libplacebo] [ 28] layout(constant_id=11) const float _c01c = 1; 
[   1.870][d][vo/gpu-next/libplacebo] [ 29] layout(constant_id=12) const float _c01d = 1; 
[   1.870][d][vo/gpu-next/libplacebo] [ 30] layout(constant_id=13) const float _c01e = 1; 
[   1.870][d][vo/gpu-next/libplacebo] [ 31] layout(constant_id=14) const float _c01f = 1; 
[   1.870][d][vo/gpu-next/libplacebo] [ 32] layout(binding=0) uniform  sampler2D _c002;
[   1.870][d][vo/gpu-next/libplacebo] [ 33] layout(binding=1) uniform  sampler2D _c006;
[   1.870][d][vo/gpu-next/libplacebo] [ 34] layout(binding=2) uniform  sampler3D _c014;
[   1.870][d][vo/gpu-next/libplacebo] [ 35] layout(location=0) in vec2 _c003;
[   1.870][d][vo/gpu-next/libplacebo] [ 36] layout(location=0) out vec4 out_color;
[   1.870][d][vo/gpu-next/libplacebo] [ 37] 
[   1.870][d][vo/gpu-next/libplacebo] [ 38] #define _c007(x) (_c009 * (x) + _c008) 
[   1.870][d][vo/gpu-next/libplacebo] [ 39] #define _c00a(x) (_c00c * (x) + _c00b) 
[   1.870][d][vo/gpu-next/libplacebo] [ 40] #define _c005(pos) (textureLod(_c006, vec2(\
[   1.870][d][vo/gpu-next/libplacebo] [ 41]     _c007(vec2(pos).x)\
[   1.870][d][vo/gpu-next/libplacebo] [ 42]    ,_c00a(vec2(pos).y)\
[   1.870][d][vo/gpu-next/libplacebo] [ 43]   ), 0.0).xyzw)
[   1.870][d][vo/gpu-next/libplacebo] [ 44] #define _c015(x) (_c017 * (x) + _c016) 
[   1.870][d][vo/gpu-next/libplacebo] [ 45] #define _c018(x) (_c01a * (x) + _c019) 
[   1.870][d][vo/gpu-next/libplacebo] [ 46] #define _c01b(x) (_c01d * (x) + _c01c) 
[   1.870][d][vo/gpu-next/libplacebo] [ 47] #define _c013(pos) (textureLod(_c014, vec3(\
[   1.870][d][vo/gpu-next/libplacebo] [ 48]     _c015(vec3(pos).x)\
[   1.870][d][vo/gpu-next/libplacebo] [ 49]    ,_c018(vec3(pos).y)\
[   1.870][d][vo/gpu-next/libplacebo] [ 50]    ,_c01b(vec3(pos).z)\
[   1.870][d][vo/gpu-next/libplacebo] [ 51]   ), 0.0).xyzw)
[   1.870][d][vo/gpu-next/libplacebo] [ 52] vec4 _c001() {
[   1.870][d][vo/gpu-next/libplacebo] [ 53] 
[   1.870][d][vo/gpu-next/libplacebo] [ 54] vec4 color = vec4(0.0, 0.0, 0.0, 1.0);
[   1.870][d][vo/gpu-next/libplacebo] [ 55] {
[   1.870][d][vo/gpu-next/libplacebo] [ 56] vec2 pos = _c003, pt = _c004;
[   1.870][d][vo/gpu-next/libplacebo] [ 57] vec2 size = vec2(textureSize(_c002, 0));
[   1.870][d][vo/gpu-next/libplacebo] [ 58] vec2 dir = vec2(float(1), float(0));
[   1.870][d][vo/gpu-next/libplacebo] [ 59] pt *= dir;
[   1.870][d][vo/gpu-next/libplacebo] [ 60] vec2 fcoord2 = fract(pos * size - vec2(0.5));
[   1.870][d][vo/gpu-next/libplacebo] [ 61] float fcoord = dot(fcoord2, dir);
[   1.870][d][vo/gpu-next/libplacebo] [ 62] vec2 base = pos - fcoord * pt - pt * vec2(float(1));
[   1.870][d][vo/gpu-next/libplacebo] [ 63] vec4 ws;
[   1.870][d][vo/gpu-next/libplacebo] [ 64] float off;
[   1.870][d][vo/gpu-next/libplacebo] [ 65] vec3 c, ca = vec3(0.0);
[   1.870][d][vo/gpu-next/libplacebo] [ 66] #pragma unroll 4
[   1.870][d][vo/gpu-next/libplacebo] [ 67] for (uint n = 0u; n < _c00d; n += uint(2)) {
[   1.870][d][vo/gpu-next/libplacebo] [ 68] if (n % 4u == 0u)
[   1.870][d][vo/gpu-next/libplacebo] [ 69] ws = _c005(vec2(float(n / 4u) / float(1), fcoord));
[   1.870][d][vo/gpu-next/libplacebo] [ 70] off = float(n);
[   1.870][d][vo/gpu-next/libplacebo] [ 71] off += ws[n % 4u + 1u];
[   1.871][d][vo/gpu-next/libplacebo] [ 72] c = textureLod(_c002, base + pt * off, 0.0).rgb;
[   1.871][d][vo/gpu-next/libplacebo] [ 73] ca += ws[n % 4u] * c;
[   1.871][d][vo/gpu-next/libplacebo] [ 74] }
[   1.871][d][vo/gpu-next/libplacebo] [ 75] color.rgb = _c00f * ca;
[   1.871][d][vo/gpu-next/libplacebo] [ 76] }
[   1.871][d][vo/gpu-next/libplacebo] [ 77] // pl_shader_color_map 
[   1.871][d][vo/gpu-next/libplacebo] [ 78] {                      
[   1.871][d][vo/gpu-next/libplacebo] [ 79] vec3 lms = _c012 * color.rgb;               
[   1.871][d][vo/gpu-next/libplacebo] [ 80] vec3 lmspq = 0.0203000009059906 * lms;                    
[   1.871][d][vo/gpu-next/libplacebo] [ 81] lmspq = pow(max(lmspq, 0.0), vec3(0.1593017578125));   
[   1.871][d][vo/gpu-next/libplacebo] [ 82] lmspq = (vec3(0.8359375) + 18.8515625 * lmspq)           
[   1.871][d][vo/gpu-next/libplacebo] [ 83]         / (vec3(1.0) + 18.6875 * lmspq);       
[   1.871][d][vo/gpu-next/libplacebo] [ 84] lmspq = pow(lmspq, vec3(78.84375));             
[   1.871][d][vo/gpu-next/libplacebo] [ 85] vec3 ipt = _c010 * lmspq;                   
[   1.871][d][vo/gpu-next/libplacebo] [ 86] float i_orig = ipt.x;                     
[   1.871][d][vo/gpu-next/libplacebo] [ 87] vec3 idx;                             
[   1.871][d][vo/gpu-next/libplacebo] [ 88] idx.x = _c01f * ipt.x + _c01e;            
[   1.871][d][vo/gpu-next/libplacebo] [ 89] idx.y = 2.0 * length(ipt.yz);         
[   1.871][d][vo/gpu-next/libplacebo] [ 90] idx.z = 0.15915494309189535 * atan(ipt.z, ipt.y) + 0.5;
[   1.871][d][vo/gpu-next/libplacebo] [ 91] ipt = _c013(idx).xyz;                   
[   1.871][d][vo/gpu-next/libplacebo] [ 92] ipt.yz -= vec2(32768.0/65535.0);      
[   1.871][d][vo/gpu-next/libplacebo] [ 93] lmspq = _c011 * ipt;                        
[   1.871][d][vo/gpu-next/libplacebo] [ 94] lms = pow(max(lmspq, 0.0), vec3(1.0/78.84375)); 
[   1.871][d][vo/gpu-next/libplacebo] [ 95] lms = max(lms - vec3(0.8359375), 0.0)            
[   1.871][d][vo/gpu-next/libplacebo] [ 96]              / (vec3(18.8515625) - 18.6875 * lms);     
[   1.871][d][vo/gpu-next/libplacebo] [ 97] lms = pow(lms, vec3(1.0/0.1593017578125));             
[   1.871][d][vo/gpu-next/libplacebo] [ 98] lms *= 49.261085510253906;                                
[   1.871][d][vo/gpu-next/libplacebo] [ 99] color.rgb = _c020 * lms;                    
[   1.871][d][vo/gpu-next/libplacebo] [100] }
[   1.871][d][vo/gpu-next/libplacebo] [101] return color;
[   1.871][d][vo/gpu-next/libplacebo] [102] }
[   1.871][d][vo/gpu-next/libplacebo] [103] 
[   1.871][d][vo/gpu-next/libplacebo] [104] void main() {
[   1.871][d][vo/gpu-next/libplacebo] [105] out_color = _c001();
[   1.871][d][vo/gpu-next/libplacebo] [106] }
[   1.871][d][vo/gpu-next/libplacebo] Specialization constant values:
[   1.871][d][vo/gpu-next/libplacebo]   constant_id=0: 0.500000
[   1.871][d][vo/gpu-next/libplacebo]   constant_id=1: 0.000000
[   1.871][d][vo/gpu-next/libplacebo]   constant_id=2: 0.001953
[   1.871][d][vo/gpu-next/libplacebo]   constant_id=3: 0.996094
[   1.871][d][vo/gpu-next/libplacebo]   constant_id=4: 4
[   1.871][d][vo/gpu-next/libplacebo]   constant_id=5: 0.000000
[   1.871][d][vo/gpu-next/libplacebo]   constant_id=6: 1.000000
[   1.871][d][vo/gpu-next/libplacebo]   constant_id=7: 0.010417
[   1.871][d][vo/gpu-next/libplacebo]   constant_id=8: 0.979167
[   1.871][d][vo/gpu-next/libplacebo]   constant_id=9: 0.015625
[   1.871][d][vo/gpu-next/libplacebo]   constant_id=10: 0.968750
[   1.871][d][vo/gpu-next/libplacebo]   constant_id=11: 0.001953
[   1.871][d][vo/gpu-next/libplacebo]   constant_id=12: 0.996094
[   1.871][d][vo/gpu-next/libplacebo]   constant_id=13: -0.000206
[   1.871][d][vo/gpu-next/libplacebo]   constant_id=14: 1.722443
[   1.871][d][vo/gpu-next] cache_load_obj: key(bc916deaed4af361), size(748), load time(0.102 ms)
[   1.871][d][vo/gpu-next/libplacebo] Re-using cached SPIR-V object 0xbc916deaed4af361
[   1.872][d][vo/gpu-next] cache_load_obj: key(91e993ae1db34c8b), size(4804), load time(0.804 ms)
[   1.872][d][vo/gpu-next/libplacebo] Re-using cached SPIR-V object 0x91e993ae1db34c8b
[   1.872][d][vo/gpu-next] cache_load_obj: key(94be8f7eedcd4fba), size(20416), load time(0.391 ms)
[   1.872][d][vo/gpu-next/libplacebo] Spent 0.013 ms compiling shader
[   1.872][d][vo/gpu-next] cache_save_obj: key(bc916deaed4af361), size(748)
[   1.872][d][vo/gpu-next] cache_save_obj: key(91e993ae1db34c8b), size(4804)
[   1.872][d][vo/gpu-next/libplacebo] Spent 0.245 ms creating pipeline
[   1.872][d][vo/gpu-next] cache_save_obj: key(94be8f7eedcd4fba), size(20416)
[   1.872][d][vo/gpu-next/libplacebo] Pass statistics: size 0, SPIR-V: vert 0 frag 0 comp 0
[   1.873][d][vo/gpu-next/libplacebo] vertex shader source:
[   1.873][d][vo/gpu-next/libplacebo] [  1] #version 450
[   1.873][d][vo/gpu-next/libplacebo] [  2] #extension GL_KHR_shader_subgroup_basic : enable 
[   1.873][d][vo/gpu-next/libplacebo] [  3] #extension GL_KHR_shader_subgroup_vote : enable 
[   1.873][d][vo/gpu-next/libplacebo] [  4] #extension GL_KHR_shader_subgroup_arithmetic : enable 
[   1.873][d][vo/gpu-next/libplacebo] [  5] #extension GL_KHR_shader_subgroup_ballot : enable 
[   1.873][d][vo/gpu-next/libplacebo] [  6] #extension GL_KHR_shader_subgroup_shuffle : enable 
[   1.873][d][vo/gpu-next/libplacebo] [  7] #extension GL_KHR_shader_subgroup_clustered : enable 
[   1.873][d][vo/gpu-next/libplacebo] [  8] #extension GL_KHR_shader_subgroup_quad : enable 
[   1.873][d][vo/gpu-next/libplacebo] [  9] #extension GL_ARB_texture_gather : enable
[   1.873][d][vo/gpu-next/libplacebo] [ 10] layout(std430, push_constant) uniform PushC {
[   1.873][d][vo/gpu-next/libplacebo] [ 11]     layout(offset=0) float _4;
[   1.873][d][vo/gpu-next/libplacebo] [ 12] };
[   1.873][d][vo/gpu-next/libplacebo] [ 13] layout(constant_id=0) const float _7 = 1; 
[   1.873][d][vo/gpu-next/libplacebo] [ 14] layout(constant_id=1) const float _8 = 1; 
[   1.873][d][vo/gpu-next/libplacebo] [ 15] layout(constant_id=2) const float _9 = 1; 
[   1.873][d][vo/gpu-next/libplacebo] [ 16] layout(binding=0) uniform  sampler2D _2;
[   1.873][d][vo/gpu-next/libplacebo] [ 17] layout(binding=1) uniform  sampler2D _6;
[   1.873][d][vo/gpu-next/libplacebo] [ 18] layout(location=0) in vec2 _d;
[   1.873][d][vo/gpu-next/libplacebo] [ 19] layout(location=0) out vec2 _3;
[   1.873][d][vo/gpu-next/libplacebo] [ 20] layout(location=1) in vec2 _e;
[   1.873][d][vo/gpu-next/libplacebo] [ 21] void main() {
[   1.873][d][vo/gpu-next/libplacebo] [ 22] _3 = _d;
[   1.873][d][vo/gpu-next/libplacebo] [ 23] vec2 va_pos = _e; 
[   1.873][d][vo/gpu-next/libplacebo] [ 24] gl_Position = vec4(va_pos, 0.0, 1.0); 
[   1.873][d][vo/gpu-next/libplacebo] [ 25] }
[   1.873][d][vo/gpu-next/libplacebo] fragment shader source:
[   1.873][d][vo/gpu-next/libplacebo] [  1] #version 450
[   1.873][d][vo/gpu-next/libplacebo] [  2] #extension GL_KHR_shader_subgroup_basic : enable 
[   1.873][d][vo/gpu-next/libplacebo] [  3] #extension GL_KHR_shader_subgroup_vote : enable 
[   1.873][d][vo/gpu-next/libplacebo] [  4] #extension GL_KHR_shader_subgroup_arithmetic : enable 
[   1.873][d][vo/gpu-next/libplacebo] [  5] #extension GL_KHR_shader_subgroup_ballot : enable 
[   1.873][d][vo/gpu-next/libplacebo] [  6] #extension GL_KHR_shader_subgroup_shuffle : enable 
[   1.873][d][vo/gpu-next/libplacebo] [  7] #extension GL_KHR_shader_subgroup_clustered : enable 
[   1.873][d][vo/gpu-next/libplacebo] [  8] #extension GL_KHR_shader_subgroup_quad : enable 
[   1.873][d][vo/gpu-next/libplacebo] [  9] #extension GL_ARB_texture_gather : enable
[   1.873][d][vo/gpu-next/libplacebo] [ 10] layout(std430, push_constant) uniform PushC {
[   1.873][d][vo/gpu-next/libplacebo] [ 11]     layout(offset=0) float _4;
[   1.873][d][vo/gpu-next/libplacebo] [ 12] };
[   1.873][d][vo/gpu-next/libplacebo] [ 13] layout(constant_id=0) const float _7 = 1; 
[   1.873][d][vo/gpu-next/libplacebo] [ 14] layout(constant_id=1) const float _8 = 1; 
[   1.873][d][vo/gpu-next/libplacebo] [ 15] layout(constant_id=2) const float _9 = 1; 
[   1.873][d][vo/gpu-next/libplacebo] [ 16] layout(binding=0) uniform  sampler2D _2;
[   1.873][d][vo/gpu-next/libplacebo] [ 17] layout(binding=1) uniform  sampler2D _6;
[   1.873][d][vo/gpu-next/libplacebo] [ 18] layout(location=0) in vec2 _3;
[   1.873][d][vo/gpu-next/libplacebo] [ 19] layout(location=0) out vec4 out_color;
[   1.873][d][vo/gpu-next/libplacebo] [ 20] 
[   1.873][d][vo/gpu-next/libplacebo] [ 21] #define _5(pos) (texelFetch(_6, ivec2(pos), 0).x)
[   1.873][d][vo/gpu-next/libplacebo] [ 22] vec4 _1() {
[   1.873][d][vo/gpu-next/libplacebo] [ 23] vec4 color;                   
[   1.873][d][vo/gpu-next/libplacebo] [ 24] // pl_render_image_mix        
[   1.873][d][vo/gpu-next/libplacebo] [ 25] {                             
[   1.873][d][vo/gpu-next/libplacebo] [ 26] vec4 mix_color = vec4(0.0);   
[   1.873][d][vo/gpu-next/libplacebo] [ 27] color = textureLod(_2, _3, 0.0); 
[   1.873][d][vo/gpu-next/libplacebo] [ 28] mix_color += vec4(_4) * color; 
[   1.873][d][vo/gpu-next/libplacebo] [ 29] color = mix_color; 
[   1.873][d][vo/gpu-next/libplacebo] [ 30] }                  
[   1.873][d][vo/gpu-next/libplacebo] [ 31] // pl_shader_encode_color 
[   1.873][d][vo/gpu-next/libplacebo] [ 32] { 
[   1.873][d][vo/gpu-next/libplacebo] [ 33] }
[   1.873][d][vo/gpu-next/libplacebo] [ 34] // pl_shader_dither 
[   1.873][d][vo/gpu-next/libplacebo] [ 35] {                    
[   1.873][d][vo/gpu-next/libplacebo] [ 36] float bias;          
[   1.873][d][vo/gpu-next/libplacebo] [ 37] vec2 pos = fract(gl_FragCoord.xy * 1.0/_7); 
[   1.873][d][vo/gpu-next/libplacebo] [ 38] bias = _5(ivec2(pos * _8));
[   1.873][d][vo/gpu-next/libplacebo] [ 39] const float scale = 255.0; 
[   1.873][d][vo/gpu-next/libplacebo] [ 40] color = scale * color + vec4(bias);   
[   1.873][d][vo/gpu-next/libplacebo] [ 41] color = floor(color) * (1.0 / scale); 
[   1.873][d][vo/gpu-next/libplacebo] [ 42] } 
[   1.873][d][vo/gpu-next/libplacebo] [ 43] color.rgba *= vec4(1.0 / _9); 
[   1.873][d][vo/gpu-next/libplacebo] [ 44] vec4 _a = color;                 
[   1.873][d][vo/gpu-next/libplacebo] [ 45] color = vec4(0.0, 0.0, 0.0, 1.0); 
[   1.873][d][vo/gpu-next/libplacebo] [ 46] color[0] = _a[0]; 
[   1.873][d][vo/gpu-next/libplacebo] [ 47] color[1] = _a[1]; 
[   1.873][d][vo/gpu-next/libplacebo] [ 48] color[2] = _a[2]; 
[   1.873][d][vo/gpu-next/libplacebo] [ 49] color[3] = _a[3]; 
[   1.873][d][vo/gpu-next/libplacebo] [ 50] return color;
[   1.873][d][vo/gpu-next/libplacebo] [ 51] }
[   1.873][d][vo/gpu-next/libplacebo] [ 52] 
[   1.873][d][vo/gpu-next/libplacebo] [ 53] void main() {
[   1.873][d][vo/gpu-next/libplacebo] [ 54] out_color = _1();
[   1.873][d][vo/gpu-next/libplacebo] [ 55] }
[   1.873][d][vo/gpu-next/libplacebo] Specialization constant values:
[   1.873][d][vo/gpu-next/libplacebo]   constant_id=0: 64.000000
[   1.873][d][vo/gpu-next/libplacebo]   constant_id=1: 64.000000
[   1.873][d][vo/gpu-next/libplacebo]   constant_id=2: 1.000000
[   1.873][d][vo/gpu-next] cache_load_obj: key(65dadd290e0c1222), size(748), load time(0.071 ms)
[   1.873][d][vo/gpu-next/libplacebo] Re-using cached SPIR-V object 0x65dadd290e0c1222
[   1.873][d][vo/gpu-next] cache_load_obj: key(53c7c445d262d4df), size(1404), load time(0.035 ms)
[   1.873][d][vo/gpu-next/libplacebo] Re-using cached SPIR-V object 0x53c7c445d262d4df
[   1.873][d][vo/gpu-next] cache_load_obj: key(43aa3a45ff1adbe6), size(15557), load time(0.295 ms)
[   1.873][d][vo/gpu-next/libplacebo] Spent 0.005 ms compiling shader
[   1.873][d][vo/gpu-next] cache_save_obj: key(65dadd290e0c1222), size(748)
[   1.873][d][vo/gpu-next] cache_save_obj: key(53c7c445d262d4df), size(1404)
[   1.874][d][vo/gpu-next/libplacebo] Spent 0.165 ms creating pipeline
[   1.874][d][vo/gpu-next] cache_save_obj: key(43aa3a45ff1adbe6), size(15557)
[   1.874][d][vo/gpu-next/libplacebo] Pass statistics: size 0, SPIR-V: vert 0 frag 0 comp 0
[   1.880][d][vo/gpu-next] max content size: 2560x1440
[   1.880][d][vo/gpu-next] monitor size: 2560x1440
[   1.880][v][vo/gpu-next/wayland] Surface entered output Chimei Innolux Corporation eDP-1-0x154C (eDP-1) (0x42), scale = 1.600000, refresh rate = 60.000000 Hz
[   1.880][v][vo/gpu-next/wayland] Given data offer with mime type text/plain
[   1.880][v][vo/gpu-next/wayland] Given data offer with mime type text/plain;charset=utf-8
[   1.880][v][vo/gpu-next/wayland] Given data offer with mime type text/uri-list
[   1.880][v][vo/gpu-next/wayland] Handling resize on the vk side
[   1.880][v][vo/gpu-next] Window size: 2560x1440 (Borders: l=0 t=0 r=0 b=0)
[   1.880][v][vo/gpu-next] Video source: 2560x1920 (1:1)
[   1.880][v][vo/gpu-next] Video display: (0, 0) 2560x1920 -> (320, 0) 1920x1440
[   1.880][v][vo/gpu-next] Video scale: 0.750000/0.750000
[   1.880][v][vo/gpu-next] OSD borders: l=320 t=0 r=320 b=0
[   1.880][v][vo/gpu-next] Video borders: l=320 t=0 r=320 b=0
[   1.881][d][global] config path: 'fonts' -> '/home/beiming/.config/mpv/fonts'
[   1.881][d][osd/libass] ASS library version: 0x1705000 (runtime 0x1705000)
[   1.881][v][osd/libass] libass API version: 0x1705000
[   1.881][v][osd/libass] libass source: commit: 0.17.5-0-g4a05d8127f525943ebf45fdc6497c9e665947f0d
[   1.881][v][osd/libass] Shaper: FriBidi 1.0.16 (SIMPLE) HarfBuzz-ng 14.3.1 (COMPLEX)
[   1.881][d][global] config path: 'subfont.ttf' -/-> '/home/beiming/.config/mpv/subfont.ttf'
[   1.881][d][global] config path: 'subfont.ttf' -/-> '/home/beiming/.mpv/subfont.ttf'
[   1.881][d][global] config path: 'subfont.ttf' -/-> '/etc/mpv/subfont.ttf'
[   1.881][d][global] config path: 'fonts.conf' -/-> '/home/beiming/.config/mpv/fonts.conf'
[   1.881][d][global] config path: 'fonts.conf' -/-> '/home/beiming/.mpv/fonts.conf'
[   1.881][d][global] config path: 'fonts.conf' -/-> '/etc/mpv/fonts.conf'
[   1.881][v][osd/libass] Setting up fonts...
[   1.884][v][osd/libass] Loading font file '/home/beiming/.config/mpv/fonts/uosc_icons.otf'
[   1.885][v][osd/libass] Loading font file '/home/beiming/.config/mpv/fonts/uosc_textures.ttf'
[   1.891][v][osd/libass] Using font provider fontconfig
[   1.891][v][osd/libass] Done.
[   1.892][v][osd/libass] fontselect: (sans-serif, 400, 0) -> /usr/share/fonts/noto-cjk/NotoSansCJK-Regular.ttc, 2, NotoSansCJKsc-Regular
[   1.893][d][cplayer] Run command: script-message, flags=64, args=[args="thumbfast-info", args="{\"width\":320,\"available\":true,\"thumbnail\":\"/tmp/thumbfast.out5290\",\"height\":240,\"overlay_id\":42,\"scale_factor\":1,\"disabled\":false,\"socket\":\"/tmp/thumbfast5290\"}"]
[   1.893][d][cplayer] Run command: subprocess, flags=64, args=[args="chmod,+x,/tmp/thumbfast5290.run", playback_only="yes", capture_size="67108864", capture_stdout="no", capture_stderr="no", detach="no", env="PATH=/usr/local/bin:/usr/bin:/bin:/usr/local/sbin:/opt/cuda/bin:/var/lib/flatpak/exports/bin:/usr/lib/jvm/default/bin:/usr/bin/site_perl:/usr/bin/vendor_perl:/usr/bin/core_perl", stdin_data="", passthrough_stdin="no"]
[   1.893][v][thumbfast] Starting subprocess: [chmod, +x, /tmp/thumbfast5290.run]
[   1.898][d][cplayer] Run command: subprocess, flags=64, args=[args="mpv,--no-config,--msg-level=all=no,--idle,--pause,--keep-open=always,--really-quiet,--no-terminal,--load-scripts=no,--osc=no,--ytdl=no,--load-stats-overlay=no,--load-osd-console=no,--load-auto-profiles=no,--edition=auto,--vid=1,--no-sub,--no-audio,--start=1055.16,--hr-seek=no,--ytdl-format=worst,--demuxer-readahead-secs=0,--demuxer-max-bytes=128KiB,--vd-lavc-skiploopfilter=all,--vd-lavc-software-fallback=1,--vd-lavc-fast,--vd-lavc-threads=2,--hwdec=auto,--vf=scale=w=320:h=240:force_original_aspect_ratio=decrease,pad=w=320:h=240:x=-1:y=-1,format=bgra,--sws-scaler=fast-bilinear,--video-rotate=0,--ovc=rawvideo,--of=image2,--ofopts=update=1,--o=/tmp/thumbfast.out5290,--sws-allow-zimg=no,--media-controls=no,--scripts=/tmp/thumbfast5290.run,--,/home/beiming/Videos/成龙历险记1-5季 4K修复版/[BASIGN]21.魔兽的诅咒.mp4", playback_only="yes", capture_size="67108864", capture_stdout="no", capture_stderr="no", detach="no", env="PATH=/usr/local/bin:/usr/bin:/bin:/usr/local/sbin:/opt/cuda/bin:/var/lib/flatpak/exports/bin:/usr/lib/jvm/default/bin:/usr/bin/site_perl:/usr/bin/vendor_perl:/usr/bin/core_perl", stdin_data="", passthrough_stdin="no"]
[   1.898][v][thumbfast] Starting subprocess: [mpv, --no-config, --msg-level=all=no, --idle, --pause, --keep-open=always, --really-quiet, --no-terminal, --load-scripts=no, --osc=no, --ytdl=no, --load-stats-overlay=no, --load-osd-console=no, --load-auto-profiles=no, --edition=auto, --vid=1, --no-sub, --no-audio, --start=1055.16, --hr-seek=no, --ytdl-format=worst, --demuxer-readahead-secs=0, --demuxer-max-bytes=128KiB, --vd-lavc-skiploopfilter=all, --vd-lavc-software-fallback=1, --vd-lavc-fast, --vd-lavc-threads=2, --hwdec=auto, --vf=scale=w=320:h=240:force_original_aspect_ratio=decrease,pad=w=320:h=240:x=-1:y=-1,format=bgra, --sws-scaler=fast-bilinear, --video-rotate=0, --ovc=rawvideo, --of=image2, --ofopts=update=1, --o=/tmp/thumbfast.out5290, --sws-allow-zimg=no, --media-controls=no, --scripts=/tmp/thumbfast5290.run, --, /home/beiming/Videos/成龙历险记1-5季 4K修复版/[BASIGN]21.魔兽的诅咒.mp4]
[   1.903][v][cplayer] audio ready
[   1.903][d][cplayer] starting video playback
[   1.903][v][cplayer] starting audio playback
[   1.903][v][cplayer] playback restart complete @ 1055.160000, audio=playing, video=playing
[   1.904][v][vo/gpu-next/wayland] Enabling idle inhibitor
[   1.904][v][vo/gpu-next/wayland] Read 23 bytes from the data offer fd
[   1.905][d][ao/pipewire] Stream state changed: old_state=paused state=streaming error=(null)
[   1.906][d][cplayer] Run command: notify-property, flags=73, args=[property="clipboard"]
[   1.910][v][cplayer] Change display sync audio drift: -1
[   1.910][v][cplayer] Video sync mode enabled.
[   1.910][v][vo/gpu-next/libplacebo] Detected fps ratio 0.0000 below threshold 0.0100, disabling interpolation
[   1.910][d][vo/gpu-next/libplacebo] (Re)creating 2560x1920x0 texture with format r8: ../src/utils/upload.c:239
[   1.910][d][vo/gpu-next/libplacebo] Allocating 9830400 memory of type 0x1 (id 1) in heap 0: ../src/utils/upload.c:239
[   1.910][d][vo/gpu-next/libplacebo] Memory types supported by device:
[   1.910][d][vo/gpu-next/libplacebo]     0: flags 0x0 heap 1
[   1.910][d][vo/gpu-next/libplacebo]     1: flags 0x1 heap 0
[   1.910][d][vo/gpu-next/libplacebo]     2: flags 0x6 heap 1
[   1.910][d][vo/gpu-next/libplacebo]     3: flags 0xe heap 1
[   1.910][d][vo/gpu-next/libplacebo]     4: flags 0x7 heap 0
[   1.910][d][vo/gpu-next/libplacebo] Spent 0.326 ms allocating slab
[   1.911][d][vo/gpu-next/libplacebo] (Re)creating 1280x960x0 texture with format rg8: ../src/utils/upload.c:239
[   1.911][d][vo/gpu-next/libplacebo] Allocating 5242880 memory of type 0x1 (id 1) in heap 0: ../src/utils/upload.c:239
[   1.911][d][vo/gpu-next/libplacebo] Memory types supported by device:
[   1.911][d][vo/gpu-next/libplacebo]     0: flags 0x0 heap 1
[   1.911][d][vo/gpu-next/libplacebo]     1: flags 0x1 heap 0
[   1.911][d][vo/gpu-next/libplacebo]     2: flags 0x6 heap 1
[   1.911][d][vo/gpu-next/libplacebo]     3: flags 0xe heap 1
[   1.911][d][vo/gpu-next/libplacebo]     4: flags 0x7 heap 0
[   1.911][d][vo/gpu-next/libplacebo] Spent 0.191 ms allocating slab
[   1.911][d][vo/gpu-next/libplacebo] (Re)creating 1920x1440x0 texture with format rgba16hf: src/renderer.c:3863
[   1.911][d][vo/gpu-next/libplacebo] Allocating 23592960 memory of type 0x1 (id 1) in heap 0: src/renderer.c:3863
[   1.912][d][vo/gpu-next/libplacebo] Memory types supported by device:
[   1.912][d][vo/gpu-next/libplacebo]     0: flags 0x0 heap 1
[   1.912][d][vo/gpu-next/libplacebo]     1: flags 0x1 heap 0
[   1.912][d][vo/gpu-next/libplacebo]     2: flags 0x6 heap 1
[   1.912][d][vo/gpu-next/libplacebo]     3: flags 0xe heap 1
[   1.912][d][vo/gpu-next/libplacebo]     4: flags 0x7 heap 0
[   1.912][d][vo/gpu-next/libplacebo] Spent 0.124 ms allocating slab
[   1.915][d][vo/gpu-next/libplacebo] (Re)creating 2560x1920x0 texture with format r8: ../src/utils/upload.c:239
[   1.916][d][vo/gpu-next/libplacebo] (Re)creating 1280x960x0 texture with format rg8: ../src/utils/upload.c:239
[   1.918][v][autoconvert] inserting resampler
[   1.918][v][swresample] format change, reinitializing resampler
[   1.918][v][swresample] 48060Hz stereo floatp -> 48000Hz stereo floatp
[   1.918][v][af] [convert] (enabled)
[   1.920][d][global] config path: 'fonts' -> '/home/beiming/.config/mpv/fonts'
[   1.920][d][osd/libass] ASS library version: 0x1705000 (runtime 0x1705000)
[   1.920][v][osd/libass] libass API version: 0x1705000
[   1.920][v][osd/libass] libass source: commit: 0.17.5-0-g4a05d8127f525943ebf45fdc6497c9e665947f0d
[   1.920][v][osd/libass] Shaper: FriBidi 1.0.16 (SIMPLE) HarfBuzz-ng 14.3.1 (COMPLEX)
[   1.920][d][global] config path: 'subfont.ttf' -/-> '/home/beiming/.config/mpv/subfont.ttf'
[   1.920][d][global] config path: 'subfont.ttf' -/-> '/home/beiming/.mpv/subfont.ttf'
[   1.920][d][global] config path: 'subfont.ttf' -/-> '/etc/mpv/subfont.ttf'
[   1.920][d][global] config path: 'fonts.conf' -/-> '/home/beiming/.config/mpv/fonts.conf'
[   1.920][d][global] config path: 'fonts.conf' -/-> '/home/beiming/.mpv/fonts.conf'
[   1.920][d][global] config path: 'fonts.conf' -/-> '/etc/mpv/fonts.conf'
[   1.920][v][osd/libass] Setting up fonts...
[   1.921][v][osd/libass] Loading font file '/home/beiming/.config/mpv/fonts/uosc_icons.otf'
[   1.922][v][osd/libass] Loading font file '/home/beiming/.config/mpv/fonts/uosc_textures.ttf'
[   1.925][v][osd/libass] Using font provider fontconfig
[   1.925][v][osd/libass] Done.
[   1.926][d][cplayer] Run command: enable-section, flags=64, args=[name="mbtn_left_dbl", flags=""]
[   1.926][d][cplayer] Run command: enable-section, flags=64, args=[name="mbtn_left", flags=""]
[   1.930][v][osd/libass] fontselect: (sans-serif, 400, 0) -> /usr/share/fonts/noto-cjk/NotoSansCJK-Regular.ttc, 2, NotoSansCJKsc-Regular
[   1.930][v][osd/libass] fontselect: (MaterialIconsRound-Regular, 400, 0) -> MaterialIconsRound-Regular, 0, MaterialIconsRound-Regular
[   1.931][v][osd/libass] fontselect: (sans-serif, 700, 0) -> /usr/share/fonts/noto-cjk/NotoSansCJK-Bold.ttc, 2, NotoSansCJKsc-Bold
[   1.932][d][vo/gpu-next/libplacebo] (Re)creating 818x344x0 texture with format r8: unknown
[   1.932][d][vo/gpu-next/libplacebo] Allocating 319488 memory of type 0x1 (id 1) in heap 0: ../src/utils/upload.c:239
[   1.932][d][vo/gpu-next/libplacebo] Memory types supported by device:
[   1.932][d][vo/gpu-next/libplacebo]     0: flags 0x0 heap 1
[   1.932][d][vo/gpu-next/libplacebo]     1: flags 0x1 heap 0
[   1.932][d][vo/gpu-next/libplacebo]     2: flags 0x6 heap 1
[   1.932][d][vo/gpu-next/libplacebo]     3: flags 0xe heap 1
[   1.932][d][vo/gpu-next/libplacebo]     4: flags 0x7 heap 0
[   1.932][d][vo/gpu-next/libplacebo] Spent 0.179 ms allocating slab
[   1.932][d][vo/gpu-next/libplacebo] Allocating 353280 memory of type 0x7 (id 4) in heap 0: ../src/gpu/utils.c:576
[   1.932][d][vo/gpu-next/libplacebo] Memory types supported by device:
[   1.932][d][vo/gpu-next/libplacebo]     0: flags 0x0 heap 1
[   1.932][d][vo/gpu-next/libplacebo]     1: flags 0x1 heap 0
[   1.932][d][vo/gpu-next/libplacebo]     2: flags 0x6 heap 1
[   1.932][d][vo/gpu-next/libplacebo]     3: flags 0xe heap 1
[   1.932][d][vo/gpu-next/libplacebo]     4: flags 0x7 heap 0
[   1.932][d][vo/gpu-next/libplacebo] Spent 0.103 ms allocating slab
[   1.932][d][vo/gpu-next/libplacebo] vertex shader source:
[   1.932][d][vo/gpu-next/libplacebo] [  1] #version 450
[   1.932][d][vo/gpu-next/libplacebo] [  2] #extension GL_KHR_shader_subgroup_basic : enable 
[   1.933][d][vo/gpu-next/libplacebo] [  3] #extension GL_KHR_shader_subgroup_vote : enable 
[   1.933][d][vo/gpu-next/libplacebo] [  4] #extension GL_KHR_shader_subgroup_arithmetic : enable 
[   1.933][d][vo/gpu-next/libplacebo] [  5] #extension GL_KHR_shader_subgroup_ballot : enable 
[   1.933][d][vo/gpu-next/libplacebo] [  6] #extension GL_KHR_shader_subgroup_shuffle : enable 
[   1.933][d][vo/gpu-next/libplacebo] [  7] #extension GL_KHR_shader_subgroup_clustered : enable 
[   1.933][d][vo/gpu-next/libplacebo] [  8] #extension GL_KHR_shader_subgroup_quad : enable 
[   1.933][d][vo/gpu-next/libplacebo] [  9] #extension GL_ARB_texture_gather : enable
[   1.933][d][vo/gpu-next/libplacebo] [ 10] layout(std430, push_constant) uniform PushC {
[   1.933][d][vo/gpu-next/libplacebo] [ 11]     layout(offset=0) mat3 _5;
[   1.933][d][vo/gpu-next/libplacebo] [ 12]     layout(offset=48) mat3 _6;
[   1.933][d][vo/gpu-next/libplacebo] [ 13]     layout(offset=96) mat3 _7;
[   1.933][d][vo/gpu-next/libplacebo] [ 14] };
[   1.933][d][vo/gpu-next/libplacebo] [ 15] layout(constant_id=0) const float _3 = 1; 
[   1.933][d][vo/gpu-next/libplacebo] [ 16] layout(constant_id=1) const float _4 = 1; 
[   1.933][d][vo/gpu-next/libplacebo] [ 17] layout(binding=0) uniform  sampler2D _2;
[   1.933][d][vo/gpu-next/libplacebo] [ 18] layout(location=0) in vec2 _d;
[   1.933][d][vo/gpu-next/libplacebo] [ 19] layout(location=1) in vec2 _e;
[   1.933][d][vo/gpu-next/libplacebo] [ 20] layout(location=1) out vec2 _a;
[   1.933][d][vo/gpu-next/libplacebo] [ 21] layout(location=2) in vec4 _f;
[   1.933][d][vo/gpu-next/libplacebo] [ 22] layout(location=2) out vec4 _b;
[   1.933][d][vo/gpu-next/libplacebo] [ 23] void main() {
[   1.933][d][vo/gpu-next/libplacebo] [ 24] vec2 va_pos = _d; 
[   1.933][d][vo/gpu-next/libplacebo] [ 25] gl_Position = vec4(va_pos, 0.0, 1.0); 
[   1.933][d][vo/gpu-next/libplacebo] [ 26] _a = _e;
[   1.933][d][vo/gpu-next/libplacebo] [ 27] _b = _f;
[   1.933][d][vo/gpu-next/libplacebo] [ 28] }
[   1.933][d][vo/gpu-next/libplacebo] fragment shader source:
[   1.933][d][vo/gpu-next/libplacebo] [  1] #version 450
[   1.933][d][vo/gpu-next/libplacebo] [  2] #extension GL_KHR_shader_subgroup_basic : enable 
[   1.933][d][vo/gpu-next/libplacebo] [  3] #extension GL_KHR_shader_subgroup_vote : enable 
[   1.933][d][vo/gpu-next/libplacebo] [  4] #extension GL_KHR_shader_subgroup_arithmetic : enable 
[   1.933][d][vo/gpu-next/libplacebo] [  5] #extension GL_KHR_shader_subgroup_ballot : enable 
[   1.933][d][vo/gpu-next/libplacebo] [  6] #extension GL_KHR_shader_subgroup_shuffle : enable 
[   1.933][d][vo/gpu-next/libplacebo] [  7] #extension GL_KHR_shader_subgroup_clustered : enable 
[   1.933][d][vo/gpu-next/libplacebo] [  8] #extension GL_KHR_shader_subgroup_quad : enable 
[   1.933][d][vo/gpu-next/libplacebo] [  9] #extension GL_ARB_texture_gather : enable
[   1.933][d][vo/gpu-next/libplacebo] [ 10] layout(std430, push_constant) uniform PushC {
[   1.933][d][vo/gpu-next/libplacebo] [ 11]     layout(offset=0) mat3 _5;
[   1.933][d][vo/gpu-next/libplacebo] [ 12]     layout(offset=48) mat3 _6;
[   1.933][d][vo/gpu-next/libplacebo] [ 13]     layout(offset=96) mat3 _7;
[   1.933][d][vo/gpu-next/libplacebo] [ 14] };
[   1.933][d][vo/gpu-next/libplacebo] [ 15] layout(constant_id=0) const float _3 = 1; 
[   1.933][d][vo/gpu-next/libplacebo] [ 16] layout(constant_id=1) const float _4 = 1; 
[   1.933][d][vo/gpu-next/libplacebo] [ 17] layout(binding=0) uniform  sampler2D _2;
[   1.933][d][vo/gpu-next/libplacebo] [ 18] layout(location=1) in vec2 _a;
[   1.933][d][vo/gpu-next/libplacebo] [ 19] layout(location=2) in vec4 _b;
[   1.933][d][vo/gpu-next/libplacebo] [ 20] layout(location=0) out vec4 out_color;
[   1.933][d][vo/gpu-next/libplacebo] [ 21] #define pos _9
[   1.933][d][vo/gpu-next/libplacebo] [ 22] #define coord _a
[   1.933][d][vo/gpu-next/libplacebo] [ 23] #define osd_color _b
[   1.933][d][vo/gpu-next/libplacebo] [ 24] 
[   1.933][d][vo/gpu-next/libplacebo] [ 25] vec4 _1() {
[   1.933][d][vo/gpu-next/libplacebo] [ 26] // overlay 
[   1.933][d][vo/gpu-next/libplacebo] [ 27] vec4 color = osd_color; 
[   1.933][d][vo/gpu-next/libplacebo] [ 28] // pl_shader_decode_color 
[   1.933][d][vo/gpu-next/libplacebo] [ 29] { 
[   1.933][d][vo/gpu-next/libplacebo] [ 30] }
[   1.933][d][vo/gpu-next/libplacebo] [ 31] // pl_shader_color_map 
[   1.933][d][vo/gpu-next/libplacebo] [ 32] {                      
[   1.933][d][vo/gpu-next/libplacebo] [ 33] // pl_shader_linearize           
[   1.933][d][vo/gpu-next/libplacebo] [ 34] color.rgb = max(color.rgb, 0.0); 
[   1.933][d][vo/gpu-next/libplacebo] [ 35] color.rgb = mix(color.rgb * vec3(1.0/12.92),               
[   1.933][d][vo/gpu-next/libplacebo] [ 36]                 pow((color.rgb + vec3(0.055))/vec3(1.055), 
[   1.933][d][vo/gpu-next/libplacebo] [ 37]                     vec3(2.4)),                            
[   1.933][d][vo/gpu-next/libplacebo] [ 38]                 lessThan(vec3(0.04045), color.rgb));       
[   1.933][d][vo/gpu-next/libplacebo] [ 39] color.rgb = _4 * color.rgb + vec3(_3); 
[   1.933][d][vo/gpu-next/libplacebo] [ 40] color.rgb = _7 * color.rgb; 
[   1.933][d][vo/gpu-next/libplacebo] [ 41] }
[   1.933][d][vo/gpu-next/libplacebo] [ 42] // pl_shader_encode_color 
[   1.933][d][vo/gpu-next/libplacebo] [ 43] { 
[   1.933][d][vo/gpu-next/libplacebo] [ 44] color.rgb *= vec3(color.a); 
[   1.933][d][vo/gpu-next/libplacebo] [ 45] }
[   1.933][d][vo/gpu-next/libplacebo] [ 46] color.rgba *= textureLod(_2, coord, 0.0).r; 
[   1.933][d][vo/gpu-next/libplacebo] [ 47] vec4 _8 = color;                 
[   1.933][d][vo/gpu-next/libplacebo] [ 48] color = vec4(0.0, 0.0, 0.0, 1.0); 
[   1.933][d][vo/gpu-next/libplacebo] [ 49] color[0] = _8[0]; 
[   1.933][d][vo/gpu-next/libplacebo] [ 50] color[1] = _8[1]; 
[   1.933][d][vo/gpu-next/libplacebo] [ 51] color[2] = _8[2]; 
[   1.933][d][vo/gpu-next/libplacebo] [ 52] color[3] = _8[3]; 
[   1.933][d][vo/gpu-next/libplacebo] [ 53] color.a = _8.a; 
[   1.933][d][vo/gpu-next/libplacebo] [ 54] return color;
[   1.933][d][vo/gpu-next/libplacebo] [ 55] }
[   1.933][d][vo/gpu-next/libplacebo] [ 56] 
[   1.933][d][vo/gpu-next/libplacebo] [ 57] void main() {
[   1.933][d][vo/gpu-next/libplacebo] [ 58] out_color = _1();
[   1.933][d][vo/gpu-next/libplacebo] [ 59] }
[   1.933][d][vo/gpu-next/libplacebo] Specialization constant values:
[   1.933][d][vo/gpu-next/libplacebo]   constant_id=0: 0.000000
[   1.933][d][vo/gpu-next/libplacebo]   constant_id=1: 1.000000
[   1.934][d][vo/gpu-next] cache_load_obj: key(3c861db8c33dfae9), size(864), load time(0.029 ms)
[   1.934][d][vo/gpu-next/libplacebo] Re-using cached SPIR-V object 0x3c861db8c33dfae9
[   1.934][d][vo/gpu-next] cache_load_obj: key(cd7dddb5f25912b7), size(2448), load time(0.011 ms)
[   1.934][d][vo/gpu-next/libplacebo] Re-using cached SPIR-V object 0xcd7dddb5f25912b7
[   1.934][d][vo/gpu-next] cache_load_obj: key(93f4e140fc8cc9b8), size(16735), load time(0.215 ms)
[   1.934][d][vo/gpu-next/libplacebo] Spent 0.003 ms compiling shader
[   1.934][d][vo/gpu-next] cache_save_obj: key(3c861db8c33dfae9), size(864)
[   1.934][d][vo/gpu-next] cache_save_obj: key(cd7dddb5f25912b7), size(2448)
[   1.934][d][vo/gpu-next/libplacebo] Spent 0.085 ms creating pipeline
[   1.934][d][vo/gpu-next] cache_save_obj: key(93f4e140fc8cc9b8), size(16735)
[   1.934][d][vo/gpu-next/libplacebo] Pass statistics: size 0, SPIR-V: vert 0 frag 0 comp 0
[   1.934][d][vo/gpu-next/wayland] Presentation was done with a copy.
[   2.046][v][vo/gpu-next/libplacebo] Estimated source FPS: 25.000, display FPS: 25.000
[   2.096][d][vo/gpu-next/libplacebo] Garbage collected slab of size  252K from pool 1
[   2.096][d][vo/gpu-next/libplacebo] Freeing slab of size  252K
[   2.113][d][vo/gpu-next/libplacebo] Garbage collected slab of size  252K from pool 1
[   2.113][d][vo/gpu-next/libplacebo] Freeing slab of size  252K
[   2.116][d][vo/gpu-next/libplacebo] Garbage collected slab of size 3072K from pool 1
[   2.116][d][vo/gpu-next/libplacebo] Freeing slab of size 3072K
[   2.117][d][vo/gpu-next/libplacebo] Garbage collected slab of size  252K from pool 1
[   2.117][d][vo/gpu-next/libplacebo] Freeing slab of size  252K
[   2.140][e][thumbfast] MESA: warning: Support for this platform is experimental with Xe KMD, bug reports may be ignored.
[   2.283][d][cplayer] Run command: disable-section, flags=64, args=[name="mbtn_left_dbl"]
[   2.283][d][cplayer] Run command: disable-section, flags=64, args=[name="mbtn_left"]
[   2.412][v][osd/libass] fontselect: (uosc_textures, 400, 0) -> uosc_textures, 0, uosc_textures
[   2.415][d][vo/gpu-next/libplacebo] (Re)creating 4027x344x0 texture with format r8: unknown
[   2.415][d][vo/gpu-next/libplacebo] Allocating 1548288 memory of type 0x1 (id 1) in heap 0: ../src/utils/upload.c:239
[   2.415][d][vo/gpu-next/libplacebo] Memory types supported by device:
[   2.415][d][vo/gpu-next/libplacebo]     0: flags 0x0 heap 1
[   2.415][d][vo/gpu-next/libplacebo]     1: flags 0x1 heap 0
[   2.415][d][vo/gpu-next/libplacebo]     2: flags 0x6 heap 1
[   2.415][d][vo/gpu-next/libplacebo]     3: flags 0xe heap 1
[   2.415][d][vo/gpu-next/libplacebo]     4: flags 0x7 heap 0
[   2.415][d][vo/gpu-next/libplacebo] Spent 0.318 ms allocating slab
[   2.415][d][vo/gpu-next/libplacebo] Allocating 466944 memory of type 0x7 (id 4) in heap 0: ../src/gpu/utils.c:576
[   2.415][d][vo/gpu-next/libplacebo] Memory types supported by device:
[   2.415][d][vo/gpu-next/libplacebo]     0: flags 0x0 heap 1
[   2.415][d][vo/gpu-next/libplacebo]     1: flags 0x1 heap 0
[   2.415][d][vo/gpu-next/libplacebo]     2: flags 0x6 heap 1
[   2.415][d][vo/gpu-next/libplacebo]     3: flags 0xe heap 1
[   2.415][d][vo/gpu-next/libplacebo]     4: flags 0x7 heap 0
[   2.415][d][vo/gpu-next/libplacebo] Spent 0.205 ms allocating slab
[   2.418][d][vo/gpu-next/libplacebo] Allocating 258048 memory of type 0x7 (id 4) in heap 0: ../src/gpu/utils.c:1175
[   2.418][d][vo/gpu-next/libplacebo] Memory types supported by device:
[   2.418][d][vo/gpu-next/libplacebo]     0: flags 0x0 heap 1
[   2.418][d][vo/gpu-next/libplacebo]     1: flags 0x1 heap 0
[   2.418][d][vo/gpu-next/libplacebo]     2: flags 0x6 heap 1
[   2.418][d][vo/gpu-next/libplacebo]     3: flags 0xe heap 1
[   2.418][d][vo/gpu-next/libplacebo]     4: flags 0x7 heap 0
[   2.418][d][vo/gpu-next/libplacebo] Spent 0.263 ms allocating slab
[   2.429][d][vo/gpu-next/libplacebo] (Re)creating 4086x352x0 texture with format r8: unknown
[   2.429][d][vo/gpu-next/libplacebo] Allocating 1572864 memory of type 0x1 (id 1) in heap 0: ../src/utils/upload.c:239
[   2.429][d][vo/gpu-next/libplacebo] Memory types supported by device:
[   2.429][d][vo/gpu-next/libplacebo]     0: flags 0x0 heap 1
[   2.429][d][vo/gpu-next/libplacebo]     1: flags 0x1 heap 0
[   2.429][d][vo/gpu-next/libplacebo]     2: flags 0x6 heap 1
[   2.429][d][vo/gpu-next/libplacebo]     3: flags 0xe heap 1
[   2.429][d][vo/gpu-next/libplacebo]     4: flags 0x7 heap 0
[   2.429][d][vo/gpu-next/libplacebo] Spent 0.133 ms allocating slab
[   2.429][d][vo/gpu-next/libplacebo] Allocating 1443840 memory of type 0x7 (id 4) in heap 0: ../src/gpu/utils.c:576
[   2.429][d][vo/gpu-next/libplacebo] Memory types supported by device:
[   2.429][d][vo/gpu-next/libplacebo]     0: flags 0x0 heap 1
[   2.429][d][vo/gpu-next/libplacebo]     1: flags 0x1 heap 0
[   2.429][d][vo/gpu-next/libplacebo]     2: flags 0x6 heap 1
[   2.429][d][vo/gpu-next/libplacebo]     3: flags 0xe heap 1
[   2.429][d][vo/gpu-next/libplacebo]     4: flags 0x7 heap 0
[   2.429][d][vo/gpu-next/libplacebo] Spent 0.103 ms allocating slab
[   2.429][d][vo/gpu-next/libplacebo] Allocating 258048 memory of type 0x7 (id 4) in heap 0: ../src/gpu/utils.c:1175
[   2.429][d][vo/gpu-next/libplacebo] Memory types supported by device:
[   2.429][d][vo/gpu-next/libplacebo]     0: flags 0x0 heap 1
[   2.429][d][vo/gpu-next/libplacebo]     1: flags 0x1 heap 0
[   2.429][d][vo/gpu-next/libplacebo]     2: flags 0x6 heap 1
[   2.429][d][vo/gpu-next/libplacebo]     3: flags 0xe heap 1
[   2.429][d][vo/gpu-next/libplacebo]     4: flags 0x7 heap 0
[   2.429][d][vo/gpu-next/libplacebo] Spent 0.102 ms allocating slab
[   2.432][d][cplayer] Run command: script-message, flags=64, args=[args="thumbfast-info", args="{\"width\":320,\"available\":true,\"thumbnail\":\"/tmp/thumbfast.out5290\",\"height\":240,\"overlay_id\":42,\"scale_factor\":1,\"disabled\":false,\"socket\":\"/tmp/thumbfast5290\"}"]
[   2.437][d][cplayer] Run command: enable-section, flags=64, args=[name="mbtn_left_dbl", flags=""]
[   2.437][d][cplayer] Run command: enable-section, flags=64, args=[name="mbtn_right", flags="allow-hide-cursor+allow-vo-dragging"]
[   2.437][d][cplayer] Run command: enable-section, flags=64, args=[name="wheel", flags="allow-hide-cursor+allow-vo-dragging"]
[   2.437][d][cplayer] Run command: enable-section, flags=64, args=[name="mbtn_left", flags=""]
[   2.447][d][vo/gpu-next/libplacebo] (Re)creating 4093x352x0 texture with format r8: unknown
[   2.447][d][vo/gpu-next/libplacebo] Allocating 3145728 memory of type 0x1 (id 1) in heap 0: ../src/utils/upload.c:239
[   2.448][d][vo/gpu-next/libplacebo] Memory types supported by device:
[   2.448][d][vo/gpu-next/libplacebo]     0: flags 0x0 heap 1
[   2.448][d][vo/gpu-next/libplacebo]     1: flags 0x1 heap 0
[   2.448][d][vo/gpu-next/libplacebo]     2: flags 0x6 heap 1
[   2.448][d][vo/gpu-next/libplacebo]     3: flags 0xe heap 1
[   2.448][d][vo/gpu-next/libplacebo]     4: flags 0x7 heap 0
[   2.448][d][vo/gpu-next/libplacebo] Spent 0.367 ms allocating slab
[   2.488][d][cplayer] Run command: disable-section, flags=64, args=[name="mbtn_left_dbl"]
[   2.488][d][cplayer] Run command: disable-section, flags=64, args=[name="mbtn_right"]
[   2.488][d][cplayer] Run command: disable-section, flags=64, args=[name="wheel"]
[   2.488][d][cplayer] Run command: disable-section, flags=64, args=[name="mbtn_left"]
[   2.506][d][cplayer] Run command: script-message-to, flags=64, args=[target="thumbfast", args="thumb", args="637.79572228735", args="1171", args="1000"]
[   2.506][d][cplayer] Run command: overlay-add, flags=64, args=[id="42", x="1171", y="1000", file="/tmp/thumbfast.out5290.bgra", offset="0", fmt="bgra", w="320", h="240", stride="1280", dw="0", dh="0"]
[   2.506][d][cplayer] Run command: enable-section, flags=64, args=[name="mbtn_left_dbl", flags=""]
[   2.507][d][cplayer] Run command: enable-section, flags=64, args=[name="wheel", flags="allow-hide-cursor+allow-vo-dragging"]
[   2.507][d][cplayer] Run command: enable-section, flags=64, args=[name="mbtn_left", flags=""]
[   2.514][d][vo/gpu-next/libplacebo] (Re)creating 4094x353x0 texture with format r8: unknown
[   2.514][d][vo/gpu-next/libplacebo] Allocating 1446912 memory of type 0x7 (id 4) in heap 0: ../src/gpu/utils.c:576
[   2.514][d][vo/gpu-next/libplacebo] Memory types supported by device:
[   2.514][d][vo/gpu-next/libplacebo]     0: flags 0x0 heap 1
[   2.514][d][vo/gpu-next/libplacebo]     1: flags 0x1 heap 0
[   2.514][d][vo/gpu-next/libplacebo]     2: flags 0x6 heap 1
[   2.514][d][vo/gpu-next/libplacebo]     3: flags 0xe heap 1
[   2.514][d][vo/gpu-next/libplacebo]     4: flags 0x7 heap 0
[   2.514][d][vo/gpu-next/libplacebo] Spent 0.436 ms allocating slab
[   2.515][d][vo/gpu-next/libplacebo] (Re)creating 322x242x0 texture with format bgra8: unknown
[   2.515][d][vo/gpu-next/libplacebo] Allocating 344064 memory of type 0x1 (id 1) in heap 0: ../src/utils/upload.c:239
[   2.515][d][vo/gpu-next/libplacebo] Memory types supported by device:
[   2.515][d][vo/gpu-next/libplacebo]     0: flags 0x0 heap 1
[   2.515][d][vo/gpu-next/libplacebo]     1: flags 0x1 heap 0
[   2.515][d][vo/gpu-next/libplacebo]     2: flags 0x6 heap 1
[   2.515][d][vo/gpu-next/libplacebo]     3: flags 0xe heap 1
[   2.515][d][vo/gpu-next/libplacebo]     4: flags 0x7 heap 0
[   2.515][d][vo/gpu-next/libplacebo] Spent 0.201 ms allocating slab
[   2.515][d][vo/gpu-next/libplacebo] Allocating 497664 memory of type 0x7 (id 4) in heap 0: ../src/gpu/utils.c:576
[   2.515][d][vo/gpu-next/libplacebo] Memory types supported by device:
[   2.515][d][vo/gpu-next/libplacebo]     0: flags 0x0 heap 1
[   2.515][d][vo/gpu-next/libplacebo]     1: flags 0x1 heap 0
[   2.515][d][vo/gpu-next/libplacebo]     2: flags 0x6 heap 1
[   2.515][d][vo/gpu-next/libplacebo]     3: flags 0xe heap 1
[   2.515][d][vo/gpu-next/libplacebo]     4: flags 0x7 heap 0
[   2.515][d][vo/gpu-next/libplacebo] Spent 0.201 ms allocating slab
[   2.516][d][vo/gpu-next/libplacebo] Allocating 258048 memory of type 0x7 (id 4) in heap 0: ../src/gpu/utils.c:1175
[   2.516][d][vo/gpu-next/libplacebo] Memory types supported by device:
[   2.516][d][vo/gpu-next/libplacebo]     0: flags 0x0 heap 1
[   2.516][d][vo/gpu-next/libplacebo]     1: flags 0x1 heap 0
[   2.516][d][vo/gpu-next/libplacebo]     2: flags 0x6 heap 1
[   2.516][d][vo/gpu-next/libplacebo]     3: flags 0xe heap 1
[   2.516][d][vo/gpu-next/libplacebo]     4: flags 0x7 heap 0
[   2.516][d][vo/gpu-next/libplacebo] Spent 0.565 ms allocating slab
[   2.516][d][vo/gpu-next/libplacebo] vertex shader source:
[   2.516][d][vo/gpu-next/libplacebo] [  1] #version 450
[   2.516][d][vo/gpu-next/libplacebo] [  2] #extension GL_KHR_shader_subgroup_basic : enable 
[   2.516][d][vo/gpu-next/libplacebo] [  3] #extension GL_KHR_shader_subgroup_vote : enable 
[   2.516][d][vo/gpu-next/libplacebo] [  4] #extension GL_KHR_shader_subgroup_arithmetic : enable 
[   2.516][d][vo/gpu-next/libplacebo] [  5] #extension GL_KHR_shader_subgroup_ballot : enable 
[   2.516][d][vo/gpu-next/libplacebo] [  6] #extension GL_KHR_shader_subgroup_shuffle : enable 
[   2.516][d][vo/gpu-next/libplacebo] [  7] #extension GL_KHR_shader_subgroup_clustered : enable 
[   2.516][d][vo/gpu-next/libplacebo] [  8] #extension GL_KHR_shader_subgroup_quad : enable 
[   2.516][d][vo/gpu-next/libplacebo] [  9] #extension GL_ARB_texture_gather : enable
[   2.517][d][vo/gpu-next/libplacebo] [ 10] layout(std430, push_constant) uniform PushC {
[   2.517][d][vo/gpu-next/libplacebo] [ 11]     layout(offset=0) mat3 _5;
[   2.517][d][vo/gpu-next/libplacebo] [ 12]     layout(offset=48) mat3 _6;
[   2.517][d][vo/gpu-next/libplacebo] [ 13]     layout(offset=96) mat3 _7;
[   2.517][d][vo/gpu-next/libplacebo] [ 14]     layout(offset=144) mat3 _15;
[   2.517][d][vo/gpu-next/libplacebo] [ 15] };
[   2.517][d][vo/gpu-next/libplacebo] [ 16] layout(constant_id=0) const float _3 = 1; 
[   2.517][d][vo/gpu-next/libplacebo] [ 17] layout(constant_id=1) const float _4 = 1; 
[   2.517][d][vo/gpu-next/libplacebo] [ 18] layout(constant_id=2) const float _b = 1; 
[   2.517][d][vo/gpu-next/libplacebo] [ 19] layout(constant_id=3) const float _c = 1; 
[   2.517][d][vo/gpu-next/libplacebo] [ 20] layout(constant_id=4) const float _e = 1; 
[   2.517][d][vo/gpu-next/libplacebo] [ 21] layout(constant_id=5) const float _f = 1; 
[   2.517][d][vo/gpu-next/libplacebo] [ 22] layout(constant_id=6) const float _11 = 1; 
[   2.517][d][vo/gpu-next/libplacebo] [ 23] layout(constant_id=7) const float _12 = 1; 
[   2.517][d][vo/gpu-next/libplacebo] [ 24] layout(constant_id=8) const float _13 = 1; 
[   2.517][d][vo/gpu-next/libplacebo] [ 25] layout(constant_id=9) const float _14 = 1; 
[   2.517][d][vo/gpu-next/libplacebo] [ 26] layout(binding=0) uniform  sampler2D _2;
[   2.517][d][vo/gpu-next/libplacebo] [ 27] layout(binding=1) uniform  sampler3D _9;
[   2.517][d][vo/gpu-next/libplacebo] [ 28] layout(location=0) in vec2 _1a;
[   2.517][d][vo/gpu-next/libplacebo] [ 29] layout(location=1) in vec2 _1b;
[   2.517][d][vo/gpu-next/libplacebo] [ 30] layout(location=1) out vec2 _18;
[   2.517][d][vo/gpu-next/libplacebo] [ 31] void main() {
[   2.517][d][vo/gpu-next/libplacebo] [ 32] vec2 va_pos = _1a; 
[   2.517][d][vo/gpu-next/libplacebo] [ 33] gl_Position = vec4(va_pos, 0.0, 1.0); 
[   2.517][d][vo/gpu-next/libplacebo] [ 34] _18 = _1b;
[   2.517][d][vo/gpu-next/libplacebo] [ 35] }
[   2.517][d][vo/gpu-next/libplacebo] fragment shader source:
[   2.517][d][vo/gpu-next/libplacebo] [  1] #version 450
[   2.517][d][vo/gpu-next/libplacebo] [  2] #extension GL_KHR_shader_subgroup_basic : enable 
[   2.517][d][vo/gpu-next/libplacebo] [  3] #extension GL_KHR_shader_subgroup_vote : enable 
[   2.517][d][vo/gpu-next/libplacebo] [  4] #extension GL_KHR_shader_subgroup_arithmetic : enable 
[   2.517][d][vo/gpu-next/libplacebo] [  5] #extension GL_KHR_shader_subgroup_ballot : enable 
[   2.517][d][vo/gpu-next/libplacebo] [  6] #extension GL_KHR_shader_subgroup_shuffle : enable 
[   2.517][d][vo/gpu-next/libplacebo] [  7] #extension GL_KHR_shader_subgroup_clustered : enable 
[   2.517][d][vo/gpu-next/libplacebo] [  8] #extension GL_KHR_shader_subgroup_quad : enable 
[   2.517][d][vo/gpu-next/libplacebo] [  9] #extension GL_ARB_texture_gather : enable
[   2.517][d][vo/gpu-next/libplacebo] [ 10] layout(std430, push_constant) uniform PushC {
[   2.517][d][vo/gpu-next/libplacebo] [ 11]     layout(offset=0) mat3 _5;
[   2.517][d][vo/gpu-next/libplacebo] [ 12]     layout(offset=48) mat3 _6;
[   2.517][d][vo/gpu-next/libplacebo] [ 13]     layout(offset=96) mat3 _7;
[   2.517][d][vo/gpu-next/libplacebo] [ 14]     layout(offset=144) mat3 _15;
[   2.517][d][vo/gpu-next/libplacebo] [ 15] };
[   2.517][d][vo/gpu-next/libplacebo] [ 16] layout(constant_id=0) const float _3 = 1; 
[   2.517][d][vo/gpu-next/libplacebo] [ 17] layout(constant_id=1) const float _4 = 1; 
[   2.517][d][vo/gpu-next/libplacebo] [ 18] layout(constant_id=2) const float _b = 1; 
[   2.517][d][vo/gpu-next/libplacebo] [ 19] layout(constant_id=3) const float _c = 1; 
[   2.517][d][vo/gpu-next/libplacebo] [ 20] layout(constant_id=4) const float _e = 1; 
[   2.517][d][vo/gpu-next/libplacebo] [ 21] layout(constant_id=5) const float _f = 1; 
[   2.517][d][vo/gpu-next/libplacebo] [ 22] layout(constant_id=6) const float _11 = 1; 
[   2.517][d][vo/gpu-next/libplacebo] [ 23] layout(constant_id=7) const float _12 = 1; 
[   2.517][d][vo/gpu-next/libplacebo] [ 24] layout(constant_id=8) const float _13 = 1; 
[   2.517][d][vo/gpu-next/libplacebo] [ 25] layout(constant_id=9) const float _14 = 1; 
[   2.517][d][vo/gpu-next/libplacebo] [ 26] layout(binding=0) uniform  sampler2D _2;
[   2.517][d][vo/gpu-next/libplacebo] [ 27] layout(binding=1) uniform  sampler3D _9;
[   2.517][d][vo/gpu-next/libplacebo] [ 28] layout(location=1) in vec2 _18;
[   2.517][d][vo/gpu-next/libplacebo] [ 29] layout(location=0) out vec4 out_color;
[   2.517][d][vo/gpu-next/libplacebo] [ 30] #define pos _17
[   2.517][d][vo/gpu-next/libplacebo] [ 31] #define coord _18
[   2.517][d][vo/gpu-next/libplacebo] [ 32] 
[   2.517][d][vo/gpu-next/libplacebo] [ 33] #define _a(x) (_c * (x) + _b) 
[   2.517][d][vo/gpu-next/libplacebo] [ 34] #define _d(x) (_f * (x) + _e) 
[   2.517][d][vo/gpu-next/libplacebo] [ 35] #define _10(x) (_12 * (x) + _11) 
[   2.517][d][vo/gpu-next/libplacebo] [ 36] #define _8(pos) (textureLod(_9, vec3(\
[   2.517][d][vo/gpu-next/libplacebo] [ 37]     _a(vec3(pos).x)\
[   2.517][d][vo/gpu-next/libplacebo] [ 38]    ,_d(vec3(pos).y)\
[   2.517][d][vo/gpu-next/libplacebo] [ 39]    ,_10(vec3(pos).z)\
[   2.517][d][vo/gpu-next/libplacebo] [ 40]   ), 0.0).xyzw)
[   2.517][d][vo/gpu-next/libplacebo] [ 41] vec4 _1() {
[   2.517][d][vo/gpu-next/libplacebo] [ 42] // overlay 
[   2.517][d][vo/gpu-next/libplacebo] [ 43] vec4 color = textureLod(_2, coord, 0.0); 
[   2.517][d][vo/gpu-next/libplacebo] [ 44] // pl_shader_decode_color 
[   2.517][d][vo/gpu-next/libplacebo] [ 45] { 
[   2.517][d][vo/gpu-next/libplacebo] [ 46] if (color.a > 1e-6)               
[   2.517][d][vo/gpu-next/libplacebo] [ 47]     color.rgb /= vec3(color.a);   
[   2.517][d][vo/gpu-next/libplacebo] [ 48] }
[   2.517][d][vo/gpu-next/libplacebo] [ 49] // pl_shader_color_map 
[   2.517][d][vo/gpu-next/libplacebo] [ 50] {                      
[   2.517][d][vo/gpu-next/libplacebo] [ 51] // pl_shader_linearize           
[   2.517][d][vo/gpu-next/libplacebo] [ 52] color.rgb = max(color.rgb, 0.0); 
[   2.517][d][vo/gpu-next/libplacebo] [ 53] color.rgb = _4 * pow(color.rgb + vec3(_3), vec3(2.4)); 
[   2.517][d][vo/gpu-next/libplacebo] [ 54] vec3 lms = _7 * color.rgb;               
[   2.517][d][vo/gpu-next/libplacebo] [ 55] vec3 lmspq = 0.0203000009059906 * lms;                    
[   2.517][d][vo/gpu-next/libplacebo] [ 56] lmspq = pow(max(lmspq, 0.0), vec3(0.1593017578125));   
[   2.517][d][vo/gpu-next/libplacebo] [ 57] lmspq = (vec3(0.8359375) + 18.8515625 * lmspq)           
[   2.517][d][vo/gpu-next/libplacebo] [ 58]         / (vec3(1.0) + 18.6875 * lmspq);       
[   2.517][d][vo/gpu-next/libplacebo] [ 59] lmspq = pow(lmspq, vec3(78.84375));             
[   2.517][d][vo/gpu-next/libplacebo] [ 60] vec3 ipt = _5 * lmspq;                   
[   2.517][d][vo/gpu-next/libplacebo] [ 61] float i_orig = ipt.x;                     
[   2.517][d][vo/gpu-next/libplacebo] [ 62] vec3 idx;                             
[   2.517][d][vo/gpu-next/libplacebo] [ 63] idx.x = _14 * ipt.x + _13;            
[   2.517][d][vo/gpu-next/libplacebo] [ 64] idx.y = 2.0 * length(ipt.yz);         
[   2.517][d][vo/gpu-next/libplacebo] [ 65] idx.z = 0.15915494309189535 * atan(ipt.z, ipt.y) + 0.5;
[   2.517][d][vo/gpu-next/libplacebo] [ 66] ipt = _8(idx).xyz;                   
[   2.517][d][vo/gpu-next/libplacebo] [ 67] ipt.yz -= vec2(32768.0/65535.0);      
[   2.517][d][vo/gpu-next/libplacebo] [ 68] lmspq = _6 * ipt;                        
[   2.517][d][vo/gpu-next/libplacebo] [ 69] lms = pow(max(lmspq, 0.0), vec3(1.0/78.84375)); 
[   2.517][d][vo/gpu-next/libplacebo] [ 70] lms = max(lms - vec3(0.8359375), 0.0)            
[   2.517][d][vo/gpu-next/libplacebo] [ 71]              / (vec3(18.8515625) - 18.6875 * lms);     
[   2.517][d][vo/gpu-next/libplacebo] [ 72] lms = pow(lms, vec3(1.0/0.1593017578125));             
[   2.517][d][vo/gpu-next/libplacebo] [ 73] lms *= 49.261085510253906;                                
[   2.517][d][vo/gpu-next/libplacebo] [ 74] color.rgb = _15 * lms;                    
[   2.518][d][vo/gpu-next/libplacebo] [ 75] }
[   2.518][d][vo/gpu-next/libplacebo] [ 76] // pl_shader_encode_color 
[   2.518][d][vo/gpu-next/libplacebo] [ 77] { 
[   2.518][d][vo/gpu-next/libplacebo] [ 78] color.rgb *= vec3(color.a); 
[   2.518][d][vo/gpu-next/libplacebo] [ 79] }
[   2.518][d][vo/gpu-next/libplacebo] [ 80] vec4 _16 = color;                 
[   2.518][d][vo/gpu-next/libplacebo] [ 81] color = vec4(0.0, 0.0, 0.0, 1.0); 
[   2.518][d][vo/gpu-next/libplacebo] [ 82] color[0] = _16[0]; 
[   2.518][d][vo/gpu-next/libplacebo] [ 83] color[1] = _16[1]; 
[   2.518][d][vo/gpu-next/libplacebo] [ 84] color[2] = _16[2]; 
[   2.518][d][vo/gpu-next/libplacebo] [ 85] color[3] = _16[3]; 
[   2.518][d][vo/gpu-next/libplacebo] [ 86] color.a = _16.a; 
[   2.518][d][vo/gpu-next/libplacebo] [ 87] return color;
[   2.518][d][vo/gpu-next/libplacebo] [ 88] }
[   2.518][d][vo/gpu-next/libplacebo] [ 89] 
[   2.518][d][vo/gpu-next/libplacebo] [ 90] void main() {
[   2.518][d][vo/gpu-next/libplacebo] [ 91] out_color = _1();
[   2.518][d][vo/gpu-next/libplacebo] [ 92] }
[   2.518][d][vo/gpu-next/libplacebo] Specialization constant values:
[   2.518][d][vo/gpu-next/libplacebo]   constant_id=0: 0.000346
[   2.518][d][vo/gpu-next/libplacebo]   constant_id=1: 0.999171
[   2.518][d][vo/gpu-next/libplacebo]   constant_id=2: 0.010417
[   2.518][d][vo/gpu-next/libplacebo]   constant_id=3: 0.979167
[   2.518][d][vo/gpu-next/libplacebo]   constant_id=4: 0.015625
[   2.518][d][vo/gpu-next/libplacebo]   constant_id=5: 0.968750
[   2.518][d][vo/gpu-next/libplacebo]   constant_id=6: 0.001953
[   2.518][d][vo/gpu-next/libplacebo]   constant_id=7: 0.996094
[   2.518][d][vo/gpu-next/libplacebo]   constant_id=8: -0.000206
[   2.518][d][vo/gpu-next/libplacebo]   constant_id=9: 1.722443
[   2.518][d][vo/gpu-next] cache_load_obj: key(ed724637d614426), size(748), load time(0.088 ms)
[   2.518][d][vo/gpu-next/libplacebo] Re-using cached SPIR-V object 0xed724637d614426
[   2.518][d][vo/gpu-next] cache_load_obj: key(ce31ad2aa12aca71), size(4272), load time(0.427 ms)
[   2.518][d][vo/gpu-next/libplacebo] Re-using cached SPIR-V object 0xce31ad2aa12aca71
[   2.518][d][vo/gpu-next] cache_load_obj: key(c08aaa295db74ed3), size(19517), load time(0.307 ms)
[   2.518][d][vo/gpu-next/libplacebo] Spent 0.013 ms compiling shader
[   2.518][d][vo/gpu-next] cache_save_obj: key(ed724637d614426), size(748)
[   2.518][d][vo/gpu-next] cache_save_obj: key(ce31ad2aa12aca71), size(4272)
[   2.519][d][vo/gpu-next/libplacebo] Spent 0.368 ms creating pipeline
[   2.519][d][vo/gpu-next] cache_save_obj: key(c08aaa295db74ed3), size(19517)
[   2.519][d][vo/gpu-next/libplacebo] Pass statistics: size 0, SPIR-V: vert 0 frag 0 comp 0
[   2.527][d][cplayer] Run command: script-message-to, flags=64, args=[target="thumbfast", args="thumb", args="636.83663097564", args="1169", args="1000"]
[   2.527][d][cplayer] Run command: overlay-add, flags=64, args=[id="42", x="1169", y="1000", file="/tmp/thumbfast.out5290.bgra", offset="0", fmt="bgra", w="320", h="240", stride="1280", dw="0", dh="0"]
[   2.541][d][cplayer] Run command: script-message-to, flags=64, args=[target="thumbfast", args="thumb", args="635.39799400808", args="1166", args="1000"]
[   2.541][d][cplayer] Run command: overlay-add, flags=64, args=[id="42", x="1166", y="1000", file="/tmp/thumbfast.out5290.bgra", offset="0", fmt="bgra", w="320", h="240", stride="1280", dw="0", dh="0"]
[   2.547][d][vo/gpu-next/libplacebo] Garbage collected slab of size  345K from pool 1
[   2.547][d][vo/gpu-next/libplacebo] Freeing slab of size  345K
[   2.556][d][cplayer] Run command: overlay-add, flags=64, args=[id="42", x="1166", y="1000", file="/tmp/thumbfast.out5290.bgra", offset="0", fmt="bgra", w="320", h="240", stride="1280", dw="0", dh="0"]
[   2.557][d][cplayer] Run command: script-message-to, flags=64, args=[target="thumbfast", args="thumb", args="634.43890269637", args="1164", args="1000"]
[   2.557][d][cplayer] Run command: overlay-add, flags=64, args=[id="42", x="1164", y="1000", file="/tmp/thumbfast.out5290.bgra", offset="0", fmt="bgra", w="320", h="240", stride="1280", dw="0", dh="0"]
[   2.582][d][cplayer] Run command: script-message-to, flags=64, args=[target="thumbfast", args="thumb", args="634.43890269637", args="1164", args="1000"]
[   2.590][d][cplayer] Run command: overlay-add, flags=64, args=[id="42", x="1164", y="1000", file="/tmp/thumbfast.out5290.bgra", offset="0", fmt="bgra", w="320", h="240", stride="1280", dw="0", dh="0"]
[   2.639][d][cplayer] Run command: script-message-to, flags=64, args=[target="thumbfast", args="thumb", args="634.43890269637", args="1164", args="1000"]
[   2.657][d][cplayer] Run command: script-message-to, flags=64, args=[target="thumbfast", args="thumb", args="635.39799400808", args="1166", args="1000"]
[   2.657][d][cplayer] Run command: overlay-add, flags=64, args=[id="42", x="1166", y="1000", file="/tmp/thumbfast.out5290.bgra", offset="0", fmt="bgra", w="320", h="240", stride="1280", dw="0", dh="0"]
[   2.672][d][cplayer] Run command: script-message-to, flags=64, args=[target="thumbfast", args="thumb", args="635.87753966393", args="1167", args="1000"]
[   2.673][d][cplayer] Run command: overlay-add, flags=64, args=[id="42", x="1167", y="1000", file="/tmp/thumbfast.out5290.bgra", offset="0", fmt="bgra", w="320", h="240", stride="1280", dw="0", dh="0"]
[   2.676][d][cplayer] Run command: overlay-add, flags=64, args=[id="42", x="1167", y="1000", file="/tmp/thumbfast.out5290.bgra", offset="0", fmt="bgra", w="320", h="240", stride="1280", dw="0", dh="0"]
[   2.684][d][vo/gpu-next/libplacebo] Garbage collected slab of size  312K from pool 0
[   2.684][d][vo/gpu-next/libplacebo] Freeing slab of size  312K
[   2.684][d][vo/gpu-next/libplacebo] Garbage collected slab of size  456K from pool 1
[   2.684][d][vo/gpu-next/libplacebo] Freeing slab of size  456K
[   2.694][d][cplayer] Run command: script-message-to, flags=64, args=[target="thumbfast", args="thumb", args="635.87753966393", args="1167", args="1000"]
[   2.700][d][vo/gpu-next/libplacebo] Garbage collected slab of size 1512K from pool 0
[   2.700][d][vo/gpu-next/libplacebo] Freeing slab of size 1512K
[   2.700][d][vo/gpu-next/libplacebo] Garbage collected slab of size  252K from pool 2
[   2.700][d][vo/gpu-next/libplacebo] Freeing slab of size  252K
[   2.720][d][cplayer] Run command: script-message-to, flags=64, args=[target="thumbfast", args="thumb", args="635.87753966393", args="1167", args="1000"]
[   2.757][d][cplayer] Run command: script-message-to, flags=64, args=[target="thumbfast", args="thumb", args="635.87753966393", args="1167", args="1000"]
[   2.764][d][vo/gpu-next/libplacebo] Garbage collected slab of size 1410K from pool 1
[   2.764][d][vo/gpu-next/libplacebo] Freeing slab of size 1410K
[   2.775][d][cplayer] Run command: overlay-add, flags=64, args=[id="42", x="1167", y="1000", file="/tmp/thumbfast.out5290.bgra", offset="0", fmt="bgra", w="320", h="240", stride="1280", dw="0", dh="0"]
[   2.783][d][vo/gpu-next/libplacebo] Garbage collected slab of size 3072K from pool 0
[   2.783][d][vo/gpu-next/libplacebo] Freeing slab of size 3072K
[   2.783][d][vo/gpu-next/libplacebo] Garbage collected slab of size  252K from pool 2
[   2.783][d][vo/gpu-next/libplacebo] Freeing slab of size  252K
[   2.787][d][cplayer] Run command: script-message-to, flags=64, args=[target="thumbfast", args="thumb", args="635.87753966393", args="1167", args="1000"]
[   2.837][d][cplayer] Run command: script-message-to, flags=64, args=[target="thumbfast", args="thumb", args="635.87753966393", args="1167", args="1000"]
[   2.872][d][cplayer] Run command: script-message-to, flags=64, args=[target="thumbfast", args="thumb", args="635.87753966393", args="1167", args="1000"]
[   2.885][d][cplayer] Run command: script-message-to, flags=64, args=[target="thumbfast", args="thumb", args="635.87753966393", args="1167", args="1000"]
[   2.924][d][cplayer] Run command: script-message-to, flags=64, args=[target="thumbfast", args="thumb", args="635.87753966393", args="1167", args="1000"]
[   2.960][d][cplayer] Run command: overlay-add, flags=64, args=[id="42", x="1167", y="1000", file="/tmp/thumbfast.out5290.bgra", offset="0", fmt="bgra", w="320", h="240", stride="1280", dw="0", dh="0"]
[   2.965][d][cplayer] Run command: script-message-to, flags=64, args=[target="thumbfast", args="thumb", args="636.83663097564", args="1169", args="1000"]
[   2.965][d][cplayer] Run command: overlay-add, flags=64, args=[id="42", x="1169", y="1000", file="/tmp/thumbfast.out5290.bgra", offset="0", fmt="bgra", w="320", h="240", stride="1280", dw="0", dh="0"]
[   2.988][d][cplayer] Run command: script-message-to, flags=64, args=[target="thumbfast", args="thumb", args="638.27526794321", args="1172", args="1000"]
[   2.988][d][cplayer] Run command: overlay-add, flags=64, args=[id="42", x="1172", y="1000", file="/tmp/thumbfast.out5290.bgra", offset="0", fmt="bgra", w="320", h="240", stride="1280", dw="0", dh="0"]
[   3.005][d][cplayer] Run command: script-message-to, flags=64, args=[target="thumbfast", args="thumb", args="641.63208753419", args="1179", args="1000"]
[   3.005][d][cplayer] Run command: overlay-add, flags=64, args=[id="42", x="1179", y="1000", file="/tmp/thumbfast.out5290.bgra", offset="0", fmt="bgra", w="320", h="240", stride="1280", dw="0", dh="0"]
[   3.010][d][cplayer] Run command: overlay-add, flags=64, args=[id="42", x="1179", y="1000", file="/tmp/thumbfast.out5290.bgra", offset="0", fmt="bgra", w="320", h="240", stride="1280", dw="0", dh="0"]
[   3.021][d][cplayer] Run command: script-message-to, flags=64, args=[target="thumbfast", args="thumb", args="648.34572671617", args="1193", args="1000"]
[   3.021][d][cplayer] Run command: overlay-add, flags=64, args=[id="42", x="1193", y="1000", file="/tmp/thumbfast.out5290.bgra", offset="0", fmt="bgra", w="320", h="240", stride="1280", dw="0", dh="0"]
[   3.038][d][cplayer] Run command: script-message-to, flags=64, args=[target="thumbfast", args="thumb", args="656.01845720985", args="1209", args="1000"]
[   3.039][d][cplayer] Run command: overlay-add, flags=64, args=[id="42", x="1209", y="1000", file="/tmp/thumbfast.out5290.bgra", offset="0", fmt="bgra", w="320", h="240", stride="1280", dw="0", dh="0"]
[   3.054][d][cplayer] Run command: script-message-to, flags=64, args=[target="thumbfast", args="clear"]
[   3.054][d][cplayer] Run command: overlay-remove, flags=64, args=[id="42"]
[   3.056][d][cplayer] Run command: disable-section, flags=64, args=[name="mbtn_left_dbl"]
[   3.056][d][cplayer] Run command: disable-section, flags=64, args=[name="wheel"]
[   3.056][d][cplayer] Run command: disable-section, flags=64, args=[name="mbtn_left"]
[   3.064][d][vo/gpu-next/libplacebo] Allocating 1443840 memory of type 0x7 (id 4) in heap 0: ../src/gpu/utils.c:576
[   3.064][d][vo/gpu-next/libplacebo] Memory types supported by device:
[   3.064][d][vo/gpu-next/libplacebo]     0: flags 0x0 heap 1
[   3.064][d][vo/gpu-next/libplacebo]     1: flags 0x1 heap 0
[   3.064][d][vo/gpu-next/libplacebo]     2: flags 0x6 heap 1
[   3.064][d][vo/gpu-next/libplacebo]     3: flags 0xe heap 1
[   3.064][d][vo/gpu-next/libplacebo]     4: flags 0x7 heap 0
[   3.064][d][vo/gpu-next/libplacebo] Spent 0.541 ms allocating slab
[   3.067][d][vo/gpu-next/libplacebo] Allocating 258048 memory of type 0x7 (id 4) in heap 0: ../src/gpu/utils.c:1175
[   3.068][d][vo/gpu-next/libplacebo] Memory types supported by device:
[   3.068][d][vo/gpu-next/libplacebo]     0: flags 0x0 heap 1
[   3.068][d][vo/gpu-next/libplacebo]     1: flags 0x1 heap 0
[   3.068][d][vo/gpu-next/libplacebo]     2: flags 0x6 heap 1
[   3.068][d][vo/gpu-next/libplacebo]     3: flags 0xe heap 1
[   3.068][d][vo/gpu-next/libplacebo]     4: flags 0x7 heap 0
[   3.068][d][vo/gpu-next/libplacebo] Spent 0.339 ms allocating slab
[   3.096][d][vo/gpu-next/libplacebo] Allocating 1176576 memory of type 0x7 (id 4) in heap 0: ../src/gpu/utils.c:576
[   3.096][d][vo/gpu-next/libplacebo] Memory types supported by device:
[   3.096][d][vo/gpu-next/libplacebo]     0: flags 0x0 heap 1
[   3.096][d][vo/gpu-next/libplacebo]     1: flags 0x1 heap 0
[   3.096][d][vo/gpu-next/libplacebo]     2: flags 0x6 heap 1
[   3.096][d][vo/gpu-next/libplacebo]     3: flags 0xe heap 1
[   3.096][d][vo/gpu-next/libplacebo]     4: flags 0x7 heap 0
[   3.096][d][vo/gpu-next/libplacebo] Spent 0.337 ms allocating slab
[   3.098][d][vo/gpu-next/libplacebo] Allocating 258048 memory of type 0x7 (id 4) in heap 0: ../src/gpu/utils.c:1175
[   3.098][d][vo/gpu-next/libplacebo] Memory types supported by device:
[   3.098][d][vo/gpu-next/libplacebo]     0: flags 0x0 heap 1
[   3.098][d][vo/gpu-next/libplacebo]     1: flags 0x1 heap 0
[   3.098][d][vo/gpu-next/libplacebo]     2: flags 0x6 heap 1
[   3.098][d][vo/gpu-next/libplacebo]     3: flags 0xe heap 1
[   3.098][d][vo/gpu-next/libplacebo]     4: flags 0x7 heap 0
[   3.098][d][vo/gpu-next/libplacebo] Spent 0.250 ms allocating slab
[   3.312][d][vo/gpu-next/libplacebo] Garbage collected slab of size 1413K from pool 1
[   3.312][d][vo/gpu-next/libplacebo] Freeing slab of size 1413K
[   3.316][d][vo/gpu-next/libplacebo] Garbage collected slab of size  486K from pool 1
[   3.316][d][vo/gpu-next/libplacebo] Freeing slab of size  486K
[   3.329][d][vo/gpu-next/libplacebo] Garbage collected slab of size  252K from pool 2
[   3.329][d][vo/gpu-next/libplacebo] Freeing slab of size  252K
[   3.347][d][vo/gpu-next/libplacebo] Garbage collected slab of size 1410K from pool 1
[   3.347][d][vo/gpu-next/libplacebo] Freeing slab of size 1410K
[   3.362][d][vo/gpu-next/libplacebo] Garbage collected slab of size 1149K from pool 1
[   3.362][d][vo/gpu-next/libplacebo] Freeing slab of size 1149K
[   3.363][d][vo/gpu-next/libplacebo] Garbage collected slab of size  252K from pool 2
[   3.363][d][vo/gpu-next/libplacebo] Freeing slab of size  252K
[   3.382][d][vo/gpu-next/libplacebo] Garbage collected slab of size  252K from pool 2
[   3.382][d][vo/gpu-next/libplacebo] Freeing slab of size  252K
[   3.429][v][cplayer] Change display sync audio drift: 0
[   3.815][d][cplayer] Run command: list, flags=0, args=[]
[   3.815][d][cplayer] Run command: cycle, flags=73, args=[name="pause", value="1.000000"]
[   3.815][v][cplayer] Set property: pause -> 1
[   3.815][d][cplayer] Run command: script-message-to, flags=73, args=[target="uosc", args="flash-pause-indicator"]
[   3.816][d][ao/pipewire] Stream state changed: old_state=streaming state=paused error=(null)
[   3.830][d][vo/gpu-next/libplacebo] Allocating 663552 memory of type 0x7 (id 4) in heap 0: ../src/gpu/utils.c:576
[   3.831][d][vo/gpu-next/libplacebo] Memory types supported by device:
[   3.831][d][vo/gpu-next/libplacebo]     0: flags 0x0 heap 1
[   3.831][d][vo/gpu-next/libplacebo]     1: flags 0x1 heap 0
[   3.831][d][vo/gpu-next/libplacebo]     2: flags 0x6 heap 1
[   3.831][d][vo/gpu-next/libplacebo]     3: flags 0xe heap 1
[   3.831][d][vo/gpu-next/libplacebo]     4: flags 0x7 heap 0
[   3.831][d][vo/gpu-next/libplacebo] Spent 0.635 ms allocating slab
[   3.832][v][vo/gpu-next/wayland] Disabling the idle inhibitor
[   3.846][d][vo/gpu-next/libplacebo] Allocating 795648 memory of type 0x7 (id 4) in heap 0: ../src/gpu/utils.c:576
[   3.846][d][vo/gpu-next/libplacebo] Memory types supported by device:
[   3.846][d][vo/gpu-next/libplacebo]     0: flags 0x0 heap 1
[   3.846][d][vo/gpu-next/libplacebo]     1: flags 0x1 heap 0
[   3.846][d][vo/gpu-next/libplacebo]     2: flags 0x6 heap 1
[   3.847][d][vo/gpu-next/libplacebo]     3: flags 0xe heap 1
[   3.847][d][vo/gpu-next/libplacebo]     4: flags 0x7 heap 0
[   3.847][d][vo/gpu-next/libplacebo] Spent 0.542 ms allocating slab
[   3.863][d][vo/gpu-next/libplacebo] Allocating 860160 memory of type 0x7 (id 4) in heap 0: ../src/gpu/utils.c:576
[   3.863][d][vo/gpu-next/libplacebo] Memory types supported by device:
[   3.863][d][vo/gpu-next/libplacebo]     0: flags 0x0 heap 1
[   3.863][d][vo/gpu-next/libplacebo]     1: flags 0x1 heap 0
[   3.863][d][vo/gpu-next/libplacebo]     2: flags 0x6 heap 1
[   3.863][d][vo/gpu-next/libplacebo]     3: flags 0xe heap 1
[   3.863][d][vo/gpu-next/libplacebo]     4: flags 0x7 heap 0
[   3.863][d][vo/gpu-next/libplacebo] Spent 0.518 ms allocating slab
[   3.879][d][vo/gpu-next/libplacebo] Allocating 927744 memory of type 0x7 (id 4) in heap 0: ../src/gpu/utils.c:576
[   3.880][d][vo/gpu-next/libplacebo] Memory types supported by device:
[   3.880][d][vo/gpu-next/libplacebo]     0: flags 0x0 heap 1
[   3.880][d][vo/gpu-next/libplacebo]     1: flags 0x1 heap 0
[   3.880][d][vo/gpu-next/libplacebo]     2: flags 0x6 heap 1
[   3.880][d][vo/gpu-next/libplacebo]     3: flags 0xe heap 1
[   3.880][d][vo/gpu-next/libplacebo]     4: flags 0x7 heap 0
[   3.880][d][vo/gpu-next/libplacebo] Spent 0.548 ms allocating slab
[   3.913][d][vo/gpu-next/libplacebo] Allocating 992256 memory of type 0x7 (id 4) in heap 0: ../src/gpu/utils.c:576
[   3.915][d][vo/gpu-next/libplacebo] Memory types supported by device:
[   3.915][d][vo/gpu-next/libplacebo]     0: flags 0x0 heap 1
[   3.915][d][vo/gpu-next/libplacebo]     1: flags 0x1 heap 0
[   3.915][d][vo/gpu-next/libplacebo]     2: flags 0x6 heap 1
[   3.915][d][vo/gpu-next/libplacebo]     3: flags 0xe heap 1
[   3.915][d][vo/gpu-next/libplacebo]     4: flags 0x7 heap 0
[   3.915][d][vo/gpu-next/libplacebo] Spent 2.833 ms allocating slab
[   3.963][d][vo/gpu-next/libplacebo] Allocating 1056768 memory of type 0x7 (id 4) in heap 0: ../src/gpu/utils.c:576
[   3.964][d][vo/gpu-next/libplacebo] Memory types supported by device:
[   3.964][d][vo/gpu-next/libplacebo]     0: flags 0x0 heap 1
[   3.964][d][vo/gpu-next/libplacebo]     1: flags 0x1 heap 0
[   3.964][d][vo/gpu-next/libplacebo]     2: flags 0x6 heap 1
[   3.964][d][vo/gpu-next/libplacebo]     3: flags 0xe heap 1
[   3.964][d][vo/gpu-next/libplacebo]     4: flags 0x7 heap 0
[   3.964][d][vo/gpu-next/libplacebo] Spent 0.741 ms allocating slab
[   4.080][d][vo/gpu-next/libplacebo] Garbage collected slab of size 4800K from pool 1
[   4.080][d][vo/gpu-next/libplacebo] Freeing slab of size 4800K
[   4.080][d][vo/gpu-next/libplacebo] Garbage collected slab of size 2400K from pool 1
[   4.081][d][vo/gpu-next/libplacebo] Freeing slab of size 2400K
[   4.097][d][vo/gpu-next/libplacebo] Garbage collected slab of size  648K from pool 1
[   4.097][d][vo/gpu-next/libplacebo] Freeing slab of size  648K
[   4.113][d][vo/gpu-next/libplacebo] Garbage collected slab of size  777K from pool 1
[   4.113][d][vo/gpu-next/libplacebo] Freeing slab of size  777K
[   4.131][d][vo/gpu-next/libplacebo] Garbage collected slab of size  840K from pool 1
[   4.131][d][vo/gpu-next/libplacebo] Freeing slab of size  840K
[  49.124][d][cplayer] Run command: list, flags=0, args=[]
[  49.124][d][cplayer] Run command: cycle, flags=73, args=[name="pause", value="1.000000"]
[  49.124][v][cplayer] Set property: pause -> 1
[  49.124][d][cplayer] Run command: script-message-to, flags=73, args=[target="uosc", args="flash-pause-indicator"]
[  49.124][v][vo/gpu-next/wayland] Enabling idle inhibitor
[  49.124][v][cplayer] Change display sync audio drift: -1
[  49.125][d][ao/pipewire] Stream state changed: old_state=paused state=streaming error=(null)
[  49.125][d][vo/gpu-next/libplacebo] Allocating 4915200 memory of type 0x7 (id 4) in heap 0: ../src/gpu/utils.c:576
[  49.126][d][vo/gpu-next/libplacebo] Memory types supported by device:
[  49.126][d][vo/gpu-next/libplacebo]     0: flags 0x0 heap 1
[  49.126][d][vo/gpu-next/libplacebo]     1: flags 0x1 heap 0
[  49.126][d][vo/gpu-next/libplacebo]     2: flags 0x6 heap 1
[  49.127][d][vo/gpu-next/libplacebo]     3: flags 0xe heap 1
[  49.127][d][vo/gpu-next/libplacebo]     4: flags 0x7 heap 0
[  49.127][d][vo/gpu-next/libplacebo] Spent 1.127 ms allocating slab
[  49.130][d][vo/gpu-next/libplacebo] Allocating 2457600 memory of type 0x7 (id 4) in heap 0: ../src/gpu/utils.c:576
[  49.131][d][vo/gpu-next/libplacebo] Memory types supported by device:
[  49.131][d][vo/gpu-next/libplacebo]     0: flags 0x0 heap 1
[  49.131][d][vo/gpu-next/libplacebo]     1: flags 0x1 heap 0
[  49.131][d][vo/gpu-next/libplacebo]     2: flags 0x6 heap 1
[  49.131][d][vo/gpu-next/libplacebo]     3: flags 0xe heap 1
[  49.131][d][vo/gpu-next/libplacebo]     4: flags 0x7 heap 0
[  49.131][d][vo/gpu-next/libplacebo] Spent 0.896 ms allocating slab
[  49.133][d][vo/gpu-next/libplacebo] Garbage collected slab of size  906K from pool 1
[  49.133][d][vo/gpu-next/libplacebo] Freeing slab of size  906K
[  49.166][d][vo/gpu-next/libplacebo] Allocating 927744 memory of type 0x7 (id 4) in heap 0: ../src/gpu/utils.c:576
[  49.167][d][vo/gpu-next/libplacebo] Memory types supported by device:
[  49.167][d][vo/gpu-next/libplacebo]     0: flags 0x0 heap 1
[  49.167][d][vo/gpu-next/libplacebo]     1: flags 0x1 heap 0
[  49.167][d][vo/gpu-next/libplacebo]     2: flags 0x6 heap 1
[  49.167][d][vo/gpu-next/libplacebo]     3: flags 0xe heap 1
[  49.167][d][vo/gpu-next/libplacebo]     4: flags 0x7 heap 0
[  49.167][d][vo/gpu-next/libplacebo] Spent 0.862 ms allocating slab
[  49.184][d][vo/gpu-next/libplacebo] Allocating 1855488 memory of type 0x7 (id 4) in heap 0: ../src/gpu/utils.c:576
[  49.185][d][vo/gpu-next/libplacebo] Memory types supported by device:
[  49.185][d][vo/gpu-next/libplacebo]     0: flags 0x0 heap 1
[  49.185][d][vo/gpu-next/libplacebo]     1: flags 0x1 heap 0
[  49.185][d][vo/gpu-next/libplacebo]     2: flags 0x6 heap 1
[  49.185][d][vo/gpu-next/libplacebo]     3: flags 0xe heap 1
[  49.185][d][vo/gpu-next/libplacebo]     4: flags 0x7 heap 0
[  49.185][d][vo/gpu-next/libplacebo] Spent 1.000 ms allocating slab
[  49.224][v][cplayer] Change display sync audio drift: 1
[  49.242][d][vo/gpu-next/libplacebo] Allocating 2113536 memory of type 0x7 (id 4) in heap 0: ../src/gpu/utils.c:576
[  49.252][d][vo/gpu-next/libplacebo] Memory types supported by device:
[  49.252][d][vo/gpu-next/libplacebo]     0: flags 0x0 heap 1
[  49.252][d][vo/gpu-next/libplacebo]     1: flags 0x1 heap 0
[  49.252][d][vo/gpu-next/libplacebo]     2: flags 0x6 heap 1
[  49.252][d][vo/gpu-next/libplacebo]     3: flags 0xe heap 1
[  49.252][d][vo/gpu-next/libplacebo]     4: flags 0x7 heap 0
[  49.252][d][vo/gpu-next/libplacebo] Spent 9.919 ms allocating slab
[  49.275][d][vo/gpu-next/libplacebo] Allocating 1124352 memory of type 0x7 (id 4) in heap 0: ../src/gpu/utils.c:576
[  49.275][d][vo/gpu-next/libplacebo] Memory types supported by device:
[  49.275][d][vo/gpu-next/libplacebo]     0: flags 0x0 heap 1
[  49.275][d][vo/gpu-next/libplacebo]     1: flags 0x1 heap 0
[  49.275][d][vo/gpu-next/libplacebo]     2: flags 0x6 heap 1
[  49.275][d][vo/gpu-next/libplacebo]     3: flags 0xe heap 1
[  49.275][d][vo/gpu-next/libplacebo]     4: flags 0x7 heap 0
[  49.275][d][vo/gpu-next/libplacebo] Spent 0.670 ms allocating slab
[  49.291][d][vo/gpu-next/libplacebo] Allocating 2248704 memory of type 0x7 (id 4) in heap 0: ../src/gpu/utils.c:576
[  49.293][d][vo/gpu-next/libplacebo] Memory types supported by device:
[  49.293][d][vo/gpu-next/libplacebo]     0: flags 0x0 heap 1
[  49.293][d][vo/gpu-next/libplacebo]     1: flags 0x1 heap 0
[  49.293][d][vo/gpu-next/libplacebo]     2: flags 0x6 heap 1
[  49.293][d][vo/gpu-next/libplacebo]     3: flags 0xe heap 1
[  49.293][d][vo/gpu-next/libplacebo]     4: flags 0x7 heap 0
[  49.293][d][vo/gpu-next/libplacebo] Spent 1.154 ms allocating slab
[  49.441][d][vo/gpu-next/libplacebo] Garbage collected slab of size  906K from pool 1
[  49.441][d][vo/gpu-next/libplacebo] Freeing slab of size  906K
[  49.460][d][vo/gpu-next/libplacebo] Garbage collected slab of size 1812K from pool 1
[  49.460][d][vo/gpu-next/libplacebo] Freeing slab of size 1812K
[  49.474][d][vo/gpu-next/libplacebo] Garbage collected slab of size  969K from pool 1
[  49.474][d][vo/gpu-next/libplacebo] Freeing slab of size  969K
[  49.508][d][vo/gpu-next/libplacebo] Garbage collected slab of size 2064K from pool 1
[  49.508][d][vo/gpu-next/libplacebo] Freeing slab of size 2064K
[  49.541][d][vo/gpu-next/libplacebo] Garbage collected slab of size 1032K from pool 1
[  49.541][d][vo/gpu-next/libplacebo] Freeing slab of size 1032K
[  49.591][d][vo/gpu-next/libplacebo] Garbage collected slab of size 2196K from pool 1
[  49.591][d][vo/gpu-next/libplacebo] Freeing slab of size 2196K
[  49.693][d][vo/gpu-next/libplacebo] Garbage collected slab of size 1098K from pool 1
[  49.693][d][vo/gpu-next/libplacebo] Freeing slab of size 1098K
[  53.025][v][cplayer] Change display sync audio drift: 0
[  53.025][v][cplayer] Compensation factor: 0.999394
[  56.558][w][input] No key binding found for key '0x2111d0'.
[  67.026][v][cplayer] Change display sync audio drift: -1
[  73.577][v][cplayer] Change display sync audio drift: 0
[  73.577][v][cplayer] Compensation factor: 0.999873
[ 139.625][v][cplayer] Change display sync audio drift: -1
[ 141.111][d][lavf] stream 1: resize index to 256
[ 146.461][v][cplayer] Change display sync audio drift: 0
[ 146.461][v][cplayer] Compensation factor: 0.999974
[ 154.810][d][cplayer] Run command: seek, flags=73, args=[target="30.000000", flags="relative", legacy="unused"]
[ 154.810][v][lavf] queuing seek to 1192.720000
[ 154.810][v][lavf] cached range 0: 1053.040000 <-> 1191.400000 (bof=0, eof=0)
[ 154.810][v][lavf] execute seek (to 1192.720000 flags 32)
[ 154.811][v][lavf] seek done
[ 154.811][v][cplayer] hr-seek, skipping to 1192.720000
[ 154.811][d][ao/pipewire] Stream state changed: old_state=streaming state=paused error=(null)
[ 154.811][v][file] stream level seek from 997719749 to 994391062
[ 154.813][d][lavf] stream 1: resize index to 128
[ 154.813][d][ffmpeg/video] h264: Reinit context to 2560x1920, pix_fmt: cuda
[ 154.823][d][global] config path: 'fonts' -> '/home/beiming/.config/mpv/fonts'
[ 154.823][d][osd/libass] ASS library version: 0x1705000 (runtime 0x1705000)
[ 154.823][v][osd/libass] libass API version: 0x1705000
[ 154.823][v][osd/libass] libass source: commit: 0.17.5-0-g4a05d8127f525943ebf45fdc6497c9e665947f0d
[ 154.823][v][osd/libass] Shaper: FriBidi 1.0.16 (SIMPLE) HarfBuzz-ng 14.3.1 (COMPLEX)
[ 154.823][d][global] config path: 'subfont.ttf' -/-> '/home/beiming/.config/mpv/subfont.ttf'
[ 154.823][d][global] config path: 'subfont.ttf' -/-> '/home/beiming/.mpv/subfont.ttf'
[ 154.823][d][global] config path: 'subfont.ttf' -/-> '/etc/mpv/subfont.ttf'
[ 154.823][d][global] config path: 'fonts.conf' -/-> '/home/beiming/.config/mpv/fonts.conf'
[ 154.823][d][global] config path: 'fonts.conf' -/-> '/home/beiming/.mpv/fonts.conf'
[ 154.823][d][global] config path: 'fonts.conf' -/-> '/etc/mpv/fonts.conf'
[ 154.823][v][osd/libass] Setting up fonts...
[ 154.827][d][lavf] stream 0: resize index to 128
[ 154.829][v][osd/libass] Loading font file '/home/beiming/.config/mpv/fonts/uosc_icons.otf'
[ 154.830][v][osd/libass] Loading font file '/home/beiming/.config/mpv/fonts/uosc_textures.ttf'
[ 154.833][v][vd] Decoder format: 2560x1920 nv12 auto/auto/auto/auto/auto CL=mpeg2/4/h264 crop=2560x1920+0+0 A=none
[ 154.833][v][vd] Using container aspect ratio.
[ 154.835][v][osd/libass] Using font provider fontconfig
[ 154.835][v][osd/libass] Done.
[ 154.836][v][osd/libass] fontselect: (sans-serif, 400, 0) -> /usr/share/fonts/noto-cjk/NotoSansCJK-Regular.ttc, 2, NotoSansCJKsc-Regular
[ 154.845][d][osd] Spent 22.391 ms in osd_render (slow!)
[ 154.845][d][vo/gpu-next/libplacebo] (Re)creating 1956x182x0 texture with format r8: unknown
[ 154.845][d][vo/gpu-next/libplacebo] Allocating 507904 memory of type 0x1 (id 1) in heap 0: ../src/utils/upload.c:239
[ 154.846][d][vo/gpu-next/libplacebo] Memory types supported by device:
[ 154.846][d][vo/gpu-next/libplacebo]     0: flags 0x0 heap 1
[ 154.846][d][vo/gpu-next/libplacebo]     1: flags 0x1 heap 0
[ 154.846][d][vo/gpu-next/libplacebo]     2: flags 0x6 heap 1
[ 154.846][d][vo/gpu-next/libplacebo]     3: flags 0xe heap 1
[ 154.846][d][vo/gpu-next/libplacebo]     4: flags 0x7 heap 0
[ 154.846][d][vo/gpu-next/libplacebo] Spent 0.328 ms allocating slab
[ 154.846][d][vo/gpu-next/libplacebo] Allocating 374784 memory of type 0x7 (id 4) in heap 0: ../src/gpu/utils.c:576
[ 154.846][d][vo/gpu-next/libplacebo] Memory types supported by device:
[ 154.846][d][vo/gpu-next/libplacebo]     0: flags 0x0 heap 1
[ 154.846][d][vo/gpu-next/libplacebo]     1: flags 0x1 heap 0
[ 154.846][d][vo/gpu-next/libplacebo]     2: flags 0x6 heap 1
[ 154.846][d][vo/gpu-next/libplacebo]     3: flags 0xe heap 1
[ 154.846][d][vo/gpu-next/libplacebo]     4: flags 0x7 heap 0
[ 154.846][d][vo/gpu-next/libplacebo] Spent 0.182 ms allocating slab
[ 154.846][d][vo/gpu-next/libplacebo] (Re)creating 4094x1442x0 texture with format r8: unknown
[ 154.846][d][vo/gpu-next/libplacebo] Allocating 6291456 memory of type 0x1 (id 1) in heap 0: ../src/utils/upload.c:239
[ 154.846][d][vo/gpu-next/libplacebo] Memory types supported by device:
[ 154.846][d][vo/gpu-next/libplacebo]     0: flags 0x0 heap 1
[ 154.846][d][vo/gpu-next/libplacebo]     1: flags 0x1 heap 0
[ 154.846][d][vo/gpu-next/libplacebo]     2: flags 0x6 heap 1
[ 154.846][d][vo/gpu-next/libplacebo]     3: flags 0xe heap 1
[ 154.846][d][vo/gpu-next/libplacebo]     4: flags 0x7 heap 0
[ 154.846][d][vo/gpu-next/libplacebo] Spent 0.177 ms allocating slab
[ 154.846][d][vo/gpu-next/libplacebo] Allocating 5907456 memory of type 0x7 (id 4) in heap 0: ../src/gpu/utils.c:576
[ 154.847][d][vo/gpu-next/libplacebo] Memory types supported by device:
[ 154.847][d][vo/gpu-next/libplacebo]     0: flags 0x0 heap 1
[ 154.847][d][vo/gpu-next/libplacebo]     1: flags 0x1 heap 0
[ 154.847][d][vo/gpu-next/libplacebo]     2: flags 0x6 heap 1
[ 154.847][d][vo/gpu-next/libplacebo]     3: flags 0xe heap 1
[ 154.847][d][vo/gpu-next/libplacebo]     4: flags 0x7 heap 0
[ 154.847][d][vo/gpu-next/libplacebo] Spent 0.176 ms allocating slab
[ 154.849][v][vo/gpu-next/wayland] Disabling the idle inhibitor
[ 154.893][d][vo/gpu-next/libplacebo] First frame received with non-zero PTS 1192.720000
[ 154.895][d][vo/gpu-next/libplacebo] Freeing slab of size   22M
[ 154.904][v][cplayer] first video frame after restart shown
[ 154.911][v][cplayer] audio ready
[ 154.911][d][cplayer] starting video playback
[ 154.911][v][cplayer] starting audio playback
[ 154.911][v][cplayer] playback restart complete @ 1192.720000, audio=playing, video=playing
[ 154.911][v][vo/gpu-next/wayland] Enabling idle inhibitor
[ 154.913][d][ao/pipewire] Stream state changed: old_state=paused state=streaming error=(null)
[ 154.913][v][cplayer] Change display sync audio drift: -1
[ 154.915][v][vo/gpu-next/libplacebo] Detected fps ratio 0.0000 below threshold 0.0100, disabling interpolation
[ 154.915][d][vo/gpu-next/libplacebo] (Re)creating 2560x1920x0 texture with format r8: ../src/utils/upload.c:239
[ 154.916][d][vo/gpu-next/libplacebo] (Re)creating 1280x960x0 texture with format rg8: ../src/utils/upload.c:239
[ 154.917][d][vo/gpu-next/libplacebo] (Re)creating 1920x1440x0 texture with format rgba16hf: src/renderer.c:3863
[ 154.917][d][vo/gpu-next/libplacebo] Allocating 23592960 memory of type 0x1 (id 1) in heap 0: src/renderer.c:3863
[ 154.917][d][vo/gpu-next/libplacebo] Memory types supported by device:
[ 154.918][d][vo/gpu-next/libplacebo]     0: flags 0x0 heap 1
[ 154.918][d][vo/gpu-next/libplacebo]     1: flags 0x1 heap 0
[ 154.918][d][vo/gpu-next/libplacebo]     2: flags 0x6 heap 1
[ 154.918][d][vo/gpu-next/libplacebo]     3: flags 0xe heap 1
[ 154.918][d][vo/gpu-next/libplacebo]     4: flags 0x7 heap 0
[ 154.918][d][vo/gpu-next/libplacebo] Spent 0.590 ms allocating slab
[ 154.945][d][vo/gpu-next/libplacebo] (Re)creating 2560x1920x0 texture with format r8: ../src/utils/upload.c:239
[ 154.945][d][vo/gpu-next/libplacebo] (Re)creating 1280x960x0 texture with format rg8: ../src/utils/upload.c:239
[ 155.097][v][vo/gpu-next/libplacebo] Estimated source FPS: 25.000, display FPS: 25.000
[ 155.111][d][vo/gpu-next/libplacebo] Garbage collected slab of size 1536K from pool 0
[ 155.111][d][vo/gpu-next/libplacebo] Freeing slab of size 1536K
[ 155.164][d][vo/gpu-next/libplacebo] Garbage collected slab of size 5769K from pool 1
[ 155.164][d][vo/gpu-next/libplacebo] Freeing slab of size 5769K
[ 155.261][d][vo/gpu-next/libplacebo] Allocating 749568 memory of type 0x7 (id 4) in heap 0: ../src/gpu/utils.c:576
[ 155.262][d][vo/gpu-next/libplacebo] Memory types supported by device:
[ 155.262][d][vo/gpu-next/libplacebo]     0: flags 0x0 heap 1
[ 155.262][d][vo/gpu-next/libplacebo]     1: flags 0x1 heap 0
[ 155.262][d][vo/gpu-next/libplacebo]     2: flags 0x6 heap 1
[ 155.262][d][vo/gpu-next/libplacebo]     3: flags 0xe heap 1
[ 155.262][d][vo/gpu-next/libplacebo]     4: flags 0x7 heap 0
[ 155.262][d][vo/gpu-next/libplacebo] Spent 0.900 ms allocating slab
[ 155.297][d][cplayer] Run command: seek, flags=73, args=[target="30.000000", flags="relative", legacy="unused"]
[ 155.297][v][lavf] queuing seek to 1223.120000
[ 155.297][v][lavf] cached range 0: 1053.040000 <-> 1191.400000 (bof=0, eof=0)
[ 155.297][v][lavf] cached range 1: 1191.440000 <-> 1223.440000 (bof=0, eof=0)
[ 155.297][v][lavf] ...using this range for in-cache seek.
[ 155.297][v][lavf] seeking stream 0 (video) to packet 1221.000000/1220.920000
[ 155.297][v][lavf] seeking stream 1 (audio) to packet 1223.104000/1223.104000
[ 155.297][v][cplayer] hr-seek, skipping to 1223.120000
[ 155.298][d][ao/pipewire] Stream state changed: old_state=streaming state=paused error=(null)
[ 155.299][d][ffmpeg/video] h264: Reinit context to 2560x1920, pix_fmt: cuda
[ 155.300][v][lavf] EOF reached.
[ 155.309][v][vd] Decoder format: 2560x1920 nv12 auto/auto/auto/auto/auto CL=mpeg2/4/h264 crop=2560x1920+0+0 A=none
[ 155.309][v][vd] Using container aspect ratio.
[ 155.312][v][vo/gpu-next/wayland] Disabling the idle inhibitor
[ 155.393][d][vo/gpu-next/libplacebo] First frame received with non-zero PTS 1223.120000
[ 155.394][d][vo/gpu-next/libplacebo] Freeing slab of size   22M
[ 155.399][v][cplayer] first video frame after restart shown
[ 155.400][v][cplayer] audio ready
[ 155.400][d][cplayer] starting video playback
[ 155.400][v][cplayer] starting audio playback
[ 155.400][v][cplayer] playback restart complete @ 1223.120000, audio=playing, video=playing
[ 155.400][v][vo/gpu-next/wayland] Enabling idle inhibitor
[ 155.402][d][ao/pipewire] Stream state changed: old_state=paused state=streaming error=(null)
[ 155.403][v][cplayer] Change display sync audio drift: -1
[ 155.403][v][vo/gpu-next/libplacebo] Detected fps ratio 0.0000 below threshold 0.0100, disabling interpolation
[ 155.403][d][vo/gpu-next/libplacebo] (Re)creating 2560x1920x0 texture with format r8: ../src/utils/upload.c:239
[ 155.404][d][vo/gpu-next/libplacebo] (Re)creating 1280x960x0 texture with format rg8: ../src/utils/upload.c:239
[ 155.405][d][vo/gpu-next/libplacebo] (Re)creating 1920x1440x0 texture with format rgba16hf: src/renderer.c:3863
[ 155.405][d][vo/gpu-next/libplacebo] Allocating 23592960 memory of type 0x1 (id 1) in heap 0: src/renderer.c:3863
[ 155.406][d][vo/gpu-next/libplacebo] Memory types supported by device:
[ 155.406][d][vo/gpu-next/libplacebo]     0: flags 0x0 heap 1
[ 155.406][d][vo/gpu-next/libplacebo]     1: flags 0x1 heap 0
[ 155.406][d][vo/gpu-next/libplacebo]     2: flags 0x6 heap 1
[ 155.406][d][vo/gpu-next/libplacebo]     3: flags 0xe heap 1
[ 155.406][d][vo/gpu-next/libplacebo]     4: flags 0x7 heap 0
[ 155.406][d][vo/gpu-next/libplacebo] Spent 0.562 ms allocating slab
[ 155.449][d][vo/gpu-next/libplacebo] (Re)creating 2560x1920x0 texture with format r8: ../src/utils/upload.c:239
[ 155.449][d][vo/gpu-next/libplacebo] (Re)creating 1280x960x0 texture with format rg8: ../src/utils/upload.c:239
[ 155.548][d][vo/gpu-next/libplacebo] Garbage collected slab of size  732K from pool 1
[ 155.548][d][vo/gpu-next/libplacebo] Freeing slab of size  732K
[ 155.583][v][vo/gpu-next/libplacebo] Estimated source FPS: 25.000, display FPS: 25.000
[ 155.665][d][vo/gpu-next/libplacebo] Allocating 749568 memory of type 0x7 (id 4) in heap 0: ../src/gpu/utils.c:576
[ 155.666][d][vo/gpu-next/libplacebo] Memory types supported by device:
[ 155.666][d][vo/gpu-next/libplacebo]     0: flags 0x0 heap 1
[ 155.666][d][vo/gpu-next/libplacebo]     1: flags 0x1 heap 0
[ 155.666][d][vo/gpu-next/libplacebo]     2: flags 0x6 heap 1
[ 155.666][d][vo/gpu-next/libplacebo]     3: flags 0xe heap 1
[ 155.666][d][vo/gpu-next/libplacebo]     4: flags 0x7 heap 0
[ 155.666][d][vo/gpu-next/libplacebo] Spent 0.556 ms allocating slab
[ 155.685][d][cplayer] Run command: seek, flags=73, args=[target="30.000000", flags="relative", legacy="unused"]
[ 155.685][v][lavf] queuing seek to 1253.400000
[ 155.685][v][lavf] cached range 0: 1053.040000 <-> 1191.400000 (bof=0, eof=0)
[ 155.685][v][lavf] cached range 1: 1191.440000 <-> 1227.136000 (bof=0, eof=1)
[ 155.685][v][lavf] ...using this range for in-cache seek.
[ 155.685][v][lavf] seeking stream 0 (video) to packet 1226.360000/1226.280000
[ 155.685][v][lavf] seeking stream 1 (audio) to packet 1227.136000/1227.136000
[ 155.685][v][cplayer] hr-seek, skipping to 1253.400000
[ 155.685][v][lavf] EOF reached.
[ 155.685][d][ffmpeg/video] h264: Reinit context to 2560x1920, pix_fmt: cuda
[ 155.685][d][ao/pipewire] Stream state changed: old_state=streaming state=paused error=(null)
[ 155.695][v][vd] Decoder format: 2560x1920 nv12 auto/auto/auto/auto/auto CL=mpeg2/4/h264 crop=2560x1920+0+0 A=none
[ 155.695][v][vd] Using container aspect ratio.
[ 155.701][v][vo/gpu-next/wayland] Disabling the idle inhibitor
[ 155.721][v][vf] filter input EOF
[ 155.721][v][vf] filter output EOF
[ 155.721][d][vo/gpu-next/libplacebo] First frame received with non-zero PTS 1226.920000
[ 155.722][d][vo/gpu-next/libplacebo] Freeing slab of size   22M
[ 155.724][d][vo/gpu-next] Render queue underrun.
[ 155.732][d][vo/gpu-next] Render queue underrun.
[ 155.733][v][cplayer] first video frame after restart shown
[ 155.733][v][af] filter input EOF
[ 155.733][v][af] filter output EOF
[ 155.733][v][cplayer] audio filter EOF
[ 155.733][d][cplayer] video EOF (status=4)
[ 155.733][v][cplayer] audio ready (and EOF)
[ 155.733][d][cplayer] video EOF (status=4)
[ 155.733][v][cplayer] starting audio playback
[ 155.733][v][cplayer] audio draining
[ 155.733][v][cplayer] playback restart complete @ -9223372036854775808.000000, audio=draining, video=eof
[ 155.733][v][cplayer] audio EOF reached
[ 155.733][d][cplayer] video EOF (status=4)
[ 155.733][v][cplayer] EOF code: 1  
[ 155.733][d][ad] Uninit decoder.
[ 155.733][v][vo/gpu-next/wayland] Enabling idle inhibitor
[ 155.733][v][vo/gpu-next/wayland] Disabling the idle inhibitor
[ 155.734][d][vd] Uninit decoder.
[ 155.735][d][ao/pipewire] Stream state changed: old_state=paused state=streaming error=(null)
[ 155.868][d][cplayer] Terminating demuxers...
[ 155.875][d][cplayer] Done terminating demuxers.
[ 155.875][v][cplayer] finished playback, success (reason 0)
[ 155.875][v][cplayer] Running hook: ytdl_hook/on_after_end_file
[ 155.875][d][cplayer] Run command: del, flags=64, args=[name="user-data/mpv/ytdl/json-subprocess-result"]
[ 155.875][d][vo/gpu-next/libplacebo] First frame received with non-zero PTS 1226.920000
[ 155.875][d][global] config path: 'cache/watch_later' -> '/home/beiming/.config/mpv/cache/watch_later'
[ 155.875][d][global] user path: '~~/cache/watch_later' -> '/home/beiming/.config/mpv/cache/watch_later'
[ 155.875][i][cplayer] Playing: /home/beiming/Videos/成龙历险记1-5季 4K修复版/[BASIGN]22.狱中擒魔.mp4
[ 155.875][v][cplayer] Running hook: ytdl_hook/on_load
[ 155.875][d][vo/gpu-next/libplacebo] (Re)creating 1992x182x0 texture with format r8: unknown
[ 155.875][d][vo/gpu-next/libplacebo] Allocating 524288 memory of type 0x1 (id 1) in heap 0: ../src/utils/upload.c:239
[ 155.883][d][vo/gpu-next/libplacebo] Memory types supported by device:
[ 155.883][d][vo/gpu-next/libplacebo]     0: flags 0x0 heap 1
[ 155.883][d][vo/gpu-next/libplacebo]     1: flags 0x1 heap 0
[ 155.883][d][vo/gpu-next/libplacebo]     2: flags 0x6 heap 1
[ 155.883][d][vo/gpu-next/libplacebo]     3: flags 0xe heap 1
[ 155.883][d][vo/gpu-next/libplacebo]     4: flags 0x7 heap 0
[ 155.883][d][vo/gpu-next/libplacebo] Spent 8.037 ms allocating slab
[ 155.883][d][vo/gpu-next/libplacebo] Allocating 270336 memory of type 0x7 (id 4) in heap 0: ../src/gpu/utils.c:576
[ 155.896][d][vo/gpu-next/libplacebo] Memory types supported by device:
[ 155.896][d][vo/gpu-next/libplacebo]     0: flags 0x0 heap 1
[ 155.896][d][vo/gpu-next/libplacebo]     1: flags 0x1 heap 0
[ 155.896][d][vo/gpu-next/libplacebo]     2: flags 0x6 heap 1
[ 155.896][d][vo/gpu-next/libplacebo]     3: flags 0xe heap 1
[ 155.896][d][vo/gpu-next/libplacebo]     4: flags 0x7 heap 0
[ 155.896][v][vo/gpu-next/libplacebo] Spent 13.030 ms allocating slab
[ 155.896][d][vo/gpu-next/libplacebo] Freeing slab of size   22M
[ 155.896][d][vo/gpu-next/libplacebo] (Re)creating 2560x1920x0 texture with format r8: ../src/utils/upload.c:239
[ 155.897][d][vo/gpu-next/libplacebo] (Re)creating 1280x960x0 texture with format rg8: ../src/utils/upload.c:239
[ 155.897][d][vo/gpu-next] Render queue underrun.
[ 155.897][d][vo/gpu-next/libplacebo] (Re)creating 1920x1440x0 texture with format rgba16hf: src/renderer.c:3863
[ 155.897][d][vo/gpu-next/libplacebo] Allocating 23592960 memory of type 0x1 (id 1) in heap 0: src/renderer.c:3863
[ 155.910][d][vo/gpu-next/libplacebo] Memory types supported by device:
[ 155.910][d][vo/gpu-next/libplacebo]     0: flags 0x0 heap 1
[ 155.910][d][vo/gpu-next/libplacebo]     1: flags 0x1 heap 0
[ 155.910][d][vo/gpu-next/libplacebo]     2: flags 0x6 heap 1
[ 155.910][d][vo/gpu-next/libplacebo]     3: flags 0xe heap 1
[ 155.910][d][vo/gpu-next/libplacebo]     4: flags 0x7 heap 0
[ 155.910][v][vo/gpu-next/libplacebo] Spent 12.906 ms allocating slab
[ 155.911][v][cplayer] Running hook: ytdl_hook/on_load
[ 155.911][v][ytdl_hook] playlist hook
[ 155.911][v][ifo_dvdnav] Opening /home/beiming/Videos/成龙历险记1-5季 4K修复版/[BASIGN]22.狱中擒魔.mp4
[ 155.912][v][bdmv/bluray] Opening /home/beiming/Videos/成龙历险记1-5季 4K修复版/[BASIGN]22.狱中擒魔.mp4
[ 155.912][v][file] Opening /home/beiming/Videos/成龙历险记1-5季 4K修复版/[BASIGN]22.狱中擒魔.mp4
[ 155.912][d][file] resize stream to 131072 bytes, drop 0 bytes
[ 155.912][d][file] Stream opened successfully.
[ 155.912][v][demux] Trying demuxers for level=normal.
[ 155.912][d][demux] Trying demuxer: directory (force-level: normal)
[ 155.913][d][demux] Trying demuxer: disc (force-level: normal)
[ 155.913][d][demux] Trying demuxer: edl (force-level: normal)
[ 155.913][d][demux] Trying demuxer: cue (force-level: normal)
[ 155.913][d][demux] Trying demuxer: rawaudio (force-level: normal)
[ 155.913][d][demux] Trying demuxer: rawvideo (force-level: normal)
[ 155.913][d][demux] Trying demuxer: mkv (force-level: normal)
[ 155.913][d][demux] Trying demuxer: libarchive (force-level: normal)
[ 155.913][d][demux] Trying demuxer: lavf (force-level: normal)
[ 155.917][v][lavf] Found 'mov,mp4,m4a,3gp,3g2,mj2' at score=100 size=2048.
[ 155.917][v][file] stream level seek from 131072 to 1045997648
[ 155.925][v][demux] Detected file format: mov,mp4,m4a,3gp,3g2,mj2 (libavformat)
[ 155.926][d][global] config path: 'cache/stream_cache' -> '/home/beiming/.config/mpv/cache/stream_cache'
[ 155.926][d][global] user path: '~~/cache/stream_cache' -> '/home/beiming/.config/mpv/cache/stream_cache'
[ 155.926][v][cplayer] Opening done: /home/beiming/Videos/成龙历险记1-5季 4K修复版/[BASIGN]22.狱中擒魔.mp4
[ 155.926][v][find_files] Loading external files in /home/beiming/Videos/成龙历险记1-5季 4K修复版/
[ 155.926][d][global] config path: 'sub' -/-> '/home/beiming/.config/mpv/sub'
[ 155.926][d][global] config path: 'sub' -/-> '/home/beiming/.mpv/sub'
[ 155.926][d][global] config path: 'sub' -/-> '/etc/mpv/sub'
[ 155.926][v][cplayer] Running hook: ytdl_hook/on_preloaded
[ 155.926][v][lavf] select track 0
[ 155.926][v][lavf] select track 1
[ 155.926][i][cplayer]  ● Video  --vid=1  (h264 2560x1920 25 fps) [default]
[ 155.926][i][cplayer]  ● Audio  --aid=1  (aac 2ch 48000 Hz 192 kbps) [default]
[ 155.927][v][vd] Container reported FPS: 25.000000
[ 155.927][v][vd] Codec list:
[ 155.927][v][vd]     h264 - H.264 / AVC / MPEG-4 AVC / MPEG-4 part 10
[ 155.927][v][vd]     h264_v4l2m2m (h264) - V4L2 mem2mem H.264 decoder wrapper
[ 155.927][v][vd]     h264_qsv (h264) - H264 video (Intel Quick Sync Video acceleration)
[ 155.927][v][vd]     h264_amf (h264) - H264 AMD AMF video decoder
[ 155.927][v][vd]     h264_cuvid (h264) - Nvidia CUVID H264 decoder
[ 155.927][v][vd] Opening decoder h264
[ 155.927][v][vd] Looking at hwdec h264-vulkan...
[ 155.927][v][vd] Not using this for auto-copy.
[ 155.927][v][vd] Looking at hwdec h264-nvdec...
[ 155.927][v][vd] Not using this for auto-copy.
[ 155.927][v][vd] Looking at hwdec h264-vaapi...
[ 155.927][v][vd] Not using this for auto-copy.
[ 155.927][v][vd] Looking at hwdec h264-vulkan-copy...
[ 155.927][d][ffmpeg] Vulkan: Supported layers:
[ 155.927][d][ffmpeg] Vulkan: 	VK_LAYER_VALVE_steam_overlay_32
[ 155.927][d][ffmpeg] Vulkan: 	VK_LAYER_VALVE_steam_overlay_64
[ 155.927][d][ffmpeg] Vulkan: 	VK_LAYER_VALVE_steam_fossilize_32
[ 155.927][d][ffmpeg] Vulkan: 	VK_LAYER_VALVE_steam_fossilize_64
[ 155.927][d][ffmpeg] Vulkan: 	VK_LAYER_MESA_anti_lag
[ 155.927][d][ffmpeg] Vulkan: 	VK_LAYER_MESA_device_select
[ 155.928][d][ffmpeg] Vulkan: 	VK_LAYER_MANGOHUD_overlay_x86_64
[ 155.928][d][ffmpeg] Vulkan: 	VK_LAYER_NV_optimus
[ 155.928][d][ffmpeg] Vulkan: 	VK_LAYER_NV_present
[ 155.983][v][thumbfast] Subprocess failed: killed
[ 155.991][d][ffmpeg] Vulkan: GPU listing:
[ 155.991][d][ffmpeg] Vulkan:     0: Intel(R) Graphics (RPL-S) (integrated) (0xa788)
[ 155.991][d][ffmpeg] Vulkan:     1: NVIDIA GeForce RTX 5060 Laptop GPU (discrete) (0x2d19)
[ 155.991][d][ffmpeg] Vulkan: Device 0 selected: Intel(R) Graphics (RPL-S) (integrated) (0xa788)
[ 155.991][d][ffmpeg] Vulkan: Using device extension VK_KHR_push_descriptor
[ 155.991][d][ffmpeg] Vulkan: Using device extension VK_EXT_physical_device_drm
[ 155.991][d][ffmpeg] Vulkan: Using device extension VK_EXT_shader_atomic_float
[ 155.991][d][ffmpeg] Vulkan: Using device extension VK_EXT_shader_object
[ 155.991][d][ffmpeg] Vulkan: Using device extension VK_KHR_shader_subgroup_rotate
[ 155.991][d][ffmpeg] Vulkan: Using device extension VK_EXT_host_image_copy
[ 155.991][d][ffmpeg] Vulkan: Using device extension VK_KHR_workgroup_memory_explicit_layout
[ 155.991][d][ffmpeg] Vulkan: Using device extension VK_KHR_shader_relaxed_extended_instruction
[ 155.991][d][ffmpeg] Vulkan: Using device extension VK_EXT_shader_replicated_composites
[ 155.991][d][ffmpeg] Vulkan: Using device extension VK_KHR_shader_expect_assume
[ 155.991][d][ffmpeg] Vulkan: Using device extension VK_KHR_internally_synchronized_queues
[ 155.991][d][ffmpeg] Vulkan: Using device extension VK_KHR_external_memory_fd
[ 155.991][d][ffmpeg] Vulkan: Using device extension VK_EXT_external_memory_dma_buf
[ 155.991][d][ffmpeg] Vulkan: Using device extension VK_EXT_image_drm_format_modifier
[ 155.991][d][ffmpeg] Vulkan: Using device extension VK_KHR_external_semaphore_fd
[ 155.991][d][ffmpeg] Vulkan: Using device extension VK_EXT_external_memory_host
[ 155.991][d][ffmpeg] Vulkan: Queue families:
[ 155.991][d][ffmpeg] Vulkan:     0: graphics compute transfer sparse (queues: 1)
[ 156.004][d][ffmpeg] Vulkan: Using device: Intel(R) Graphics (RPL-S)
[ 156.004][d][ffmpeg] Vulkan: Alignments:
[ 156.004][d][ffmpeg] Vulkan:     optimalBufferCopyRowPitchAlignment: 64
[ 156.004][d][ffmpeg] Vulkan:     minMemoryMapAlignment:              4096
[ 156.004][d][ffmpeg] Vulkan:     nonCoherentAtomSize:                64
[ 156.004][d][ffmpeg] Vulkan:     minImportedHostPointerAlignment:    4096
[ 156.004][v][vd] Trying hardware decoding via h264-vulkan-copy.
[ 156.004][v][vd] Requesting 4 threads for decoding.
[ 156.004][v][vd] Selected decoder: h264 - H.264 / AVC / MPEG-4 AVC / MPEG-4 part 10
[ 156.004][v][vf] User filter list:
[ 156.004][v][vf]   (empty)
[ 156.005][v][ad] Codec list:
[ 156.005][v][ad]     aac - AAC (Advanced Audio Coding)
[ 156.005][v][ad]     aac_fixed (aac) - AAC (Advanced Audio Coding)
[ 156.005][v][ad] Opening decoder aac
[ 156.005][v][ad] Requesting 1 threads for decoding.
[ 156.005][v][ad] Selected decoder: aac - AAC (Advanced Audio Coding)
[ 156.005][v][af] User filter list:
[ 156.005][v][af]   (empty)
[ 156.005][v][cplayer] Starting playback...
[ 156.005][v][file] stream level seek from 1046913080 to 48
[ 156.005][d][vo/gpu-next/libplacebo] First frame received with non-zero PTS 1226.920000
[ 156.005][d][vo/gpu-next/libplacebo] Freeing slab of size   22M
[ 156.006][d][vo/gpu-next/libplacebo] (Re)creating 2560x1920x0 texture with format r8: ../src/utils/upload.c:239
[ 156.006][d][lavf] stream 1: resize index to 128
[ 156.006][d][vo/gpu-next/libplacebo] (Re)creating 1280x960x0 texture with format rg8: ../src/utils/upload.c:239
[ 156.007][d][vo/gpu-next] Render queue underrun.
[ 156.007][d][vo/gpu-next/libplacebo] (Re)creating 1920x1440x0 texture with format rgba16hf: src/renderer.c:3863
[ 156.007][d][vo/gpu-next/libplacebo] Allocating 23592960 memory of type 0x1 (id 1) in heap 0: src/renderer.c:3863
[ 156.007][d][vo/gpu-next/libplacebo] Memory types supported by device:
[ 156.007][d][vo/gpu-next/libplacebo]     0: flags 0x0 heap 1
[ 156.007][d][vo/gpu-next/libplacebo]     1: flags 0x1 heap 0
[ 156.007][d][vo/gpu-next/libplacebo]     2: flags 0x6 heap 1
[ 156.007][d][vo/gpu-next/libplacebo]     3: flags 0xe heap 1
[ 156.007][d][vo/gpu-next/libplacebo]     4: flags 0x7 heap 0
[ 156.007][d][vo/gpu-next/libplacebo] Spent 0.197 ms allocating slab
[ 156.008][d][cplayer] Run command: overlay-remove, flags=64, args=[id="42"]
[ 156.008][d][cplayer] Run command: script-message, flags=64, args=[args="thumbfast-info", args="{\"width\":320,\"available\":true,\"thumbnail\":\"/tmp/thumbfast.out5290\",\"height\":240,\"overlay_id\":42,\"scale_factor\":1,\"disabled\":false,\"socket\":\"/tmp/thumbfast5290\"}"]
[ 156.008][v][af] [in] 48000Hz stereo 2ch floatp
[ 156.008][v][af] [userspeed] 48000Hz stereo 2ch floatp
[ 156.008][v][af] [userspeed] (disabled)
[ 156.008][v][af] [convert] 48000Hz stereo 2ch floatp
[ 156.008][v][vd] Pixel formats supported by decoder: vdpau vulkan cuda vaapi yuv420p
[ 156.008][v][vd] Codec profile: High (0x64)
[ 156.008][v][vd] Requesting pixfmt 'vulkan' from decoder.
[ 156.008][e][ffmpeg/video] h264: Device does not support the VK_KHR_video_decode_queue extension!
[ 156.008][e][ffmpeg/video] h264: Failed setup for format vulkan: hwaccel initialisation returned error.
[ 156.008][v][vd] Pixel formats supported by decoder: vdpau cuda vaapi yuv420p yuv420p
[ 156.008][v][vd] Codec profile: High (0x64)
[ 156.008][v][vd] Requesting pixfmt '-' from decoder.
[ 156.008][e][ffmpeg/video] h264: no frame!
[ 156.009][v][vd] Pixel formats supported by decoder: vdpau vulkan cuda vaapi yuv420p
[ 156.009][v][vd] Codec profile: High (0x64)
[ 156.009][v][vd] Requesting pixfmt 'vulkan' from decoder.
[ 156.009][e][ffmpeg/video] h264: Device does not support the VK_KHR_video_decode_queue extension!
[ 156.009][e][ffmpeg/video] h264: Failed setup for format vulkan: hwaccel initialisation returned error.
[ 156.009][v][vd] Pixel formats supported by decoder: vdpau cuda vaapi yuv420p yuv420p
[ 156.009][v][vd] Codec profile: High (0x64)
[ 156.009][v][vd] Requesting pixfmt '-' from decoder.
[ 156.009][e][ffmpeg/video] h264: no frame!
[ 156.010][v][vd] Attempting next decoding method after failure of h264-vulkan-copy.
[ 156.010][d][vd] Skipping previously attempted hwdec: h264-vulkan
[ 156.010][d][vd] Skipping previously attempted hwdec: h264-nvdec
[ 156.010][d][vd] Skipping previously attempted hwdec: h264-vaapi
[ 156.010][d][vd] Skipping previously attempted hwdec: h264-vulkan-copy
[ 156.010][v][vd] Looking at hwdec h264-nvdec-copy...
[ 156.018][d][lavf] stream 0: resize index to 128
[ 156.106][v][vd] Trying hardware decoding via h264-nvdec-copy.
[ 156.106][v][vd] Requesting 4 threads for decoding.
[ 156.106][v][vd] Pixel formats supported by decoder: vdpau vulkan cuda vaapi yuv420p
[ 156.106][v][vd] Codec profile: High (0x64)
[ 156.106][v][vd] Requesting pixfmt 'cuda' from decoder.
[ 156.116][d][ffmpeg/video] h264: NVDEC capabilities:
[ 156.116][d][ffmpeg/video] h264: format supported: yes, max_mb_count: 262144
[ 156.116][d][ffmpeg/video] h264: min_width: 48, max_width: 8192
[ 156.116][d][ffmpeg/video] h264: min_height: 64, max_height: 8192
[ 156.136][d][ffmpeg/video] h264: Reinit context to 2560x1920, pix_fmt: cuda
[ 156.137][d][vo/gpu-next] Render queue underrun.
[ 156.144][i][vd] Using hardware decoding (nvdec-copy).
[ 156.144][v][vd] Decoder format: 2560x1920 nv12 auto/auto/auto/auto/auto CL=mpeg2/4/h264 crop=2560x1920+0+0 A=none
[ 156.144][v][vd] Using container aspect ratio.
[ 156.144][v][vf] [in] 2560x1920 nv12 bt.709/bt.709/bt.1886/limited/display CL=mpeg2/4/h264 crop=2560x1920+0+0 A=none
[ 156.144][v][vf] [userdeint] 2560x1920 nv12 bt.709/bt.709/bt.1886/limited/display CL=mpeg2/4/h264 crop=2560x1920+0+0 A=none
[ 156.144][v][vf] [userdeint] (disabled)
[ 156.144][v][vf] [autovflip] 2560x1920 nv12 bt.709/bt.709/bt.1886/limited/display CL=mpeg2/4/h264 crop=2560x1920+0+0 A=none
[ 156.144][v][vf] [autovflip] (disabled)
[ 156.144][v][vf] [autorotate] 2560x1920 nv12 bt.709/bt.709/bt.1886/limited/display CL=mpeg2/4/h264 crop=2560x1920+0+0 A=none
[ 156.144][v][vf] [autorotate] (disabled)
[ 156.144][v][vf] [convert] 2560x1920 nv12 bt.709/bt.709/bt.1886/limited/display CL=mpeg2/4/h264 crop=2560x1920+0+0 A=none
[ 156.144][v][vf] [convert] (disabled)
[ 156.144][v][vf] [out] 2560x1920 nv12 bt.709/bt.709/bt.1886/limited/display CL=mpeg2/4/h264 crop=2560x1920+0+0 A=none
[ 156.145][d][cplayer] Run command: script-message, flags=64, args=[args="thumbfast-info", args="{\"width\":320,\"available\":true,\"thumbnail\":\"/tmp/thumbfast.out5290\",\"height\":240,\"overlay_id\":42,\"scale_factor\":1,\"disabled\":false,\"socket\":\"/tmp/thumbfast5290\"}"]
[ 156.145][v][af] [convert] (disabled)
[ 156.145][v][af] [out] 48000Hz stereo 2ch floatp
[ 156.147][v][vo/gpu-next] Forcing queue refill, PTS(0.080000 + 0.000000 | 0.016667) < VPTS(1226.920000)
[ 156.147][d][vo/gpu-next/libplacebo] First frame received with non-zero PTS 0.080000
[ 156.148][d][vo/gpu-next/libplacebo] Freeing slab of size   22M
[ 156.148][d][vo/gpu-next/libplacebo] Allocating 402432 memory of type 0x7 (id 4) in heap 0: ../src/gpu/utils.c:576
[ 156.149][d][vo/gpu-next/libplacebo] Memory types supported by device:
[ 156.149][d][vo/gpu-next/libplacebo]     0: flags 0x0 heap 1
[ 156.149][d][vo/gpu-next/libplacebo]     1: flags 0x1 heap 0
[ 156.149][d][vo/gpu-next/libplacebo]     2: flags 0x6 heap 1
[ 156.149][d][vo/gpu-next/libplacebo]     3: flags 0xe heap 1
[ 156.149][d][vo/gpu-next/libplacebo]     4: flags 0x7 heap 0
[ 156.149][d][vo/gpu-next/libplacebo] Spent 0.315 ms allocating slab
[ 156.149][d][vo/gpu-next/libplacebo] (Re)creating 2560x1920x0 texture with format r8: ../src/utils/upload.c:239
[ 156.150][d][vo/gpu-next/libplacebo] (Re)creating 1280x960x0 texture with format rg8: ../src/utils/upload.c:239
[ 156.150][d][vo/gpu-next/libplacebo] (Re)creating 2560x1920x0 texture with format r8: ../src/utils/upload.c:239
[ 156.150][d][vo/gpu-next/libplacebo] Allocating 9830400 memory of type 0x7 (id 4) in heap 0: ../src/gpu/utils.c:576
[ 156.151][d][vo/gpu-next/libplacebo] Memory types supported by device:
[ 156.151][d][vo/gpu-next/libplacebo]     0: flags 0x0 heap 1
[ 156.151][d][vo/gpu-next/libplacebo]     1: flags 0x1 heap 0
[ 156.151][d][vo/gpu-next/libplacebo]     2: flags 0x6 heap 1
[ 156.151][d][vo/gpu-next/libplacebo]     3: flags 0xe heap 1
[ 156.151][d][vo/gpu-next/libplacebo]     4: flags 0x7 heap 0
[ 156.151][d][vo/gpu-next/libplacebo] Spent 0.435 ms allocating slab
[ 156.152][d][vo/gpu-next/libplacebo] (Re)creating 1280x960x0 texture with format rg8: ../src/utils/upload.c:239
[ 156.152][d][vo/gpu-next/libplacebo] Allocating 4915200 memory of type 0x7 (id 4) in heap 0: ../src/gpu/utils.c:576
[ 156.153][d][vo/gpu-next/libplacebo] Memory types supported by device:
[ 156.153][d][vo/gpu-next/libplacebo]     0: flags 0x0 heap 1
[ 156.153][d][vo/gpu-next/libplacebo]     1: flags 0x1 heap 0
[ 156.153][d][vo/gpu-next/libplacebo]     2: flags 0x6 heap 1
[ 156.153][d][vo/gpu-next/libplacebo]     3: flags 0xe heap 1
[ 156.153][d][vo/gpu-next/libplacebo]     4: flags 0x7 heap 0
[ 156.153][d][vo/gpu-next/libplacebo] Spent 0.515 ms allocating slab
[ 156.154][d][vo/gpu-next/libplacebo] (Re)creating 1920x1440x0 texture with format rgba16hf: src/renderer.c:3863
[ 156.154][d][vo/gpu-next/libplacebo] Allocating 23592960 memory of type 0x1 (id 1) in heap 0: src/renderer.c:3863
[ 156.154][d][vo/gpu-next/libplacebo] Memory types supported by device:
[ 156.154][d][vo/gpu-next/libplacebo]     0: flags 0x0 heap 1
[ 156.154][d][vo/gpu-next/libplacebo]     1: flags 0x1 heap 0
[ 156.154][d][vo/gpu-next/libplacebo]     2: flags 0x6 heap 1
[ 156.154][d][vo/gpu-next/libplacebo]     3: flags 0xe heap 1
[ 156.154][d][vo/gpu-next/libplacebo]     4: flags 0x7 heap 0
[ 156.154][d][vo/gpu-next/libplacebo] Spent 0.335 ms allocating slab
[ 156.156][v][cplayer] first video frame after restart shown
[ 156.156][v][cplayer] audio ready
[ 156.156][d][cplayer] starting video playback
[ 156.156][v][cplayer] delaying audio start 0.080000 vs. 0.080000, diff=0.000000
[ 156.156][v][cplayer] playback restart complete @ 0.080000, audio=ready, video=playing
[ 156.156][v][vo/gpu-next/wayland] Enabling idle inhibitor
[ 156.159][v][cplayer] starting audio playback
[ 156.160][v][vo/gpu-next/libplacebo] Detected fps ratio 0.0000 below threshold 0.0100, disabling interpolation
[ 156.160][d][vo/gpu-next/libplacebo] (Re)creating 1920x1440x0 texture with format rgba16hf: src/renderer.c:3863
[ 156.160][d][vo/gpu-next/libplacebo] Allocating 23592960 memory of type 0x1 (id 1) in heap 0: src/renderer.c:3863
[ 156.160][d][vo/gpu-next/libplacebo] Memory types supported by device:
[ 156.160][d][vo/gpu-next/libplacebo]     0: flags 0x0 heap 1
[ 156.160][d][vo/gpu-next/libplacebo]     1: flags 0x1 heap 0
[ 156.160][d][vo/gpu-next/libplacebo]     2: flags 0x6 heap 1
[ 156.160][d][vo/gpu-next/libplacebo]     3: flags 0xe heap 1
[ 156.160][d][vo/gpu-next/libplacebo]     4: flags 0x7 heap 0
[ 156.160][d][vo/gpu-next/libplacebo] Spent 0.408 ms allocating slab
[ 156.165][v][cplayer] Change display sync audio drift: -1
[ 156.166][v][autoconvert] inserting resampler
[ 156.166][v][swresample] format change, reinitializing resampler
[ 156.166][v][swresample] 48060Hz stereo floatp -> 48000Hz stereo floatp
[ 156.167][v][af] [convert] (enabled)
[ 156.198][d][vo/gpu-next/libplacebo] (Re)creating 2560x1920x0 texture with format r8: ../src/utils/upload.c:239
[ 156.199][d][vo/gpu-next/libplacebo] (Re)creating 1280x960x0 texture with format rg8: ../src/utils/upload.c:239
[ 156.201][v][cplayer] Change display sync audio drift: 0
[ 156.234][v][vo/gpu-next/libplacebo] Estimated source FPS: 25.000, display FPS: 25.000
[ 156.247][d][vo/gpu-next/libplacebo] Garbage collected slab of size  732K from pool 1
[ 156.247][d][vo/gpu-next/libplacebo] Freeing slab of size  732K
[ 156.315][d][vo/gpu-next/libplacebo] Garbage collected slab of size  366K from pool 1
[ 156.315][d][vo/gpu-next/libplacebo] Freeing slab of size  366K
[ 156.332][d][vo/gpu-next/libplacebo] Garbage collected slab of size  496K from pool 0
[ 156.332][d][vo/gpu-next/libplacebo] Freeing slab of size  496K
[ 156.383][d][vo/gpu-next/libplacebo] Garbage collected slab of size 9600K from pool 1
[ 156.383][d][vo/gpu-next/libplacebo] Freeing slab of size 9600K
[ 156.384][d][vo/gpu-next/libplacebo] Garbage collected slab of size 4800K from pool 1
[ 156.384][d][vo/gpu-next/libplacebo] Freeing slab of size 4800K
[ 156.984][d][vo/gpu-next/libplacebo] Garbage collected slab of size  264K from pool 1
[ 156.984][d][vo/gpu-next/libplacebo] Freeing slab of size  264K
[ 157.364][d][vo/gpu-next/libplacebo] Garbage collected slab of size  393K from pool 1
[ 157.364][d][vo/gpu-next/libplacebo] Freeing slab of size  393K
[ 226.350][d][cplayer] Run command: seek, flags=73, args=[target="30.000000", flags="relative", legacy="unused"]
[ 226.350][v][lavf] queuing seek to 100.280000
[ 226.350][v][lavf] cached range 0: 0.000000 <-> 102.485333 (bof=1, eof=0)
[ 226.350][v][lavf] ...using this range for in-cache seek.
[ 226.350][v][lavf] seeking stream 0 (video) to packet 99.520000/99.440000
[ 226.350][v][lavf] seeking stream 1 (audio) to packet 100.266667/100.266667
[ 226.350][v][cplayer] hr-seek, skipping to 100.280000
[ 226.350][d][ao/pipewire] Stream state changed: old_state=streaming state=paused error=(null)
[ 226.351][d][ffmpeg/video] h264: Reinit context to 2560x1920, pix_fmt: cuda
[ 226.363][v][vd] Decoder format: 2560x1920 nv12 auto/auto/auto/auto/auto CL=mpeg2/4/h264 crop=2560x1920+0+0 A=none
[ 226.363][v][vd] Using container aspect ratio.
[ 226.364][d][vo/gpu-next/libplacebo] Allocating 374784 memory of type 0x7 (id 4) in heap 0: ../src/gpu/utils.c:576
[ 226.365][d][vo/gpu-next/libplacebo] Memory types supported by device:
[ 226.365][d][vo/gpu-next/libplacebo]     0: flags 0x0 heap 1
[ 226.365][d][vo/gpu-next/libplacebo]     1: flags 0x1 heap 0
[ 226.365][d][vo/gpu-next/libplacebo]     2: flags 0x6 heap 1
[ 226.365][d][vo/gpu-next/libplacebo]     3: flags 0xe heap 1
[ 226.365][d][vo/gpu-next/libplacebo]     4: flags 0x7 heap 0
[ 226.365][d][vo/gpu-next/libplacebo] Spent 0.768 ms allocating slab
[ 226.366][v][vo/gpu-next/wayland] Disabling the idle inhibitor
[ 226.407][d][lavf] stream 1: resize index to 256
[ 226.407][d][vo/gpu-next/libplacebo] First frame received with non-zero PTS 100.280000
[ 226.407][d][vo/gpu-next/libplacebo] Freeing slab of size   22M
[ 226.410][v][cplayer] first video frame after restart shown
[ 226.410][v][cplayer] audio ready
[ 226.410][d][cplayer] starting video playback
[ 226.410][v][cplayer] starting audio playback
[ 226.411][v][cplayer] playback restart complete @ 100.280000, audio=playing, video=playing
[ 226.411][v][vo/gpu-next/wayland] Enabling idle inhibitor
[ 226.411][d][ao/pipewire] Stream state changed: old_state=paused state=streaming error=(null)
[ 226.413][v][cplayer] Change display sync audio drift: -1
[ 226.413][v][vo/gpu-next/libplacebo] Detected fps ratio 0.0000 below threshold 0.0100, disabling interpolation
[ 226.413][d][vo/gpu-next/libplacebo] (Re)creating 2560x1920x0 texture with format r8: ../src/utils/upload.c:239
[ 226.414][d][vo/gpu-next/libplacebo] (Re)creating 1280x960x0 texture with format rg8: ../src/utils/upload.c:239
[ 226.414][d][vo/gpu-next/libplacebo] (Re)creating 1920x1440x0 texture with format rgba16hf: src/renderer.c:3863
[ 226.414][d][vo/gpu-next/libplacebo] Allocating 23592960 memory of type 0x1 (id 1) in heap 0: src/renderer.c:3863
[ 226.414][d][vo/gpu-next/libplacebo] Memory types supported by device:
[ 226.414][d][vo/gpu-next/libplacebo]     0: flags 0x0 heap 1
[ 226.414][d][vo/gpu-next/libplacebo]     1: flags 0x1 heap 0
[ 226.414][d][vo/gpu-next/libplacebo]     2: flags 0x6 heap 1
[ 226.414][d][vo/gpu-next/libplacebo]     3: flags 0xe heap 1
[ 226.414][d][vo/gpu-next/libplacebo]     4: flags 0x7 heap 0
[ 226.414][d][vo/gpu-next/libplacebo] Spent 0.140 ms allocating slab
[ 226.430][d][vo/gpu-next/libplacebo] Allocating 749568 memory of type 0x7 (id 4) in heap 0: ../src/gpu/utils.c:576
[ 226.431][d][vo/gpu-next/libplacebo] Memory types supported by device:
[ 226.431][d][vo/gpu-next/libplacebo]     0: flags 0x0 heap 1
[ 226.431][d][vo/gpu-next/libplacebo]     1: flags 0x1 heap 0
[ 226.431][d][vo/gpu-next/libplacebo]     2: flags 0x6 heap 1
[ 226.431][d][vo/gpu-next/libplacebo]     3: flags 0xe heap 1
[ 226.431][d][vo/gpu-next/libplacebo]     4: flags 0x7 heap 0
[ 226.431][d][vo/gpu-next/libplacebo] Spent 0.432 ms allocating slab
[ 226.464][d][vo/gpu-next/libplacebo] (Re)creating 2560x1920x0 texture with format r8: ../src/utils/upload.c:239
[ 226.465][d][vo/gpu-next/libplacebo] (Re)creating 1280x960x0 texture with format rg8: ../src/utils/upload.c:239
[ 226.598][v][vo/gpu-next/libplacebo] Estimated source FPS: 25.000, display FPS: 25.000
[ 226.698][d][vo/gpu-next/libplacebo] Garbage collected slab of size  732K from pool 1
[ 226.698][d][vo/gpu-next/libplacebo] Freeing slab of size  732K
[ 227.634][d][vo/gpu-next/libplacebo] Garbage collected slab of size  366K from pool 1
[ 227.634][d][vo/gpu-next/libplacebo] Freeing slab of size  366K
[ 232.033][v][cplayer] Change display sync audio drift: 0
[ 232.033][v][cplayer] Compensation factor: 1.000248
[ 236.400][d][cplayer] Run command: list, flags=0, args=[]
[ 236.401][d][cplayer] Run command: cycle, flags=73, args=[name="pause", value="1.000000"]
[ 236.401][v][cplayer] Set property: pause -> 1
[ 236.401][d][cplayer] Run command: script-message-to, flags=73, args=[target="uosc", args="flash-pause-indicator"]
[ 236.402][d][ao/pipewire] Stream state changed: old_state=streaming state=paused error=(null)
[ 236.416][d][vo/gpu-next/libplacebo] Allocating 663552 memory of type 0x7 (id 4) in heap 0: ../src/gpu/utils.c:576
[ 236.416][d][vo/gpu-next/libplacebo] Memory types supported by device:
[ 236.416][d][vo/gpu-next/libplacebo]     0: flags 0x0 heap 1
[ 236.416][d][vo/gpu-next/libplacebo]     1: flags 0x1 heap 0
[ 236.416][d][vo/gpu-next/libplacebo]     2: flags 0x6 heap 1
[ 236.416][d][vo/gpu-next/libplacebo]     3: flags 0xe heap 1
[ 236.416][d][vo/gpu-next/libplacebo]     4: flags 0x7 heap 0
[ 236.416][d][vo/gpu-next/libplacebo] Spent 0.681 ms allocating slab
[ 236.431][d][vo/gpu-next/libplacebo] Allocating 795648 memory of type 0x7 (id 4) in heap 0: ../src/gpu/utils.c:576
[ 236.431][d][vo/gpu-next/libplacebo] Memory types supported by device:
[ 236.431][d][vo/gpu-next/libplacebo]     0: flags 0x0 heap 1
[ 236.431][d][vo/gpu-next/libplacebo]     1: flags 0x1 heap 0
[ 236.431][d][vo/gpu-next/libplacebo]     2: flags 0x6 heap 1
[ 236.431][d][vo/gpu-next/libplacebo]     3: flags 0xe heap 1
[ 236.431][d][vo/gpu-next/libplacebo]     4: flags 0x7 heap 0
[ 236.431][d][vo/gpu-next/libplacebo] Spent 0.611 ms allocating slab
[ 236.432][v][vo/gpu-next/wayland] Disabling the idle inhibitor
[ 236.447][d][vo/gpu-next/libplacebo] Allocating 860160 memory of type 0x7 (id 4) in heap 0: ../src/gpu/utils.c:576
[ 236.448][d][vo/gpu-next/libplacebo] Memory types supported by device:
[ 236.448][d][vo/gpu-next/libplacebo]     0: flags 0x0 heap 1
[ 236.448][d][vo/gpu-next/libplacebo]     1: flags 0x1 heap 0
[ 236.448][d][vo/gpu-next/libplacebo]     2: flags 0x6 heap 1
[ 236.448][d][vo/gpu-next/libplacebo]     3: flags 0xe heap 1
[ 236.448][d][vo/gpu-next/libplacebo]     4: flags 0x7 heap 0
[ 236.448][d][vo/gpu-next/libplacebo] Spent 0.556 ms allocating slab
[ 236.464][d][vo/gpu-next/libplacebo] Allocating 927744 memory of type 0x7 (id 4) in heap 0: ../src/gpu/utils.c:576
[ 236.465][d][vo/gpu-next/libplacebo] Memory types supported by device:
[ 236.465][d][vo/gpu-next/libplacebo]     0: flags 0x0 heap 1
[ 236.465][d][vo/gpu-next/libplacebo]     1: flags 0x1 heap 0
[ 236.465][d][vo/gpu-next/libplacebo]     2: flags 0x6 heap 1
[ 236.465][d][vo/gpu-next/libplacebo]     3: flags 0xe heap 1
[ 236.465][d][vo/gpu-next/libplacebo]     4: flags 0x7 heap 0
[ 236.465][d][vo/gpu-next/libplacebo] Spent 0.591 ms allocating slab
[ 236.497][d][vo/gpu-next/libplacebo] Allocating 992256 memory of type 0x7 (id 4) in heap 0: ../src/gpu/utils.c:576
[ 236.498][d][vo/gpu-next/libplacebo] Memory types supported by device:
[ 236.498][d][vo/gpu-next/libplacebo]     0: flags 0x0 heap 1
[ 236.498][d][vo/gpu-next/libplacebo]     1: flags 0x1 heap 0
[ 236.498][d][vo/gpu-next/libplacebo]     2: flags 0x6 heap 1
[ 236.498][d][vo/gpu-next/libplacebo]     3: flags 0xe heap 1
[ 236.498][d][vo/gpu-next/libplacebo]     4: flags 0x7 heap 0
[ 236.498][d][vo/gpu-next/libplacebo] Spent 0.572 ms allocating slab
[ 236.547][d][vo/gpu-next/libplacebo] Allocating 1056768 memory of type 0x7 (id 4) in heap 0: ../src/gpu/utils.c:576
[ 236.548][d][vo/gpu-next/libplacebo] Memory types supported by device:
[ 236.548][d][vo/gpu-next/libplacebo]     0: flags 0x0 heap 1
[ 236.548][d][vo/gpu-next/libplacebo]     1: flags 0x1 heap 0
[ 236.548][d][vo/gpu-next/libplacebo]     2: flags 0x6 heap 1
[ 236.548][d][vo/gpu-next/libplacebo]     3: flags 0xe heap 1
[ 236.548][d][vo/gpu-next/libplacebo]     4: flags 0x7 heap 0
[ 236.548][d][vo/gpu-next/libplacebo] Spent 0.586 ms allocating slab
[ 236.665][d][vo/gpu-next/libplacebo] Garbage collected slab of size 4800K from pool 1
[ 236.665][d][vo/gpu-next/libplacebo] Freeing slab of size 4800K
[ 236.665][d][vo/gpu-next/libplacebo] Garbage collected slab of size 2400K from pool 1
[ 236.665][d][vo/gpu-next/libplacebo] Freeing slab of size 2400K
[ 236.681][d][vo/gpu-next/libplacebo] Garbage collected slab of size  648K from pool 1
[ 236.681][d][vo/gpu-next/libplacebo] Freeing slab of size  648K
[ 236.698][d][vo/gpu-next/libplacebo] Garbage collected slab of size  777K from pool 1
[ 236.698][d][vo/gpu-next/libplacebo] Freeing slab of size  777K
[ 236.714][d][vo/gpu-next/libplacebo] Garbage collected slab of size  840K from pool 1
[ 236.714][d][vo/gpu-next/libplacebo] Freeing slab of size  840K
[ 236.924][d][cplayer] Run command: list, flags=0, args=[]
[ 236.924][d][cplayer] Run command: cycle, flags=73, args=[name="pause", value="1.000000"]
[ 236.924][v][cplayer] Set property: pause -> 1
[ 236.924][d][cplayer] Run command: script-message-to, flags=73, args=[target="uosc", args="flash-pause-indicator"]
[ 236.924][v][vo/gpu-next/wayland] Enabling idle inhibitor
[ 236.924][v][cplayer] Change display sync audio drift: -1
[ 236.924][d][vo/gpu-next/libplacebo] Allocating 4915200 memory of type 0x7 (id 4) in heap 0: ../src/gpu/utils.c:576
[ 236.925][d][ao/pipewire] Stream state changed: old_state=paused state=streaming error=(null)
[ 236.936][d][vo/gpu-next/libplacebo] Memory types supported by device:
[ 236.936][d][vo/gpu-next/libplacebo]     0: flags 0x0 heap 1
[ 236.936][d][vo/gpu-next/libplacebo]     1: flags 0x1 heap 0
[ 236.936][d][vo/gpu-next/libplacebo]     2: flags 0x6 heap 1
[ 236.936][d][vo/gpu-next/libplacebo]     3: flags 0xe heap 1
[ 236.936][d][vo/gpu-next/libplacebo]     4: flags 0x7 heap 0
[ 236.936][v][vo/gpu-next/libplacebo] Spent 11.446 ms allocating slab
[ 236.939][d][vo/gpu-next/libplacebo] Allocating 2457600 memory of type 0x7 (id 4) in heap 0: ../src/gpu/utils.c:576
[ 236.939][d][vo/gpu-next/libplacebo] Memory types supported by device:
[ 236.939][d][vo/gpu-next/libplacebo]     0: flags 0x0 heap 1
[ 236.939][d][vo/gpu-next/libplacebo]     1: flags 0x1 heap 0
[ 236.939][d][vo/gpu-next/libplacebo]     2: flags 0x6 heap 1
[ 236.939][d][vo/gpu-next/libplacebo]     3: flags 0xe heap 1
[ 236.939][d][vo/gpu-next/libplacebo]     4: flags 0x7 heap 0
[ 236.939][d][vo/gpu-next/libplacebo] Spent 0.573 ms allocating slab
[ 236.942][d][vo/gpu-next/libplacebo] Allocating 731136 memory of type 0x7 (id 4) in heap 0: ../src/gpu/utils.c:576
[ 236.943][d][vo/gpu-next/libplacebo] Memory types supported by device:
[ 236.943][d][vo/gpu-next/libplacebo]     0: flags 0x0 heap 1
[ 236.943][d][vo/gpu-next/libplacebo]     1: flags 0x1 heap 0
[ 236.943][d][vo/gpu-next/libplacebo]     2: flags 0x6 heap 1
[ 236.943][d][vo/gpu-next/libplacebo]     3: flags 0xe heap 1
[ 236.943][d][vo/gpu-next/libplacebo]     4: flags 0x7 heap 0
[ 236.943][d][vo/gpu-next/libplacebo] Spent 0.501 ms allocating slab
[ 236.943][d][vo/gpu-next/libplacebo] Garbage collected slab of size  906K from pool 1
[ 236.943][d][vo/gpu-next/libplacebo] Freeing slab of size  906K
[ 236.956][d][vo/gpu-next/libplacebo] Allocating 795648 memory of type 0x7 (id 4) in heap 0: ../src/gpu/utils.c:576
[ 236.957][d][vo/gpu-next/libplacebo] Memory types supported by device:
[ 236.957][d][vo/gpu-next/libplacebo]     0: flags 0x0 heap 1
[ 236.957][d][vo/gpu-next/libplacebo]     1: flags 0x1 heap 0
[ 236.957][d][vo/gpu-next/libplacebo]     2: flags 0x6 heap 1
[ 236.957][d][vo/gpu-next/libplacebo]     3: flags 0xe heap 1
[ 236.957][d][vo/gpu-next/libplacebo]     4: flags 0x7 heap 0
[ 236.957][d][vo/gpu-next/libplacebo] Spent 1.019 ms allocating slab
[ 236.967][d][vo/gpu-next/libplacebo] Allocating 927744 memory of type 0x7 (id 4) in heap 0: ../src/gpu/utils.c:576
[ 236.967][d][vo/gpu-next/libplacebo] Memory types supported by device:
[ 236.967][d][vo/gpu-next/libplacebo]     0: flags 0x0 heap 1
[ 236.967][d][vo/gpu-next/libplacebo]     1: flags 0x1 heap 0
[ 236.967][d][vo/gpu-next/libplacebo]     2: flags 0x6 heap 1
[ 236.967][d][vo/gpu-next/libplacebo]     3: flags 0xe heap 1
[ 236.967][d][vo/gpu-next/libplacebo]     4: flags 0x7 heap 0
[ 236.967][d][vo/gpu-next/libplacebo] Spent 0.755 ms allocating slab
[ 236.985][d][vo/gpu-next/libplacebo] Garbage collected slab of size  969K from pool 1
[ 236.985][d][vo/gpu-next/libplacebo] Freeing slab of size  969K
[ 236.997][d][vo/gpu-next/libplacebo] Allocating 992256 memory of type 0x7 (id 4) in heap 0: ../src/gpu/utils.c:576
[ 236.998][d][vo/gpu-next/libplacebo] Memory types supported by device:
[ 236.998][d][vo/gpu-next/libplacebo]     0: flags 0x0 heap 1
[ 236.998][d][vo/gpu-next/libplacebo]     1: flags 0x1 heap 0
[ 236.998][d][vo/gpu-next/libplacebo]     2: flags 0x6 heap 1
[ 236.998][d][vo/gpu-next/libplacebo]     3: flags 0xe heap 1
[ 236.998][d][vo/gpu-next/libplacebo]     4: flags 0x7 heap 0
[ 236.998][d][vo/gpu-next/libplacebo] Spent 0.811 ms allocating slab
[ 237.064][d][vo/gpu-next/libplacebo] Allocating 1124352 memory of type 0x7 (id 4) in heap 0: ../src/gpu/utils.c:576
[ 237.065][d][vo/gpu-next/libplacebo] Memory types supported by device:
[ 237.065][d][vo/gpu-next/libplacebo]     0: flags 0x0 heap 1
[ 237.065][d][vo/gpu-next/libplacebo]     1: flags 0x1 heap 0
[ 237.065][d][vo/gpu-next/libplacebo]     2: flags 0x6 heap 1
[ 237.065][d][vo/gpu-next/libplacebo]     3: flags 0xe heap 1
[ 237.065][d][vo/gpu-next/libplacebo]     4: flags 0x7 heap 0
[ 237.065][d][vo/gpu-next/libplacebo] Spent 0.678 ms allocating slab
[ 237.131][d][vo/gpu-next/libplacebo] Allocating 2248704 memory of type 0x7 (id 4) in heap 0: ../src/gpu/utils.c:576
[ 237.134][d][vo/gpu-next/libplacebo] Memory types supported by device:
[ 237.134][d][vo/gpu-next/libplacebo]     0: flags 0x0 heap 1
[ 237.134][d][vo/gpu-next/libplacebo]     1: flags 0x1 heap 0
[ 237.134][d][vo/gpu-next/libplacebo]     2: flags 0x6 heap 1
[ 237.134][d][vo/gpu-next/libplacebo]     3: flags 0xe heap 1
[ 237.134][d][vo/gpu-next/libplacebo]     4: flags 0x7 heap 0
[ 237.134][d][vo/gpu-next/libplacebo] Spent 3.832 ms allocating slab
[ 237.214][d][vo/gpu-next/libplacebo] Garbage collected slab of size  714K from pool 1
[ 237.215][d][vo/gpu-next/libplacebo] Freeing slab of size  714K
[ 237.232][d][vo/gpu-next/libplacebo] Garbage collected slab of size  777K from pool 1
[ 237.232][d][vo/gpu-next/libplacebo] Freeing slab of size  777K
[ 237.247][d][vo/gpu-next/libplacebo] Garbage collected slab of size  906K from pool 1
[ 237.247][d][vo/gpu-next/libplacebo] Freeing slab of size  906K
[ 237.265][d][vo/gpu-next/libplacebo] Garbage collected slab of size  969K from pool 1
[ 237.266][d][vo/gpu-next/libplacebo] Freeing slab of size  969K
[ 237.315][d][vo/gpu-next/libplacebo] Garbage collected slab of size 1032K from pool 1
[ 237.315][d][vo/gpu-next/libplacebo] Freeing slab of size 1032K
[ 237.432][d][vo/gpu-next/libplacebo] Garbage collected slab of size 2196K from pool 1
[ 237.432][d][vo/gpu-next/libplacebo] Freeing slab of size 2196K
[ 237.481][d][vo/gpu-next/libplacebo] Garbage collected slab of size 1098K from pool 1
[ 237.481][d][vo/gpu-next/libplacebo] Freeing slab of size 1098K
[ 241.033][v][cplayer] Change display sync audio drift: 0
[ 241.033][v][cplayer] Compensation factor: 0.999915
[ 350.198][v][cplayer] Change display sync audio drift: -1
[ 351.100][d][lavf] stream 1: resize index to 512
[ 357.118][v][cplayer] Change display sync audio drift: 0
[ 357.118][v][cplayer] Compensation factor: 0.999999
[ 555.938][d][lavf] stream 0: resize index to 256
[ 607.756][d][lavf] stream 1: resize index to 1024
[ 988.005][d][lavf] stream 0: resize index to 512
[1121.121][d][lavf] stream 1: resize index to 2048
[1163.878][v][cplayer] Change display sync audio drift: -1
[1171.030][v][cplayer] Change display sync audio drift: 0
[1171.030][v][cplayer] Compensation factor: 1.000027
[1302.113][d][cplayer] Run command: seek, flags=73, args=[target="30.000000", flags="relative", legacy="unused"]
[1302.113][v][lavf] queuing seek to 1205.480000
[1302.113][v][lavf] cached range 0: 0.000000 <-> 1205.880000 (bof=1, eof=0)
[1302.113][v][lavf] ...using this range for in-cache seek.
[1302.113][v][lavf] seeking stream 0 (video) to packet 1198.120000/1198.040000
[1302.113][v][lavf] seeking stream 1 (audio) to packet 1205.461333/1205.461333
[1302.114][v][cplayer] hr-seek, skipping to 1205.480000
[1302.114][d][ao/pipewire] Stream state changed: old_state=streaming state=paused error=(null)
[1302.115][d][ffmpeg/video] h264: Reinit context to 2560x1920, pix_fmt: cuda
[1302.124][v][vd] Decoder format: 2560x1920 nv12 auto/auto/auto/auto/auto CL=mpeg2/4/h264 crop=2560x1920+0+0 A=none
[1302.125][v][vd] Using container aspect ratio.
[1302.128][d][vo/gpu-next/libplacebo] Allocating 374784 memory of type 0x7 (id 4) in heap 0: ../src/gpu/utils.c:576
[1302.129][d][vo/gpu-next/libplacebo] Memory types supported by device:
[1302.129][d][vo/gpu-next/libplacebo]     0: flags 0x0 heap 1
[1302.129][d][vo/gpu-next/libplacebo]     1: flags 0x1 heap 0
[1302.129][d][vo/gpu-next/libplacebo]     2: flags 0x6 heap 1
[1302.129][d][vo/gpu-next/libplacebo]     3: flags 0xe heap 1
[1302.129][d][vo/gpu-next/libplacebo]     4: flags 0x7 heap 0
[1302.129][d][vo/gpu-next/libplacebo] Spent 0.928 ms allocating slab
[1302.130][v][vo/gpu-next/wayland] Disabling the idle inhibitor
[1302.142][v][lavf] EOF reached.
[1302.216][d][vo/gpu-next/libplacebo] First frame received with non-zero PTS 1175.440000
[1302.217][d][vo/gpu-next/libplacebo] Freeing slab of size   22M
[1302.492][d][vo/gpu-next/libplacebo] Discontinuous source PTS jump 1175.480000 -> 1205.480000
[1302.492][d][vo/gpu-next/libplacebo] (Re)creating 2560x1920x0 texture with format r8: ../src/utils/upload.c:239
[1302.493][d][vo/gpu-next/libplacebo] (Re)creating 1280x960x0 texture with format rg8: ../src/utils/upload.c:239
[1302.494][d][vo/gpu-next/libplacebo] (Re)creating 1920x1440x0 texture with format rgba16hf: src/renderer.c:3863
[1302.494][d][vo/gpu-next/libplacebo] Allocating 23592960 memory of type 0x1 (id 1) in heap 0: src/renderer.c:3863
[1302.494][d][vo/gpu-next/libplacebo] Memory types supported by device:
[1302.494][d][vo/gpu-next/libplacebo]     0: flags 0x0 heap 1
[1302.494][d][vo/gpu-next/libplacebo]     1: flags 0x1 heap 0
[1302.494][d][vo/gpu-next/libplacebo]     2: flags 0x6 heap 1
[1302.495][d][vo/gpu-next/libplacebo]     3: flags 0xe heap 1
[1302.495][d][vo/gpu-next/libplacebo]     4: flags 0x7 heap 0
[1302.495][d][vo/gpu-next/libplacebo] Spent 0.563 ms allocating slab
[1302.497][v][cplayer] first video frame after restart shown
[1302.498][v][cplayer] audio ready
[1302.498][d][cplayer] starting video playback
[1302.499][v][cplayer] starting audio playback
[1302.499][v][cplayer] playback restart complete @ 1205.480000, audio=playing, video=playing
[1302.499][v][vo/gpu-next/wayland] Enabling idle inhibitor
[1302.500][d][ao/pipewire] Stream state changed: old_state=paused state=streaming error=(null)
[1302.502][v][cplayer] Change display sync audio drift: -1
[1302.502][v][vo/gpu-next/libplacebo] Detected fps ratio 0.0000 below threshold 0.0100, disabling interpolation
[1302.502][d][vo/gpu-next/libplacebo] (Re)creating 2560x1920x0 texture with format r8: ../src/utils/upload.c:239
[1302.503][d][vo/gpu-next/libplacebo] (Re)creating 1280x960x0 texture with format rg8: ../src/utils/upload.c:239
[1302.686][v][vo/gpu-next/libplacebo] Estimated source FPS: 25.000, display FPS: 25.000
[1302.702][d][cplayer] Run command: seek, flags=73, args=[target="30.000000", flags="relative", legacy="unused"]
[1302.702][v][lavf] queuing seek to 1235.680000
[1302.702][v][lavf] cached range 0: 0.000000 <-> 1229.056000 (bof=1, eof=1)
[1302.702][v][lavf] ...using this range for in-cache seek.
[1302.702][v][lavf] seeking stream 0 (video) to packet 1228.240000/1228.160000
[1302.702][v][lavf] seeking stream 1 (audio) to packet 1229.056000/1229.056000
[1302.703][v][cplayer] hr-seek, skipping to 1235.680000
[1302.703][v][lavf] EOF reached.
[1302.703][d][ffmpeg/video] h264: Reinit context to 2560x1920, pix_fmt: cuda
[1302.703][d][ao/pipewire] Stream state changed: old_state=streaming state=paused error=(null)
[1302.714][v][vd] Decoder format: 2560x1920 nv12 auto/auto/auto/auto/auto CL=mpeg2/4/h264 crop=2560x1920+0+0 A=none
[1302.715][v][vd] Using container aspect ratio.
[1302.724][v][vo/gpu-next/wayland] Disabling the idle inhibitor
[1302.746][v][vf] filter input EOF
[1302.746][v][vf] filter output EOF
[1302.747][d][vo/gpu-next/libplacebo] First frame received with non-zero PTS 1228.880000
[1302.747][d][vo/gpu-next/libplacebo] Freeing slab of size   22M
[1302.750][d][vo/gpu-next] Render queue underrun.
[1302.751][d][vo/gpu-next] Render queue underrun.
[1302.752][v][cplayer] first video frame after restart shown
[1302.752][v][af] filter input EOF
[1302.752][v][af] filter output EOF
[1302.752][v][cplayer] audio filter EOF
[1302.752][d][cplayer] video EOF (status=4)
[1302.752][v][cplayer] audio ready (and EOF)
[1302.752][d][cplayer] video EOF (status=4)
[1302.752][v][cplayer] starting audio playback
[1302.752][v][cplayer] audio draining
[1302.753][v][cplayer] playback restart complete @ -9223372036854775808.000000, audio=draining, video=eof
[1302.753][v][vo/gpu-next/wayland] Enabling idle inhibitor
[1302.753][v][cplayer] audio EOF reached
[1302.753][d][cplayer] video EOF (status=4)
[1302.753][v][cplayer] EOF code: 1  
[1302.753][d][ad] Uninit decoder.
[1302.753][v][vo/gpu-next/wayland] Disabling the idle inhibitor
[1302.753][d][vd] Uninit decoder.
[1302.754][d][ao/pipewire] Stream state changed: old_state=paused state=streaming error=(null)
[1302.863][d][cplayer] Terminating demuxers...
[1302.904][d][cplayer] Done terminating demuxers.
[1302.904][v][cplayer] finished playback, success (reason 0)
[1302.904][v][cplayer] Running hook: ytdl_hook/on_after_end_file
[1302.905][d][cplayer] Run command: del, flags=64, args=[name="user-data/mpv/ytdl/json-subprocess-result"]
[1302.905][d][global] config path: 'cache/watch_later' -> '/home/beiming/.config/mpv/cache/watch_later'
[1302.905][d][global] user path: '~~/cache/watch_later' -> '/home/beiming/.config/mpv/cache/watch_later'
[1302.905][i][cplayer] Playing: /home/beiming/Videos/成龙历险记1-5季 4K修复版/[BASIGN]23.迷失的城市.mp4
[1302.905][v][cplayer] Running hook: ytdl_hook/on_load
[1302.905][d][vo/gpu-next/libplacebo] First frame received with non-zero PTS 1228.880000
[1302.905][d][vo/gpu-next/libplacebo] Allocating 270336 memory of type 0x7 (id 4) in heap 0: ../src/gpu/utils.c:576
[1302.906][d][vo/gpu-next/libplacebo] Memory types supported by device:
[1302.906][d][vo/gpu-next/libplacebo]     0: flags 0x0 heap 1
[1302.906][d][vo/gpu-next/libplacebo]     1: flags 0x1 heap 0
[1302.906][d][vo/gpu-next/libplacebo]     2: flags 0x6 heap 1
[1302.906][d][vo/gpu-next/libplacebo]     3: flags 0xe heap 1
[1302.906][d][vo/gpu-next/libplacebo]     4: flags 0x7 heap 0
[1302.906][d][vo/gpu-next/libplacebo] Spent 0.232 ms allocating slab
[1302.906][d][vo/gpu-next/libplacebo] Freeing slab of size   22M
[1302.906][d][vo/gpu-next/libplacebo] (Re)creating 2560x1920x0 texture with format r8: ../src/utils/upload.c:239
[1302.906][d][vo/gpu-next/libplacebo] (Re)creating 1280x960x0 texture with format rg8: ../src/utils/upload.c:239
[1302.906][d][vo/gpu-next] Render queue underrun.
[1302.906][d][vo/gpu-next/libplacebo] (Re)creating 1920x1440x0 texture with format rgba16hf: src/renderer.c:3863
[1302.906][d][vo/gpu-next/libplacebo] Allocating 23592960 memory of type 0x1 (id 1) in heap 0: src/renderer.c:3863
[1302.906][d][vo/gpu-next/libplacebo] Memory types supported by device:
[1302.906][d][vo/gpu-next/libplacebo]     0: flags 0x0 heap 1
[1302.906][d][vo/gpu-next/libplacebo]     1: flags 0x1 heap 0
[1302.906][d][vo/gpu-next/libplacebo]     2: flags 0x6 heap 1
[1302.906][d][vo/gpu-next/libplacebo]     3: flags 0xe heap 1
[1302.906][d][vo/gpu-next/libplacebo]     4: flags 0x7 heap 0
[1302.906][d][vo/gpu-next/libplacebo] Spent 0.101 ms allocating slab
[1302.908][v][cplayer] Running hook: ytdl_hook/on_load
[1302.908][v][ytdl_hook] playlist hook
[1302.908][v][ifo_dvdnav] Opening /home/beiming/Videos/成龙历险记1-5季 4K修复版/[BASIGN]23.迷失的城市.mp4
[1302.908][v][bdmv/bluray] Opening /home/beiming/Videos/成龙历险记1-5季 4K修复版/[BASIGN]23.迷失的城市.mp4
[1302.908][v][file] Opening /home/beiming/Videos/成龙历险记1-5季 4K修复版/[BASIGN]23.迷失的城市.mp4
[1302.908][d][file] resize stream to 131072 bytes, drop 0 bytes
[1302.908][d][file] Stream opened successfully.
[1302.908][v][demux] Trying demuxers for level=normal.
[1302.908][d][demux] Trying demuxer: directory (force-level: normal)
[1302.909][d][demux] Trying demuxer: disc (force-level: normal)
[1302.909][d][demux] Trying demuxer: edl (force-level: normal)
[1302.909][d][demux] Trying demuxer: cue (force-level: normal)
[1302.909][d][demux] Trying demuxer: rawaudio (force-level: normal)
[1302.909][d][demux] Trying demuxer: rawvideo (force-level: normal)
[1302.909][d][demux] Trying demuxer: mkv (force-level: normal)
[1302.909][d][demux] Trying demuxer: libarchive (force-level: normal)
[1302.909][d][demux] Trying demuxer: lavf (force-level: normal)
[1302.912][v][lavf] Found 'mov,mp4,m4a,3gp,3g2,mj2' at score=100 size=2048.
[1302.912][v][file] stream level seek from 131072 to 1327430917
[1302.924][v][demux] Detected file format: mov,mp4,m4a,3gp,3g2,mj2 (libavformat)
[1302.924][d][global] config path: 'cache/stream_cache' -> '/home/beiming/.config/mpv/cache/stream_cache'
[1302.924][d][global] user path: '~~/cache/stream_cache' -> '/home/beiming/.config/mpv/cache/stream_cache'
[1302.924][v][cplayer] Opening done: /home/beiming/Videos/成龙历险记1-5季 4K修复版/[BASIGN]23.迷失的城市.mp4
[1302.924][v][find_files] Loading external files in /home/beiming/Videos/成龙历险记1-5季 4K修复版/
[1302.924][d][global] config path: 'sub' -/-> '/home/beiming/.config/mpv/sub'
[1302.924][d][global] config path: 'sub' -/-> '/home/beiming/.mpv/sub'
[1302.924][d][global] config path: 'sub' -/-> '/etc/mpv/sub'
[1302.924][v][cplayer] Running hook: ytdl_hook/on_preloaded
[1302.924][v][lavf] select track 0
[1302.924][v][lavf] select track 1
[1302.924][i][cplayer]  ● Video  --vid=1  (h264 2624x1920 25 fps) [default]
[1302.924][i][cplayer]  ● Audio  --aid=1  (aac 2ch 48000 Hz 192 kbps) [default]
[1302.925][v][vd] Container reported FPS: 25.000000
[1302.925][v][vd] Codec list:
[1302.925][v][vd]     h264 - H.264 / AVC / MPEG-4 AVC / MPEG-4 part 10
[1302.925][v][vd]     h264_v4l2m2m (h264) - V4L2 mem2mem H.264 decoder wrapper
[1302.925][v][vd]     h264_qsv (h264) - H264 video (Intel Quick Sync Video acceleration)
[1302.925][v][vd]     h264_amf (h264) - H264 AMD AMF video decoder
[1302.925][v][vd]     h264_cuvid (h264) - Nvidia CUVID H264 decoder
[1302.925][v][vd] Opening decoder h264
[1302.925][v][vd] Looking at hwdec h264-vulkan...
[1302.925][v][vd] Not using this for auto-copy.
[1302.925][v][vd] Looking at hwdec h264-nvdec...
[1302.925][v][vd] Not using this for auto-copy.
[1302.925][v][vd] Looking at hwdec h264-vaapi...
[1302.925][v][vd] Not using this for auto-copy.
[1302.925][v][vd] Looking at hwdec h264-vulkan-copy...
[1302.926][d][ffmpeg] Vulkan: Supported layers:
[1302.926][d][ffmpeg] Vulkan: 	VK_LAYER_VALVE_steam_overlay_32
[1302.926][d][ffmpeg] Vulkan: 	VK_LAYER_VALVE_steam_overlay_64
[1302.926][d][ffmpeg] Vulkan: 	VK_LAYER_VALVE_steam_fossilize_32
[1302.926][d][ffmpeg] Vulkan: 	VK_LAYER_VALVE_steam_fossilize_64
[1302.926][d][ffmpeg] Vulkan: 	VK_LAYER_MESA_anti_lag
[1302.926][d][ffmpeg] Vulkan: 	VK_LAYER_MESA_device_select
[1302.926][d][ffmpeg] Vulkan: 	VK_LAYER_MANGOHUD_overlay_x86_64
[1302.926][d][ffmpeg] Vulkan: 	VK_LAYER_NV_optimus
[1302.926][d][ffmpeg] Vulkan: 	VK_LAYER_NV_present
[1302.936][d][ffmpeg] Vulkan: GPU listing:
[1302.936][d][ffmpeg] Vulkan:     0: Intel(R) Graphics (RPL-S) (integrated) (0xa788)
[1302.936][d][ffmpeg] Vulkan:     1: NVIDIA GeForce RTX 5060 Laptop GPU (discrete) (0x2d19)
[1302.936][d][ffmpeg] Vulkan: Device 0 selected: Intel(R) Graphics (RPL-S) (integrated) (0xa788)
[1302.936][d][ffmpeg] Vulkan: Using device extension VK_KHR_push_descriptor
[1302.936][d][ffmpeg] Vulkan: Using device extension VK_EXT_physical_device_drm
[1302.936][d][ffmpeg] Vulkan: Using device extension VK_EXT_shader_atomic_float
[1302.936][d][ffmpeg] Vulkan: Using device extension VK_EXT_shader_object
[1302.936][d][ffmpeg] Vulkan: Using device extension VK_KHR_shader_subgroup_rotate
[1302.936][d][ffmpeg] Vulkan: Using device extension VK_EXT_host_image_copy
[1302.936][d][ffmpeg] Vulkan: Using device extension VK_KHR_workgroup_memory_explicit_layout
[1302.936][d][ffmpeg] Vulkan: Using device extension VK_KHR_shader_relaxed_extended_instruction
[1302.936][d][ffmpeg] Vulkan: Using device extension VK_EXT_shader_replicated_composites
[1302.936][d][ffmpeg] Vulkan: Using device extension VK_KHR_shader_expect_assume
[1302.936][d][ffmpeg] Vulkan: Using device extension VK_KHR_internally_synchronized_queues
[1302.936][d][ffmpeg] Vulkan: Using device extension VK_KHR_external_memory_fd
[1302.936][d][ffmpeg] Vulkan: Using device extension VK_EXT_external_memory_dma_buf
[1302.936][d][ffmpeg] Vulkan: Using device extension VK_EXT_image_drm_format_modifier
[1302.936][d][ffmpeg] Vulkan: Using device extension VK_KHR_external_semaphore_fd
[1302.936][d][ffmpeg] Vulkan: Using device extension VK_EXT_external_memory_host
[1302.936][d][ffmpeg] Vulkan: Queue families:
[1302.936][d][ffmpeg] Vulkan:     0: graphics compute transfer sparse (queues: 1)
[1302.950][d][ffmpeg] Vulkan: Using device: Intel(R) Graphics (RPL-S)
[1302.950][d][ffmpeg] Vulkan: Alignments:
[1302.950][d][ffmpeg] Vulkan:     optimalBufferCopyRowPitchAlignment: 64
[1302.950][d][ffmpeg] Vulkan:     minMemoryMapAlignment:              4096
[1302.950][d][ffmpeg] Vulkan:     nonCoherentAtomSize:                64
[1302.950][d][ffmpeg] Vulkan:     minImportedHostPointerAlignment:    4096
[1302.950][v][vd] Trying hardware decoding via h264-vulkan-copy.
[1302.950][v][vd] Requesting 4 threads for decoding.
[1302.951][v][vd] Selected decoder: h264 - H.264 / AVC / MPEG-4 AVC / MPEG-4 part 10
[1302.951][v][vf] User filter list:
[1302.951][v][vf]   (empty)
[1302.952][v][ad] Codec list:
[1302.952][v][ad]     aac - AAC (Advanced Audio Coding)
[1302.952][v][ad]     aac_fixed (aac) - AAC (Advanced Audio Coding)
[1302.952][v][ad] Opening decoder aac
[1302.952][v][ad] Requesting 1 threads for decoding.
[1302.953][v][ad] Selected decoder: aac - AAC (Advanced Audio Coding)
[1302.953][v][af] User filter list:
[1302.953][v][af]   (empty)
[1302.953][v][cplayer] Starting playback...
[1302.953][v][file] stream level seek from 1328345953 to 48
[1302.953][d][vo/gpu-next/libplacebo] First frame received with non-zero PTS 1228.880000
[1302.954][d][vo/gpu-next/libplacebo] Allocating 540672 memory of type 0x7 (id 4) in heap 0: ../src/gpu/utils.c:576
[1302.954][d][lavf] stream 1: resize index to 128
[1302.955][d][vo/gpu-next/libplacebo] Memory types supported by device:
[1302.955][d][vo/gpu-next/libplacebo]     0: flags 0x0 heap 1
[1302.955][d][vo/gpu-next/libplacebo]     1: flags 0x1 heap 0
[1302.955][d][vo/gpu-next/libplacebo]     2: flags 0x6 heap 1
[1302.955][d][vo/gpu-next/libplacebo]     3: flags 0xe heap 1
[1302.955][d][vo/gpu-next/libplacebo]     4: flags 0x7 heap 0
[1302.955][d][vo/gpu-next/libplacebo] Spent 0.853 ms allocating slab
[1302.955][d][vo/gpu-next/libplacebo] Freeing slab of size   22M
[1302.955][d][vo/gpu-next/libplacebo] (Re)creating 2560x1920x0 texture with format r8: ../src/utils/upload.c:239
[1302.957][d][vo/gpu-next/libplacebo] (Re)creating 1280x960x0 texture with format rg8: ../src/utils/upload.c:239
[1302.958][d][vo/gpu-next] Render queue underrun.
[1302.958][d][vo/gpu-next/libplacebo] (Re)creating 1920x1440x0 texture with format rgba16hf: src/renderer.c:3863
[1302.958][d][vo/gpu-next/libplacebo] Allocating 23592960 memory of type 0x1 (id 1) in heap 0: src/renderer.c:3863
[1302.958][d][vo/gpu-next/libplacebo] Memory types supported by device:
[1302.958][d][vo/gpu-next/libplacebo]     0: flags 0x0 heap 1
[1302.958][d][vo/gpu-next/libplacebo]     1: flags 0x1 heap 0
[1302.958][d][vo/gpu-next/libplacebo]     2: flags 0x6 heap 1
[1302.958][d][vo/gpu-next/libplacebo]     3: flags 0xe heap 1
[1302.958][d][vo/gpu-next/libplacebo]     4: flags 0x7 heap 0
[1302.958][d][vo/gpu-next/libplacebo] Spent 0.625 ms allocating slab
[1302.962][d][cplayer] Run command: overlay-remove, flags=64, args=[id="42"]
[1302.962][d][cplayer] Run command: script-message, flags=64, args=[args="thumbfast-info", args="{\"width\":320,\"available\":true,\"thumbnail\":\"/tmp/thumbfast.out5290\",\"height\":240,\"overlay_id\":42,\"scale_factor\":1,\"disabled\":false,\"socket\":\"/tmp/thumbfast5290\"}"]
[1302.962][v][af] [in] 48000Hz stereo 2ch floatp
[1302.962][v][af] [userspeed] 48000Hz stereo 2ch floatp
[1302.962][v][af] [userspeed] (disabled)
[1302.962][v][af] [convert] 48000Hz stereo 2ch floatp
[1302.962][v][vd] Pixel formats supported by decoder: vdpau vulkan cuda vaapi yuv420p
[1302.962][v][vd] Codec profile: High (0x64)
[1302.962][v][vd] Requesting pixfmt 'vulkan' from decoder.
[1302.962][e][ffmpeg/video] h264: Device does not support the VK_KHR_video_decode_queue extension!
[1302.962][e][ffmpeg/video] h264: Failed setup for format vulkan: hwaccel initialisation returned error.
[1302.962][v][vd] Pixel formats supported by decoder: vdpau cuda vaapi yuv420p yuv420p
[1302.962][v][vd] Codec profile: High (0x64)
[1302.962][v][vd] Requesting pixfmt '-' from decoder.
[1302.962][e][ffmpeg/video] h264: no frame!
[1302.962][v][vd] Pixel formats supported by decoder: vdpau vulkan cuda vaapi yuv420p
[1302.963][v][vd] Codec profile: High (0x64)
[1302.963][v][vd] Requesting pixfmt 'vulkan' from decoder.
[1302.963][e][ffmpeg/video] h264: Device does not support the VK_KHR_video_decode_queue extension!
[1302.963][e][ffmpeg/video] h264: Failed setup for format vulkan: hwaccel initialisation returned error.
[1302.963][v][vd] Pixel formats supported by decoder: vdpau cuda vaapi yuv420p yuv420p
[1302.963][v][vd] Codec profile: High (0x64)
[1302.963][v][vd] Requesting pixfmt '-' from decoder.
[1302.963][e][ffmpeg/video] h264: no frame!
[1302.963][d][lavf] stream 0: resize index to 128
[1302.966][v][vd] Attempting next decoding method after failure of h264-vulkan-copy.
[1302.966][d][vd] Skipping previously attempted hwdec: h264-vulkan
[1302.966][d][vd] Skipping previously attempted hwdec: h264-nvdec
[1302.966][d][vd] Skipping previously attempted hwdec: h264-vaapi
[1302.966][d][vd] Skipping previously attempted hwdec: h264-vulkan-copy
[1302.966][v][vd] Looking at hwdec h264-nvdec-copy...
[1303.062][v][vd] Trying hardware decoding via h264-nvdec-copy.
[1303.062][v][vd] Requesting 4 threads for decoding.
[1303.063][v][vd] Pixel formats supported by decoder: vdpau vulkan cuda vaapi yuv420p
[1303.063][v][vd] Codec profile: High (0x64)
[1303.063][v][vd] Requesting pixfmt 'cuda' from decoder.
[1303.063][d][vo/gpu-next] Render queue underrun.
[1303.083][d][ffmpeg/video] h264: NVDEC capabilities:
[1303.083][d][ffmpeg/video] h264: format supported: yes, max_mb_count: 262144
[1303.083][d][ffmpeg/video] h264: min_width: 48, max_width: 8192
[1303.083][d][ffmpeg/video] h264: min_height: 64, max_height: 8192
[1303.107][d][ffmpeg/video] h264: Reinit context to 2624x1920, pix_fmt: cuda
[1303.118][i][vd] Using hardware decoding (nvdec-copy).
[1303.118][v][vd] Decoder format: 2624x1920 nv12 auto/auto/auto/auto/auto CL=mpeg2/4/h264 crop=2624x1920+0+0 A=none
[1303.118][v][vd] Using container aspect ratio.
[1303.118][v][vf] [in] 2624x1920 nv12 bt.709/bt.709/bt.1886/limited/display CL=mpeg2/4/h264 crop=2624x1920+0+0 A=none
[1303.118][v][vf] [userdeint] 2624x1920 nv12 bt.709/bt.709/bt.1886/limited/display CL=mpeg2/4/h264 crop=2624x1920+0+0 A=none
[1303.118][v][vf] [userdeint] (disabled)
[1303.118][v][vf] [autovflip] 2624x1920 nv12 bt.709/bt.709/bt.1886/limited/display CL=mpeg2/4/h264 crop=2624x1920+0+0 A=none
[1303.118][v][vf] [autovflip] (disabled)
[1303.118][v][vf] [autorotate] 2624x1920 nv12 bt.709/bt.709/bt.1886/limited/display CL=mpeg2/4/h264 crop=2624x1920+0+0 A=none
[1303.118][v][vf] [autorotate] (disabled)
[1303.118][v][vf] [convert] 2624x1920 nv12 bt.709/bt.709/bt.1886/limited/display CL=mpeg2/4/h264 crop=2624x1920+0+0 A=none
[1303.118][v][vf] [convert] (disabled)
[1303.118][v][vf] [out] 2624x1920 nv12 bt.709/bt.709/bt.1886/limited/display CL=mpeg2/4/h264 crop=2624x1920+0+0 A=none
[1303.118][d][cplayer] Run command: script-message, flags=64, args=[args="thumbfast-info", args="{\"width\":320,\"available\":true,\"thumbnail\":\"/tmp/thumbfast.out5290\",\"height\":240,\"overlay_id\":42,\"scale_factor\":1,\"disabled\":false,\"socket\":\"/tmp/thumbfast5290\"}"]
[1303.118][v][af] [convert] (disabled)
[1303.118][v][af] [out] 48000Hz stereo 2ch floatp
[1303.119][d][vo/gpu-next/libplacebo] Allocating 402432 memory of type 0x7 (id 4) in heap 0: ../src/gpu/utils.c:576
[1303.120][d][vo/gpu-next/libplacebo] Memory types supported by device:
[1303.120][d][vo/gpu-next/libplacebo]     0: flags 0x0 heap 1
[1303.120][d][vo/gpu-next/libplacebo]     1: flags 0x1 heap 0
[1303.120][d][vo/gpu-next/libplacebo]     2: flags 0x6 heap 1
[1303.120][d][vo/gpu-next/libplacebo]     3: flags 0xe heap 1
[1303.120][d][vo/gpu-next/libplacebo]     4: flags 0x7 heap 0
[1303.120][d][vo/gpu-next/libplacebo] Spent 0.417 ms allocating slab
[1303.120][d][vo/gpu-next] Render queue underrun.
[1303.121][i][cplayer] VO: [gpu-next] 2624x1920 nv12
[1303.121][v][cplayer] VO: Description: Video output based on libplacebo
[1303.121][v][vo/gpu-next] reconfig to 2624x1920 nv12 bt.709/bt.709/bt.1886/limited/display CL=mpeg2/4/h264 crop=2624x1920+0+0 A=none
[1303.121][v][vo/gpu-next/wayland] Reconfiguring!
[1303.121][d][vo/gpu-next] max content size: 2560x1440
[1303.121][d][vo/gpu-next] monitor size: 2560x1440
[1303.121][v][vo/gpu-next] Window size: 1771x1296 (Borders: l=0 t=0 r=0 b=0)
[1303.121][v][vo/gpu-next] Video source: 2624x1920 (1:1)
[1303.121][v][vo/gpu-next] Video display: (0, 0) 2624x1920 -> (0, 0) 1771x1296
[1303.121][v][vo/gpu-next] Video scale: 0.674924/0.675000
[1303.121][v][vo/gpu-next] OSD borders: l=0 t=0 r=0 b=0
[1303.121][v][vo/gpu-next] Video borders: l=0 t=0 r=0 b=0
[1303.121][v][vo/gpu-next/wayland] Handling resize on the vk side
[1303.121][v][vo/gpu-next] Window size: 2560x1440 (Borders: l=0 t=0 r=0 b=0)
[1303.121][v][vo/gpu-next] Video source: 2624x1920 (1:1)
[1303.121][v][vo/gpu-next] Video display: (0, 0) 2624x1920 -> (296, 0) 1968x1440
[1303.121][v][vo/gpu-next] Video scale: 0.750000/0.750000
[1303.121][v][vo/gpu-next] OSD borders: l=296 t=0 r=296 b=0
[1303.121][v][vo/gpu-next] Video borders: l=296 t=0 r=296 b=0
[1303.121][v][vo/gpu-next] Forcing queue refill, PTS(0.080000 + 0.000000 | 0.016667) < VPTS(1228.880000)
[1303.121][d][vo/gpu-next/libplacebo] First frame received with non-zero PTS 0.080000
[1303.122][d][vo/gpu-next/libplacebo] Freeing slab of size   22M
[1303.122][d][vo/gpu-next/libplacebo] (Re)creating 2624x1920x0 texture with format r8: ../src/utils/upload.c:239
[1303.122][d][vo/gpu-next/libplacebo] Allocating 5038080 memory of type 0x1 (id 1) in heap 0: ../src/utils/upload.c:239
[1303.122][d][vo/gpu-next/libplacebo] Memory types supported by device:
[1303.123][d][vo/gpu-next/libplacebo]     0: flags 0x0 heap 1
[1303.123][d][vo/gpu-next/libplacebo]     1: flags 0x1 heap 0
[1303.123][d][vo/gpu-next/libplacebo]     2: flags 0x6 heap 1
[1303.123][d][vo/gpu-next/libplacebo]     3: flags 0xe heap 1
[1303.123][d][vo/gpu-next/libplacebo]     4: flags 0x7 heap 0
[1303.123][d][vo/gpu-next/libplacebo] Spent 0.361 ms allocating slab
[1303.123][d][vo/gpu-next/libplacebo] Allocating 5038080 memory of type 0x7 (id 4) in heap 0: ../src/gpu/utils.c:576
[1303.123][d][vo/gpu-next/libplacebo] Memory types supported by device:
[1303.123][d][vo/gpu-next/libplacebo]     0: flags 0x0 heap 1
[1303.123][d][vo/gpu-next/libplacebo]     1: flags 0x1 heap 0
[1303.123][d][vo/gpu-next/libplacebo]     2: flags 0x6 heap 1
[1303.123][d][vo/gpu-next/libplacebo]     3: flags 0xe heap 1
[1303.123][d][vo/gpu-next/libplacebo]     4: flags 0x7 heap 0
[1303.123][d][vo/gpu-next/libplacebo] Spent 0.310 ms allocating slab
[1303.125][d][vo/gpu-next/libplacebo] (Re)creating 1312x960x0 texture with format rg8: ../src/utils/upload.c:239
[1303.125][d][vo/gpu-next/libplacebo] Allocating 2686976 memory of type 0x1 (id 1) in heap 0: ../src/utils/upload.c:239
[1303.125][d][vo/gpu-next/libplacebo] Memory types supported by device:
[1303.125][d][vo/gpu-next/libplacebo]     0: flags 0x0 heap 1
[1303.125][d][vo/gpu-next/libplacebo]     1: flags 0x1 heap 0
[1303.125][d][vo/gpu-next/libplacebo]     2: flags 0x6 heap 1
[1303.125][d][vo/gpu-next/libplacebo]     3: flags 0xe heap 1
[1303.125][d][vo/gpu-next/libplacebo]     4: flags 0x7 heap 0
[1303.125][d][vo/gpu-next/libplacebo] Spent 0.362 ms allocating slab
[1303.125][d][vo/gpu-next/libplacebo] Allocating 2519040 memory of type 0x7 (id 4) in heap 0: ../src/gpu/utils.c:576
[1303.125][d][vo/gpu-next/libplacebo] Memory types supported by device:
[1303.125][d][vo/gpu-next/libplacebo]     0: flags 0x0 heap 1
[1303.125][d][vo/gpu-next/libplacebo]     1: flags 0x1 heap 0
[1303.125][d][vo/gpu-next/libplacebo]     2: flags 0x6 heap 1
[1303.125][d][vo/gpu-next/libplacebo]     3: flags 0xe heap 1
[1303.125][d][vo/gpu-next/libplacebo]     4: flags 0x7 heap 0
[1303.125][d][vo/gpu-next/libplacebo] Spent 0.444 ms allocating slab
[1303.126][d][vo/gpu-next/libplacebo] (Re)creating 2624x1920x0 texture with format r8: ../src/utils/upload.c:239
[1303.126][d][vo/gpu-next/libplacebo] Allocating 10076160 memory of type 0x1 (id 1) in heap 0: ../src/utils/upload.c:239
[1303.127][d][vo/gpu-next/libplacebo] Memory types supported by device:
[1303.127][d][vo/gpu-next/libplacebo]     0: flags 0x0 heap 1
[1303.127][d][vo/gpu-next/libplacebo]     1: flags 0x1 heap 0
[1303.127][d][vo/gpu-next/libplacebo]     2: flags 0x6 heap 1
[1303.127][d][vo/gpu-next/libplacebo]     3: flags 0xe heap 1
[1303.127][d][vo/gpu-next/libplacebo]     4: flags 0x7 heap 0
[1303.127][d][vo/gpu-next/libplacebo] Spent 0.376 ms allocating slab
[1303.127][d][vo/gpu-next/libplacebo] Allocating 10076160 memory of type 0x7 (id 4) in heap 0: ../src/gpu/utils.c:576
[1303.127][d][vo/gpu-next/libplacebo] Memory types supported by device:
[1303.127][d][vo/gpu-next/libplacebo]     0: flags 0x0 heap 1
[1303.127][d][vo/gpu-next/libplacebo]     1: flags 0x1 heap 0
[1303.127][d][vo/gpu-next/libplacebo]     2: flags 0x6 heap 1
[1303.127][d][vo/gpu-next/libplacebo]     3: flags 0xe heap 1
[1303.127][d][vo/gpu-next/libplacebo]     4: flags 0x7 heap 0
[1303.127][d][vo/gpu-next/libplacebo] Spent 0.507 ms allocating slab
[1303.130][d][vo/gpu-next/libplacebo] (Re)creating 1312x960x0 texture with format rg8: ../src/utils/upload.c:239
[1303.130][d][vo/gpu-next/libplacebo] Allocating 5373952 memory of type 0x1 (id 1) in heap 0: ../src/utils/upload.c:239
[1303.130][d][vo/gpu-next/libplacebo] Memory types supported by device:
[1303.130][d][vo/gpu-next/libplacebo]     0: flags 0x0 heap 1
[1303.130][d][vo/gpu-next/libplacebo]     1: flags 0x1 heap 0
[1303.130][d][vo/gpu-next/libplacebo]     2: flags 0x6 heap 1
[1303.130][d][vo/gpu-next/libplacebo]     3: flags 0xe heap 1
[1303.130][d][vo/gpu-next/libplacebo]     4: flags 0x7 heap 0
[1303.130][d][vo/gpu-next/libplacebo] Spent 0.662 ms allocating slab
[1303.130][d][vo/gpu-next/libplacebo] Allocating 5038080 memory of type 0x7 (id 4) in heap 0: ../src/gpu/utils.c:576
[1303.131][d][vo/gpu-next/libplacebo] Memory types supported by device:
[1303.131][d][vo/gpu-next/libplacebo]     0: flags 0x0 heap 1
[1303.131][d][vo/gpu-next/libplacebo]     1: flags 0x1 heap 0
[1303.131][d][vo/gpu-next/libplacebo]     2: flags 0x6 heap 1
[1303.131][d][vo/gpu-next/libplacebo]     3: flags 0xe heap 1
[1303.131][d][vo/gpu-next/libplacebo]     4: flags 0x7 heap 0
[1303.131][d][vo/gpu-next/libplacebo] Spent 0.430 ms allocating slab
[1303.132][d][vo/gpu-next/libplacebo] (Re)creating 1968x1440x0 texture with format rgba16hf: src/renderer.c:3863
[1303.132][d][vo/gpu-next/libplacebo] Allocating 24182784 memory of type 0x1 (id 1) in heap 0: src/renderer.c:3863
[1303.132][d][vo/gpu-next/libplacebo] Memory types supported by device:
[1303.132][d][vo/gpu-next/libplacebo]     0: flags 0x0 heap 1
[1303.132][d][vo/gpu-next/libplacebo]     1: flags 0x1 heap 0
[1303.132][d][vo/gpu-next/libplacebo]     2: flags 0x6 heap 1
[1303.132][d][vo/gpu-next/libplacebo]     3: flags 0xe heap 1
[1303.132][d][vo/gpu-next/libplacebo]     4: flags 0x7 heap 0
[1303.132][d][vo/gpu-next/libplacebo] Spent 0.225 ms allocating slab
[1303.132][d][vo/gpu-next/libplacebo] (Re)creating 1312x1920x0 texture with format rg16hf: src/renderer.c:768
[1303.132][d][vo/gpu-next/libplacebo] Freeing slab of size 9600K
[1303.132][d][vo/gpu-next/libplacebo] Allocating 10076160 memory of type 0x1 (id 1) in heap 0: src/renderer.c:768
[1303.132][d][vo/gpu-next/libplacebo] Memory types supported by device:
[1303.132][d][vo/gpu-next/libplacebo]     0: flags 0x0 heap 1
[1303.132][d][vo/gpu-next/libplacebo]     1: flags 0x1 heap 0
[1303.132][d][vo/gpu-next/libplacebo]     2: flags 0x6 heap 1
[1303.132][d][vo/gpu-next/libplacebo]     3: flags 0xe heap 1
[1303.132][d][vo/gpu-next/libplacebo]     4: flags 0x7 heap 0
[1303.132][d][vo/gpu-next/libplacebo] Spent 0.112 ms allocating slab
[1303.132][d][vo/gpu-next/libplacebo] (Re)creating 2624x1920x0 texture with format rgba16hf: src/renderer.c:2058
[1303.133][d][vo/gpu-next/libplacebo] Freeing slab of size   37M
[1303.133][d][vo/gpu-next/libplacebo] Allocating 40304640 memory of type 0x1 (id 1) in heap 0: src/renderer.c:2058
[1303.133][d][vo/gpu-next/libplacebo] Memory types supported by device:
[1303.133][d][vo/gpu-next/libplacebo]     0: flags 0x0 heap 1
[1303.133][d][vo/gpu-next/libplacebo]     1: flags 0x1 heap 0
[1303.133][d][vo/gpu-next/libplacebo]     2: flags 0x6 heap 1
[1303.133][d][vo/gpu-next/libplacebo]     3: flags 0xe heap 1
[1303.133][d][vo/gpu-next/libplacebo]     4: flags 0x7 heap 0
[1303.133][d][vo/gpu-next/libplacebo] Spent 0.217 ms allocating slab
[1303.133][d][vo/gpu-next/libplacebo] (Re)creating 2624x1440x0 texture with format rgba16hf: src/renderer.c:768
[1303.133][d][vo/gpu-next/libplacebo] Freeing slab of size   30M
[1303.133][d][vo/gpu-next/libplacebo] Allocating 32243712 memory of type 0x1 (id 1) in heap 0: src/renderer.c:768
[1303.133][d][vo/gpu-next/libplacebo] Memory types supported by device:
[1303.133][d][vo/gpu-next/libplacebo]     0: flags 0x0 heap 1
[1303.133][d][vo/gpu-next/libplacebo]     1: flags 0x1 heap 0
[1303.133][d][vo/gpu-next/libplacebo]     2: flags 0x6 heap 1
[1303.133][d][vo/gpu-next/libplacebo]     3: flags 0xe heap 1
[1303.133][d][vo/gpu-next/libplacebo]     4: flags 0x7 heap 0
[1303.133][d][vo/gpu-next/libplacebo] Spent 0.194 ms allocating slab
[1303.135][v][cplayer] first video frame after restart shown
[1303.136][d][cplayer] Run command: script-message, flags=64, args=[args="thumbfast-info", args="{\"width\":320,\"available\":true,\"thumbnail\":\"/tmp/thumbfast.out5290\",\"height\":234,\"overlay_id\":42,\"scale_factor\":1,\"disabled\":false,\"socket\":\"/tmp/thumbfast5290\"}"]
[1303.136][v][cplayer] audio ready
[1303.136][d][cplayer] starting video playback
[1303.137][v][cplayer] delaying audio start 0.080000 vs. 0.080000, diff=0.000000
[1303.137][v][cplayer] playback restart complete @ 0.080000, audio=ready, video=playing
[1303.137][v][vo/gpu-next/wayland] Enabling idle inhibitor
[1303.140][v][cplayer] starting audio playback
[1303.140][d][cplayer] Run command: subprocess, flags=64, args=[args="mpv,--no-config,--msg-level=all=no,--idle,--pause,--keep-open=always,--really-quiet,--no-terminal,--load-scripts=no,--osc=no,--ytdl=no,--load-stats-overlay=no,--load-osd-console=no,--load-auto-profiles=no,--edition=auto,--vid=1,--no-sub,--no-audio,--start=0,--hr-seek=no,--ytdl-format=worst,--demuxer-readahead-secs=0,--demuxer-max-bytes=128KiB,--vd-lavc-skiploopfilter=all,--vd-lavc-software-fallback=1,--vd-lavc-fast,--vd-lavc-threads=2,--hwdec=auto,--vf=scale=w=320:h=234:force_original_aspect_ratio=decrease,pad=w=320:h=234:x=-1:y=-1,format=bgra,--sws-scaler=fast-bilinear,--video-rotate=0,--ovc=rawvideo,--of=image2,--ofopts=update=1,--o=/tmp/thumbfast.out5290,--sws-allow-zimg=no,--media-controls=no,--scripts=/tmp/thumbfast5290.run,--,/home/beiming/Videos/成龙历险记1-5季 4K修复版/[BASIGN]23.迷失的城市.mp4", playback_only="yes", capture_size="67108864", capture_stdout="no", capture_stderr="no", detach="no", env="PATH=/usr/local/bin:/usr/bin:/bin:/usr/local/sbin:/opt/cuda/bin:/var/lib/flatpak/exports/bin:/usr/lib/jvm/default/bin:/usr/bin/site_perl:/usr/bin/vendor_perl:/usr/bin/core_perl", stdin_data="", passthrough_stdin="no"]
[1303.140][v][vo/gpu-next/libplacebo] Detected fps ratio 0.0000 below threshold 0.0100, disabling interpolation
[1303.140][d][vo/gpu-next/libplacebo] (Re)creating 1968x1440x0 texture with format rgba16hf: src/renderer.c:3863
[1303.140][d][vo/gpu-next/libplacebo] Allocating 24182784 memory of type 0x1 (id 1) in heap 0: src/renderer.c:3863
[1303.141][d][vo/gpu-next/libplacebo] Memory types supported by device:
[1303.141][d][vo/gpu-next/libplacebo]     0: flags 0x0 heap 1
[1303.141][d][vo/gpu-next/libplacebo]     1: flags 0x1 heap 0
[1303.141][d][vo/gpu-next/libplacebo]     2: flags 0x6 heap 1
[1303.141][d][vo/gpu-next/libplacebo]     3: flags 0xe heap 1
[1303.141][d][vo/gpu-next/libplacebo]     4: flags 0x7 heap 0
[1303.141][d][vo/gpu-next/libplacebo] Spent 0.448 ms allocating slab
[1303.148][v][thumbfast] Starting subprocess: [mpv, --no-config, --msg-level=all=no, --idle, --pause, --keep-open=always, --really-quiet, --no-terminal, --load-scripts=no, --osc=no, --ytdl=no, --load-stats-overlay=no, --load-osd-console=no, --load-auto-profiles=no, --edition=auto, --vid=1, --no-sub, --no-audio, --start=0, --hr-seek=no, --ytdl-format=worst, --demuxer-readahead-secs=0, --demuxer-max-bytes=128KiB, --vd-lavc-skiploopfilter=all, --vd-lavc-software-fallback=1, --vd-lavc-fast, --vd-lavc-threads=2, --hwdec=auto, --vf=scale=w=320:h=234:force_original_aspect_ratio=decrease,pad=w=320:h=234:x=-1:y=-1,format=bgra, --sws-scaler=fast-bilinear, --video-rotate=0, --ovc=rawvideo, --of=image2, --ofopts=update=1, --o=/tmp/thumbfast.out5290, --sws-allow-zimg=no, --media-controls=no, --scripts=/tmp/thumbfast5290.run, --, /home/beiming/Videos/成龙历险记1-5季 4K修复版/[BASIGN]23.迷失的城市.mp4]
[1303.164][v][cplayer] Change display sync audio drift: -1
[1303.169][v][autoconvert] inserting resampler
[1303.169][v][swresample] format change, reinitializing resampler
[1303.169][v][swresample] 48060Hz stereo floatp -> 48000Hz stereo floatp
[1303.170][v][af] [convert] (enabled)
[1303.185][d][vo/gpu-next/libplacebo] (Re)creating 2624x1920x0 texture with format r8: ../src/utils/upload.c:239
[1303.186][d][vo/gpu-next/libplacebo] (Re)creating 1312x960x0 texture with format rg8: ../src/utils/upload.c:239
[1303.220][v][vo/gpu-next/libplacebo] Estimated source FPS: 25.000, display FPS: 25.000
[1303.271][d][vo/gpu-next/libplacebo] Garbage collected slab of size  366K from pool 1
[1303.271][d][vo/gpu-next/libplacebo] Freeing slab of size  366K
[1303.287][d][vo/gpu-next/libplacebo] Garbage collected slab of size 9600K from pool 0
[1303.287][d][vo/gpu-next/libplacebo] Freeing slab of size 9600K
[1303.287][d][vo/gpu-next/libplacebo] Garbage collected slab of size 5120K from pool 0
[1303.287][d][vo/gpu-next/libplacebo] Freeing slab of size 5120K
[1303.302][d][vo/gpu-next/libplacebo] Garbage collected slab of size 4800K from pool 1
[1303.302][d][vo/gpu-next/libplacebo] Freeing slab of size 4800K
[1303.303][d][vo/gpu-next/libplacebo] Garbage collected slab of size 2400K from pool 1
[1303.303][d][vo/gpu-next/libplacebo] Freeing slab of size 2400K
[1303.354][d][vo/gpu-next/libplacebo] Garbage collected slab of size 4800K from pool 0
[1303.354][d][vo/gpu-next/libplacebo] Freeing slab of size 4800K
[1303.355][d][vo/gpu-next/libplacebo] Garbage collected slab of size 2560K from pool 0
[1303.355][d][vo/gpu-next/libplacebo] Freeing slab of size 2560K
[1303.378][d][vo/gpu-next/libplacebo] Garbage collected slab of size 9840K from pool 1
[1303.378][d][vo/gpu-next/libplacebo] Freeing slab of size 9840K
[1303.379][d][vo/gpu-next/libplacebo] Garbage collected slab of size 4920K from pool 1
[1303.379][d][vo/gpu-next/libplacebo] Freeing slab of size 4920K
[1303.417][e][thumbfast] MESA: warning: Support for this platform is experimental with Xe KMD, bug reports may be ignored.
[1303.470][d][vo/gpu-next/libplacebo] Garbage collected slab of size  528K from pool 1
[1303.470][d][vo/gpu-next/libplacebo] Freeing slab of size  528K
[1303.535][d][vo/gpu-next/libplacebo] Allocating 540672 memory of type 0x7 (id 4) in heap 0: ../src/gpu/utils.c:576
[1303.537][d][vo/gpu-next/libplacebo] Memory types supported by device:
[1303.537][d][vo/gpu-next/libplacebo]     0: flags 0x0 heap 1
[1303.537][d][vo/gpu-next/libplacebo]     1: flags 0x1 heap 0
[1303.537][d][vo/gpu-next/libplacebo]     2: flags 0x6 heap 1
[1303.537][d][vo/gpu-next/libplacebo]     3: flags 0xe heap 1
[1303.537][d][vo/gpu-next/libplacebo]     4: flags 0x7 heap 0
[1303.537][d][vo/gpu-next/libplacebo] Spent 1.581 ms allocating slab
[1303.678][d][cplayer] Run command: script-message, flags=64, args=[args="thumbfast-info", args="{\"width\":320,\"available\":true,\"thumbnail\":\"/tmp/thumbfast.out5290\",\"height\":234,\"overlay_id\":42,\"scale_factor\":1,\"disabled\":false,\"socket\":\"/tmp/thumbfast5290\"}"]
[1303.955][d][vo/gpu-next/libplacebo] Garbage collected slab of size  528K from pool 1
[1303.955][d][vo/gpu-next/libplacebo] Freeing slab of size  528K
[1303.990][d][vo/gpu-next/libplacebo] Garbage collected slab of size  264K from pool 1
[1303.990][d][vo/gpu-next/libplacebo] Freeing slab of size  264K
[1304.336][d][vo/gpu-next/libplacebo] Garbage collected slab of size  393K from pool 1
[1304.336][d][vo/gpu-next/libplacebo] Freeing slab of size  393K
[1311.204][v][cplayer] Change display sync audio drift: 0
[1311.204][v][cplayer] Compensation factor: 0.999978
[1399.158][d][lavf] stream 1: resize index to 256
[1399.356][d][cplayer] Run command: seek, flags=73, args=[target="30.000000", flags="relative", legacy="unused"]
[1399.356][v][lavf] queuing seek to 126.320000
[1399.356][v][lavf] cached range 0: 0.000000 <-> 128.400000 (bof=1, eof=0)
[1399.356][v][lavf] ...using this range for in-cache seek.
[1399.356][v][lavf] seeking stream 0 (video) to packet 126.000000/125.920000
[1399.356][v][lavf] seeking stream 1 (audio) to packet 126.314667/126.314667
[1399.357][v][cplayer] hr-seek, skipping to 126.320000
[1399.357][d][ffmpeg/video] h264: Reinit context to 2624x1920, pix_fmt: cuda
[1399.357][d][ao/pipewire] Stream state changed: old_state=streaming state=paused error=(null)
[1399.371][d][vo/gpu-next/libplacebo] Allocating 374784 memory of type 0x7 (id 4) in heap 0: ../src/gpu/utils.c:576
[1399.377][v][vd] Decoder format: 2624x1920 nv12 auto/auto/auto/auto/auto CL=mpeg2/4/h264 crop=2624x1920+0+0 A=none
[1399.377][v][vd] Using container aspect ratio.
[1399.377][d][vo/gpu-next/libplacebo] Memory types supported by device:
[1399.377][d][vo/gpu-next/libplacebo]     0: flags 0x0 heap 1
[1399.377][d][vo/gpu-next/libplacebo]     1: flags 0x1 heap 0
[1399.377][d][vo/gpu-next/libplacebo]     2: flags 0x6 heap 1
[1399.377][d][vo/gpu-next/libplacebo]     3: flags 0xe heap 1
[1399.377][d][vo/gpu-next/libplacebo]     4: flags 0x7 heap 0
[1399.377][d][vo/gpu-next/libplacebo] Spent 6.396 ms allocating slab
[1399.378][v][vo/gpu-next/wayland] Disabling the idle inhibitor
[1399.397][d][vo/gpu-next/libplacebo] First frame received with non-zero PTS 126.320000
[1399.397][d][vo/gpu-next/libplacebo] Freeing slab of size   23M
[1399.399][v][cplayer] first video frame after restart shown
[1399.399][v][cplayer] audio ready
[1399.399][d][cplayer] starting video playback
[1399.399][v][cplayer] starting audio playback
[1399.399][v][cplayer] playback restart complete @ 126.320000, audio=playing, video=playing
[1399.400][d][ao/pipewire] Stream state changed: old_state=paused state=streaming error=(null)
[1399.402][v][cplayer] Change display sync audio drift: -1
[1399.402][d][vo/gpu-next/libplacebo] Allocating 749568 memory of type 0x7 (id 4) in heap 0: ../src/gpu/utils.c:576
[1399.402][d][vo/gpu-next/libplacebo] Memory types supported by device:
[1399.402][d][vo/gpu-next/libplacebo]     0: flags 0x0 heap 1
[1399.402][d][vo/gpu-next/libplacebo]     1: flags 0x1 heap 0
[1399.402][d][vo/gpu-next/libplacebo]     2: flags 0x6 heap 1
[1399.402][d][vo/gpu-next/libplacebo]     3: flags 0xe heap 1
[1399.402][d][vo/gpu-next/libplacebo]     4: flags 0x7 heap 0
[1399.402][d][vo/gpu-next/libplacebo] Spent 0.174 ms allocating slab
[1399.402][v][vo/gpu-next/wayland] Enabling idle inhibitor
[1399.419][v][vo/gpu-next/libplacebo] Detected fps ratio 0.0000 below threshold 0.0100, disabling interpolation
[1399.419][d][vo/gpu-next/libplacebo] (Re)creating 2624x1920x0 texture with format r8: ../src/utils/upload.c:239
[1399.420][d][vo/gpu-next/libplacebo] (Re)creating 1312x960x0 texture with format rg8: ../src/utils/upload.c:239
[1399.420][d][vo/gpu-next/libplacebo] (Re)creating 1968x1440x0 texture with format rgba16hf: src/renderer.c:3863
[1399.420][d][vo/gpu-next/libplacebo] Allocating 24182784 memory of type 0x1 (id 1) in heap 0: src/renderer.c:3863
[1399.420][d][vo/gpu-next/libplacebo] Memory types supported by device:
[1399.420][d][vo/gpu-next/libplacebo]     0: flags 0x0 heap 1
[1399.420][d][vo/gpu-next/libplacebo]     1: flags 0x1 heap 0
[1399.420][d][vo/gpu-next/libplacebo]     2: flags 0x6 heap 1
[1399.420][d][vo/gpu-next/libplacebo]     3: flags 0xe heap 1
[1399.420][d][vo/gpu-next/libplacebo]     4: flags 0x7 heap 0
[1399.420][d][vo/gpu-next/libplacebo] Spent 0.245 ms allocating slab
[1399.470][d][vo/gpu-next/libplacebo] (Re)creating 2624x1920x0 texture with format r8: ../src/utils/upload.c:239
[1399.470][d][vo/gpu-next/libplacebo] (Re)creating 1312x960x0 texture with format rg8: ../src/utils/upload.c:239
[1399.587][v][vo/gpu-next/libplacebo] Estimated source FPS: 25.000, display FPS: 25.000
[1399.670][d][vo/gpu-next/libplacebo] Garbage collected slab of size  732K from pool 1
[1399.670][d][vo/gpu-next/libplacebo] Freeing slab of size  732K
[1400.654][d][vo/gpu-next/libplacebo] Garbage collected slab of size  366K from pool 1
[1400.654][d][vo/gpu-next/libplacebo] Freeing slab of size  366K
[1403.621][v][cplayer] Change display sync audio drift: 0
[1403.621][v][cplayer] Compensation factor: 0.999905
[1409.872][d][cplayer] Run command: list, flags=0, args=[]
[1409.872][d][cplayer] Run command: cycle, flags=73, args=[name="pause", value="1.000000"]
[1409.872][v][cplayer] Set property: pause -> 1
[1409.872][d][cplayer] Run command: script-message-to, flags=73, args=[target="uosc", args="flash-pause-indicator"]
[1409.873][d][ao/pipewire] Stream state changed: old_state=streaming state=paused error=(null)
[1409.890][d][vo/gpu-next/libplacebo] Allocating 663552 memory of type 0x7 (id 4) in heap 0: ../src/gpu/utils.c:576
[1409.890][d][vo/gpu-next/libplacebo] Memory types supported by device:
[1409.890][d][vo/gpu-next/libplacebo]     0: flags 0x0 heap 1
[1409.890][d][vo/gpu-next/libplacebo]     1: flags 0x1 heap 0
[1409.890][d][vo/gpu-next/libplacebo]     2: flags 0x6 heap 1
[1409.890][d][vo/gpu-next/libplacebo]     3: flags 0xe heap 1
[1409.890][d][vo/gpu-next/libplacebo]     4: flags 0x7 heap 0
[1409.890][d][vo/gpu-next/libplacebo] Spent 0.584 ms allocating slab
[1409.903][d][vo/gpu-next/libplacebo] Allocating 795648 memory of type 0x7 (id 4) in heap 0: ../src/gpu/utils.c:576
[1409.903][d][vo/gpu-next/libplacebo] Memory types supported by device:
[1409.903][d][vo/gpu-next/libplacebo]     0: flags 0x0 heap 1
[1409.903][d][vo/gpu-next/libplacebo]     1: flags 0x1 heap 0
[1409.903][d][vo/gpu-next/libplacebo]     2: flags 0x6 heap 1
[1409.903][d][vo/gpu-next/libplacebo]     3: flags 0xe heap 1
[1409.903][d][vo/gpu-next/libplacebo]     4: flags 0x7 heap 0
[1409.903][d][vo/gpu-next/libplacebo] Spent 0.645 ms allocating slab
[1409.904][v][vo/gpu-next/wayland] Disabling the idle inhibitor
[1409.919][d][vo/gpu-next/libplacebo] Allocating 860160 memory of type 0x7 (id 4) in heap 0: ../src/gpu/utils.c:576
[1409.920][d][vo/gpu-next/libplacebo] Memory types supported by device:
[1409.920][d][vo/gpu-next/libplacebo]     0: flags 0x0 heap 1
[1409.920][d][vo/gpu-next/libplacebo]     1: flags 0x1 heap 0
[1409.920][d][vo/gpu-next/libplacebo]     2: flags 0x6 heap 1
[1409.920][d][vo/gpu-next/libplacebo]     3: flags 0xe heap 1
[1409.920][d][vo/gpu-next/libplacebo]     4: flags 0x7 heap 0
[1409.920][d][vo/gpu-next/libplacebo] Spent 0.572 ms allocating slab
[1409.936][d][vo/gpu-next/libplacebo] Allocating 927744 memory of type 0x7 (id 4) in heap 0: ../src/gpu/utils.c:576
[1409.937][d][vo/gpu-next/libplacebo] Memory types supported by device:
[1409.937][d][vo/gpu-next/libplacebo]     0: flags 0x0 heap 1
[1409.937][d][vo/gpu-next/libplacebo]     1: flags 0x1 heap 0
[1409.937][d][vo/gpu-next/libplacebo]     2: flags 0x6 heap 1
[1409.937][d][vo/gpu-next/libplacebo]     3: flags 0xe heap 1
[1409.937][d][vo/gpu-next/libplacebo]     4: flags 0x7 heap 0
[1409.937][d][vo/gpu-next/libplacebo] Spent 0.708 ms allocating slab
[1409.970][d][vo/gpu-next/libplacebo] Allocating 992256 memory of type 0x7 (id 4) in heap 0: ../src/gpu/utils.c:576
[1409.970][d][vo/gpu-next/libplacebo] Memory types supported by device:
[1409.970][d][vo/gpu-next/libplacebo]     0: flags 0x0 heap 1
[1409.970][d][vo/gpu-next/libplacebo]     1: flags 0x1 heap 0
[1409.970][d][vo/gpu-next/libplacebo]     2: flags 0x6 heap 1
[1409.970][d][vo/gpu-next/libplacebo]     3: flags 0xe heap 1
[1409.970][d][vo/gpu-next/libplacebo]     4: flags 0x7 heap 0
[1409.970][d][vo/gpu-next/libplacebo] Spent 0.725 ms allocating slab
[1410.020][d][vo/gpu-next/libplacebo] Allocating 1056768 memory of type 0x7 (id 4) in heap 0: ../src/gpu/utils.c:576
[1410.020][d][vo/gpu-next/libplacebo] Memory types supported by device:
[1410.020][d][vo/gpu-next/libplacebo]     0: flags 0x0 heap 1
[1410.020][d][vo/gpu-next/libplacebo]     1: flags 0x1 heap 0
[1410.020][d][vo/gpu-next/libplacebo]     2: flags 0x6 heap 1
[1410.020][d][vo/gpu-next/libplacebo]     3: flags 0xe heap 1
[1410.020][d][vo/gpu-next/libplacebo]     4: flags 0x7 heap 0
[1410.020][d][vo/gpu-next/libplacebo] Spent 0.670 ms allocating slab
[1410.120][d][vo/gpu-next/libplacebo] Garbage collected slab of size 4920K from pool 1
[1410.120][d][vo/gpu-next/libplacebo] Freeing slab of size 4920K
[1410.121][d][vo/gpu-next/libplacebo] Garbage collected slab of size 2460K from pool 1
[1410.121][d][vo/gpu-next/libplacebo] Freeing slab of size 2460K
[1410.153][d][vo/gpu-next/libplacebo] Garbage collected slab of size  648K from pool 1
[1410.154][d][vo/gpu-next/libplacebo] Freeing slab of size  648K
[1410.170][d][vo/gpu-next/libplacebo] Garbage collected slab of size  777K from pool 1
[1410.170][d][vo/gpu-next/libplacebo] Freeing slab of size  777K
[1410.186][d][vo/gpu-next/libplacebo] Garbage collected slab of size  840K from pool 1
[1410.186][d][vo/gpu-next/libplacebo] Freeing slab of size  840K
[1588.524][d][cplayer] Run command: list, flags=0, args=[]
[1588.524][d][cplayer] Run command: cycle, flags=73, args=[name="pause", value="1.000000"]
[1588.524][v][cplayer] Set property: pause -> 1
[1588.524][d][cplayer] Run command: script-message-to, flags=73, args=[target="uosc", args="flash-pause-indicator"]
[1588.524][v][cplayer] Change display sync audio drift: -1
[1588.524][v][vo/gpu-next/wayland] Enabling idle inhibitor
[1588.524][d][vo/gpu-next/libplacebo] Allocating 5038080 memory of type 0x7 (id 4) in heap 0: ../src/gpu/utils.c:576
[1588.525][d][ao/pipewire] Stream state changed: old_state=paused state=streaming error=(null)
[1588.526][d][vo/gpu-next/libplacebo] Memory types supported by device:
[1588.526][d][vo/gpu-next/libplacebo]     0: flags 0x0 heap 1
[1588.526][d][vo/gpu-next/libplacebo]     1: flags 0x1 heap 0
[1588.526][d][vo/gpu-next/libplacebo]     2: flags 0x6 heap 1
[1588.526][d][vo/gpu-next/libplacebo]     3: flags 0xe heap 1
[1588.526][d][vo/gpu-next/libplacebo]     4: flags 0x7 heap 0
[1588.526][d][vo/gpu-next/libplacebo] Spent 1.625 ms allocating slab
[1588.530][d][vo/gpu-next/libplacebo] Allocating 2519040 memory of type 0x7 (id 4) in heap 0: ../src/gpu/utils.c:576
[1588.531][d][vo/gpu-next/libplacebo] Memory types supported by device:
[1588.531][d][vo/gpu-next/libplacebo]     0: flags 0x0 heap 1
[1588.531][d][vo/gpu-next/libplacebo]     1: flags 0x1 heap 0
[1588.531][d][vo/gpu-next/libplacebo]     2: flags 0x6 heap 1
[1588.531][d][vo/gpu-next/libplacebo]     3: flags 0xe heap 1
[1588.531][d][vo/gpu-next/libplacebo]     4: flags 0x7 heap 0
[1588.531][d][vo/gpu-next/libplacebo] Spent 0.837 ms allocating slab
[1588.534][d][vo/gpu-next/libplacebo] Garbage collected slab of size  906K from pool 1
[1588.534][d][vo/gpu-next/libplacebo] Freeing slab of size  906K
[1588.571][d][vo/gpu-next/libplacebo] Allocating 927744 memory of type 0x7 (id 4) in heap 0: ../src/gpu/utils.c:576
[1588.572][d][vo/gpu-next/libplacebo] Memory types supported by device:
[1588.572][d][vo/gpu-next/libplacebo]     0: flags 0x0 heap 1
[1588.572][d][vo/gpu-next/libplacebo]     1: flags 0x1 heap 0
[1588.572][d][vo/gpu-next/libplacebo]     2: flags 0x6 heap 1
[1588.572][d][vo/gpu-next/libplacebo]     3: flags 0xe heap 1
[1588.572][d][vo/gpu-next/libplacebo]     4: flags 0x7 heap 0
[1588.572][d][vo/gpu-next/libplacebo] Spent 0.926 ms allocating slab
[1588.598][v][cplayer] Change display sync audio drift: 0
[1588.598][v][cplayer] Compensation factor: 1.001889
[1588.640][d][vo/gpu-next/libplacebo] Allocating 2113536 memory of type 0x7 (id 4) in heap 0: ../src/gpu/utils.c:576
[1588.641][d][vo/gpu-next/libplacebo] Memory types supported by device:
[1588.641][d][vo/gpu-next/libplacebo]     0: flags 0x0 heap 1
[1588.641][d][vo/gpu-next/libplacebo]     1: flags 0x1 heap 0
[1588.641][d][vo/gpu-next/libplacebo]     2: flags 0x6 heap 1
[1588.641][d][vo/gpu-next/libplacebo]     3: flags 0xe heap 1
[1588.641][d][vo/gpu-next/libplacebo]     4: flags 0x7 heap 0
[1588.641][d][vo/gpu-next/libplacebo] Spent 1.043 ms allocating slab
[1588.665][d][vo/gpu-next/libplacebo] Allocating 1124352 memory of type 0x7 (id 4) in heap 0: ../src/gpu/utils.c:576
[1588.667][d][vo/gpu-next/libplacebo] Memory types supported by device:
[1588.667][d][vo/gpu-next/libplacebo]     0: flags 0x0 heap 1
[1588.667][d][vo/gpu-next/libplacebo]     1: flags 0x1 heap 0
[1588.667][d][vo/gpu-next/libplacebo]     2: flags 0x6 heap 1
[1588.667][d][vo/gpu-next/libplacebo]     3: flags 0xe heap 1
[1588.667][d][vo/gpu-next/libplacebo]     4: flags 0x7 heap 0
[1588.667][d][vo/gpu-next/libplacebo] Spent 1.130 ms allocating slab
[1588.668][v][cplayer] Change display sync audio drift: 1
[1588.690][d][vo/gpu-next/libplacebo] Allocating 2248704 memory of type 0x7 (id 4) in heap 0: ../src/gpu/utils.c:576
[1588.691][d][vo/gpu-next/libplacebo] Memory types supported by device:
[1588.691][d][vo/gpu-next/libplacebo]     0: flags 0x0 heap 1
[1588.691][d][vo/gpu-next/libplacebo]     1: flags 0x1 heap 0
[1588.691][d][vo/gpu-next/libplacebo]     2: flags 0x6 heap 1
[1588.692][d][vo/gpu-next/libplacebo]     3: flags 0xe heap 1
[1588.692][d][vo/gpu-next/libplacebo]     4: flags 0x7 heap 0
[1588.692][d][vo/gpu-next/libplacebo] Spent 1.169 ms allocating slab
[1588.781][d][vo/gpu-next/libplacebo] vertex shader source:
[1588.781][d][vo/gpu-next/libplacebo] [  1] #version 450
[1588.781][d][vo/gpu-next/libplacebo] [  2] #extension GL_KHR_shader_subgroup_basic : enable 
[1588.781][d][vo/gpu-next/libplacebo] [  3] #extension GL_KHR_shader_subgroup_vote : enable 
[1588.781][d][vo/gpu-next/libplacebo] [  4] #extension GL_KHR_shader_subgroup_arithmetic : enable 
[1588.781][d][vo/gpu-next/libplacebo] [  5] #extension GL_KHR_shader_subgroup_ballot : enable 
[1588.781][d][vo/gpu-next/libplacebo] [  6] #extension GL_KHR_shader_subgroup_shuffle : enable 
[1588.781][d][vo/gpu-next/libplacebo] [  7] #extension GL_KHR_shader_subgroup_clustered : enable 
[1588.781][d][vo/gpu-next/libplacebo] [  8] #extension GL_KHR_shader_subgroup_quad : enable 
[1588.781][d][vo/gpu-next/libplacebo] [  9] #extension GL_ARB_texture_gather : enable
[1588.781][d][vo/gpu-next/libplacebo] [ 10] layout(std430, push_constant) uniform PushC {
[1588.781][d][vo/gpu-next/libplacebo] [ 11]     layout(offset=0) vec2 _c004;
[1588.781][d][vo/gpu-next/libplacebo] [ 12]     layout(offset=16) mat3 _c010;
[1588.781][d][vo/gpu-next/libplacebo] [ 13]     layout(offset=64) mat3 _c011;
[1588.781][d][vo/gpu-next/libplacebo] [ 14]     layout(offset=112) mat3 _c012;
[1588.781][d][vo/gpu-next/libplacebo] [ 15]     layout(offset=160) mat3 _c020;
[1588.781][d][vo/gpu-next/libplacebo] [ 16] };
[1588.781][d][vo/gpu-next/libplacebo] [ 17] layout(constant_id=0) const float _c008 = 1; 
[1588.781][d][vo/gpu-next/libplacebo] [ 18] layout(constant_id=1) const float _c009 = 1; 
[1588.781][d][vo/gpu-next/libplacebo] [ 19] layout(constant_id=2) const float _c00b = 1; 
[1588.781][d][vo/gpu-next/libplacebo] [ 20] layout(constant_id=3) const float _c00c = 1; 
[1588.781][d][vo/gpu-next/libplacebo] [ 21] layout(constant_id=4) const uint _c00d = 1; 
[1588.781][d][vo/gpu-next/libplacebo] [ 22] layout(constant_id=5) const float _c00e = 1; 
[1588.781][d][vo/gpu-next/libplacebo] [ 23] layout(constant_id=6) const float _c00f = 1; 
[1588.781][d][vo/gpu-next/libplacebo] [ 24] layout(constant_id=7) const float _c016 = 1; 
[1588.781][d][vo/gpu-next/libplacebo] [ 25] layout(constant_id=8) const float _c017 = 1; 
[1588.781][d][vo/gpu-next/libplacebo] [ 26] layout(constant_id=9) const float _c019 = 1; 
[1588.781][d][vo/gpu-next/libplacebo] [ 27] layout(constant_id=10) const float _c01a = 1; 
[1588.781][d][vo/gpu-next/libplacebo] [ 28] layout(constant_id=11) const float _c01c = 1; 
[1588.781][d][vo/gpu-next/libplacebo] [ 29] layout(constant_id=12) const float _c01d = 1; 
[1588.781][d][vo/gpu-next/libplacebo] [ 30] layout(constant_id=13) const float _c01e = 1; 
[1588.781][d][vo/gpu-next/libplacebo] [ 31] layout(constant_id=14) const float _c01f = 1; 
[1588.781][d][vo/gpu-next/libplacebo] [ 32] layout(constant_id=15) const float _c023 = 1; 
[1588.781][d][vo/gpu-next/libplacebo] [ 33] layout(constant_id=16) const float _c024 = 1; 
[1588.781][d][vo/gpu-next/libplacebo] [ 34] layout(constant_id=17) const float _c025 = 1; 
[1588.781][d][vo/gpu-next/libplacebo] [ 35] layout(binding=0) uniform  sampler2D _c002;
[1588.781][d][vo/gpu-next/libplacebo] [ 36] layout(binding=1) uniform  sampler2D _c006;
[1588.781][d][vo/gpu-next/libplacebo] [ 37] layout(binding=2) uniform  sampler3D _c014;
[1588.781][d][vo/gpu-next/libplacebo] [ 38] layout(binding=3) uniform  sampler2D _c022;
[1588.781][d][vo/gpu-next/libplacebo] [ 39] layout(location=0) in vec2 _c029;
[1588.781][d][vo/gpu-next/libplacebo] [ 40] layout(location=0) out vec2 _c003;
[1588.781][d][vo/gpu-next/libplacebo] [ 41] layout(location=1) in vec2 _c02a;
[1588.781][d][vo/gpu-next/libplacebo] [ 42] void main() {
[1588.781][d][vo/gpu-next/libplacebo] [ 43] _c003 = _c029;
[1588.781][d][vo/gpu-next/libplacebo] [ 44] vec2 va_pos = _c02a; 
[1588.781][d][vo/gpu-next/libplacebo] [ 45] gl_Position = vec4(va_pos, 0.0, 1.0); 
[1588.781][d][vo/gpu-next/libplacebo] [ 46] }
[1588.781][d][vo/gpu-next/libplacebo] fragment shader source:
[1588.781][d][vo/gpu-next/libplacebo] [  1] #version 450
[1588.781][d][vo/gpu-next/libplacebo] [  2] #extension GL_KHR_shader_subgroup_basic : enable 
[1588.781][d][vo/gpu-next/libplacebo] [  3] #extension GL_KHR_shader_subgroup_vote : enable 
[1588.781][d][vo/gpu-next/libplacebo] [  4] #extension GL_KHR_shader_subgroup_arithmetic : enable 
[1588.781][d][vo/gpu-next/libplacebo] [  5] #extension GL_KHR_shader_subgroup_ballot : enable 
[1588.782][d][vo/gpu-next/libplacebo] [  6] #extension GL_KHR_shader_subgroup_shuffle : enable 
[1588.782][d][vo/gpu-next/libplacebo] [  7] #extension GL_KHR_shader_subgroup_clustered : enable 
[1588.782][d][vo/gpu-next/libplacebo] [  8] #extension GL_KHR_shader_subgroup_quad : enable 
[1588.782][d][vo/gpu-next/libplacebo] [  9] #extension GL_ARB_texture_gather : enable
[1588.782][d][vo/gpu-next/libplacebo] [ 10] layout(std430, push_constant) uniform PushC {
[1588.782][d][vo/gpu-next/libplacebo] [ 11]     layout(offset=0) vec2 _c004;
[1588.782][d][vo/gpu-next/libplacebo] [ 12]     layout(offset=16) mat3 _c010;
[1588.782][d][vo/gpu-next/libplacebo] [ 13]     layout(offset=64) mat3 _c011;
[1588.782][d][vo/gpu-next/libplacebo] [ 14]     layout(offset=112) mat3 _c012;
[1588.782][d][vo/gpu-next/libplacebo] [ 15]     layout(offset=160) mat3 _c020;
[1588.782][d][vo/gpu-next/libplacebo] [ 16] };
[1588.782][d][vo/gpu-next/libplacebo] [ 17] layout(constant_id=0) const float _c008 = 1; 
[1588.782][d][vo/gpu-next/libplacebo] [ 18] layout(constant_id=1) const float _c009 = 1; 
[1588.782][d][vo/gpu-next/libplacebo] [ 19] layout(constant_id=2) const float _c00b = 1; 
[1588.782][d][vo/gpu-next/libplacebo] [ 20] layout(constant_id=3) const float _c00c = 1; 
[1588.782][d][vo/gpu-next/libplacebo] [ 21] layout(constant_id=4) const uint _c00d = 1; 
[1588.782][d][vo/gpu-next/libplacebo] [ 22] layout(constant_id=5) const float _c00e = 1; 
[1588.782][d][vo/gpu-next/libplacebo] [ 23] layout(constant_id=6) const float _c00f = 1; 
[1588.782][d][vo/gpu-next/libplacebo] [ 24] layout(constant_id=7) const float _c016 = 1; 
[1588.782][d][vo/gpu-next/libplacebo] [ 25] layout(constant_id=8) const float _c017 = 1; 
[1588.782][d][vo/gpu-next/libplacebo] [ 26] layout(constant_id=9) const float _c019 = 1; 
[1588.782][d][vo/gpu-next/libplacebo] [ 27] layout(constant_id=10) const float _c01a = 1; 
[1588.782][d][vo/gpu-next/libplacebo] [ 28] layout(constant_id=11) const float _c01c = 1; 
[1588.782][d][vo/gpu-next/libplacebo] [ 29] layout(constant_id=12) const float _c01d = 1; 
[1588.782][d][vo/gpu-next/libplacebo] [ 30] layout(constant_id=13) const float _c01e = 1; 
[1588.782][d][vo/gpu-next/libplacebo] [ 31] layout(constant_id=14) const float _c01f = 1; 
[1588.782][d][vo/gpu-next/libplacebo] [ 32] layout(constant_id=15) const float _c023 = 1; 
[1588.782][d][vo/gpu-next/libplacebo] [ 33] layout(constant_id=16) const float _c024 = 1; 
[1588.782][d][vo/gpu-next/libplacebo] [ 34] layout(constant_id=17) const float _c025 = 1; 
[1588.782][d][vo/gpu-next/libplacebo] [ 35] layout(binding=0) uniform  sampler2D _c002;
[1588.782][d][vo/gpu-next/libplacebo] [ 36] layout(binding=1) uniform  sampler2D _c006;
[1588.782][d][vo/gpu-next/libplacebo] [ 37] layout(binding=2) uniform  sampler3D _c014;
[1588.782][d][vo/gpu-next/libplacebo] [ 38] layout(binding=3) uniform  sampler2D _c022;
[1588.782][d][vo/gpu-next/libplacebo] [ 39] layout(location=0) in vec2 _c003;
[1588.782][d][vo/gpu-next/libplacebo] [ 40] layout(location=0) out vec4 out_color;
[1588.782][d][vo/gpu-next/libplacebo] [ 41] 
[1588.782][d][vo/gpu-next/libplacebo] [ 42] #define _c007(x) (_c009 * (x) + _c008) 
[1588.782][d][vo/gpu-next/libplacebo] [ 43] #define _c00a(x) (_c00c * (x) + _c00b) 
[1588.782][d][vo/gpu-next/libplacebo] [ 44] #define _c005(pos) (textureLod(_c006, vec2(\
[1588.782][d][vo/gpu-next/libplacebo] [ 45]     _c007(vec2(pos).x)\
[1588.782][d][vo/gpu-next/libplacebo] [ 46]    ,_c00a(vec2(pos).y)\
[1588.782][d][vo/gpu-next/libplacebo] [ 47]   ), 0.0).xyzw)
[1588.782][d][vo/gpu-next/libplacebo] [ 48] #define _c015(x) (_c017 * (x) + _c016) 
[1588.782][d][vo/gpu-next/libplacebo] [ 49] #define _c018(x) (_c01a * (x) + _c019) 
[1588.782][d][vo/gpu-next/libplacebo] [ 50] #define _c01b(x) (_c01d * (x) + _c01c) 
[1588.782][d][vo/gpu-next/libplacebo] [ 51] #define _c013(pos) (textureLod(_c014, vec3(\
[1588.782][d][vo/gpu-next/libplacebo] [ 52]     _c015(vec3(pos).x)\
[1588.782][d][vo/gpu-next/libplacebo] [ 53]    ,_c018(vec3(pos).y)\
[1588.782][d][vo/gpu-next/libplacebo] [ 54]    ,_c01b(vec3(pos).z)\
[1588.782][d][vo/gpu-next/libplacebo] [ 55]   ), 0.0).xyzw)
[1588.782][d][vo/gpu-next/libplacebo] [ 56] #define _c021(pos) (texelFetch(_c022, ivec2(pos), 0).x)
[1588.782][d][vo/gpu-next/libplacebo] [ 57] vec4 _c001() {
[1588.782][d][vo/gpu-next/libplacebo] [ 58] 
[1588.782][d][vo/gpu-next/libplacebo] [ 59] vec4 color = vec4(0.0, 0.0, 0.0, 1.0);
[1588.782][d][vo/gpu-next/libplacebo] [ 60] {
[1588.782][d][vo/gpu-next/libplacebo] [ 61] vec2 pos = _c003, pt = _c004;
[1588.782][d][vo/gpu-next/libplacebo] [ 62] vec2 size = vec2(textureSize(_c002, 0));
[1588.782][d][vo/gpu-next/libplacebo] [ 63] vec2 dir = vec2(float(1), float(0));
[1588.782][d][vo/gpu-next/libplacebo] [ 64] pt *= dir;
[1588.782][d][vo/gpu-next/libplacebo] [ 65] vec2 fcoord2 = fract(pos * size - vec2(0.5));
[1588.782][d][vo/gpu-next/libplacebo] [ 66] float fcoord = dot(fcoord2, dir);
[1588.782][d][vo/gpu-next/libplacebo] [ 67] vec2 base = pos - fcoord * pt - pt * vec2(float(1));
[1588.782][d][vo/gpu-next/libplacebo] [ 68] vec4 ws;
[1588.782][d][vo/gpu-next/libplacebo] [ 69] float off;
[1588.782][d][vo/gpu-next/libplacebo] [ 70] vec3 c, ca = vec3(0.0);
[1588.782][d][vo/gpu-next/libplacebo] [ 71] #pragma unroll 4
[1588.782][d][vo/gpu-next/libplacebo] [ 72] for (uint n = 0u; n < _c00d; n += uint(2)) {
[1588.782][d][vo/gpu-next/libplacebo] [ 73] if (n % 4u == 0u)
[1588.783][d][vo/gpu-next/libplacebo] [ 74] ws = _c005(vec2(float(n / 4u) / float(1), fcoord));
[1588.783][d][vo/gpu-next/libplacebo] [ 75] off = float(n);
[1588.783][d][vo/gpu-next/libplacebo] [ 76] off += ws[n % 4u + 1u];
[1588.783][d][vo/gpu-next/libplacebo] [ 77] c = textureLod(_c002, base + pt * off, 0.0).rgb;
[1588.783][d][vo/gpu-next/libplacebo] [ 78] ca += ws[n % 4u] * c;
[1588.783][d][vo/gpu-next/libplacebo] [ 79] }
[1588.783][d][vo/gpu-next/libplacebo] [ 80] color.rgb = _c00f * ca;
[1588.783][d][vo/gpu-next/libplacebo] [ 81] }
[1588.783][d][vo/gpu-next/libplacebo] [ 82] // pl_shader_color_map 
[1588.783][d][vo/gpu-next/libplacebo] [ 83] {                      
[1588.783][d][vo/gpu-next/libplacebo] [ 84] vec3 lms = _c012 * color.rgb;               
[1588.783][d][vo/gpu-next/libplacebo] [ 85] vec3 lmspq = 0.0203000009059906 * lms;                    
[1588.783][d][vo/gpu-next/libplacebo] [ 86] lmspq = pow(max(lmspq, 0.0), vec3(0.1593017578125));   
[1588.783][d][vo/gpu-next/libplacebo] [ 87] lmspq = (vec3(0.8359375) + 18.8515625 * lmspq)           
[1588.783][d][vo/gpu-next/libplacebo] [ 88]         / (vec3(1.0) + 18.6875 * lmspq);       
[1588.783][d][vo/gpu-next/libplacebo] [ 89] lmspq = pow(lmspq, vec3(78.84375));             
[1588.783][d][vo/gpu-next/libplacebo] [ 90] vec3 ipt = _c010 * lmspq;                   
[1588.783][d][vo/gpu-next/libplacebo] [ 91] float i_orig = ipt.x;                     
[1588.783][d][vo/gpu-next/libplacebo] [ 92] vec3 idx;                             
[1588.783][d][vo/gpu-next/libplacebo] [ 93] idx.x = _c01f * ipt.x + _c01e;            
[1588.783][d][vo/gpu-next/libplacebo] [ 94] idx.y = 2.0 * length(ipt.yz);         
[1588.783][d][vo/gpu-next/libplacebo] [ 95] idx.z = 0.15915494309189535 * atan(ipt.z, ipt.y) + 0.5;
[1588.783][d][vo/gpu-next/libplacebo] [ 96] ipt = _c013(idx).xyz;                   
[1588.783][d][vo/gpu-next/libplacebo] [ 97] ipt.yz -= vec2(32768.0/65535.0);      
[1588.783][d][vo/gpu-next/libplacebo] [ 98] lmspq = _c011 * ipt;                        
[1588.783][d][vo/gpu-next/libplacebo] [ 99] lms = pow(max(lmspq, 0.0), vec3(1.0/78.84375)); 
[1588.783][d][vo/gpu-next/libplacebo] [100] lms = max(lms - vec3(0.8359375), 0.0)            
[1588.783][d][vo/gpu-next/libplacebo] [101]              / (vec3(18.8515625) - 18.6875 * lms);     
[1588.783][d][vo/gpu-next/libplacebo] [102] lms = pow(lms, vec3(1.0/0.1593017578125));             
[1588.783][d][vo/gpu-next/libplacebo] [103] lms *= 49.261085510253906;                                
[1588.783][d][vo/gpu-next/libplacebo] [104] color.rgb = _c020 * lms;                    
[1588.783][d][vo/gpu-next/libplacebo] [105] }
[1588.783][d][vo/gpu-next/libplacebo] [106] // pl_shader_encode_color 
[1588.783][d][vo/gpu-next/libplacebo] [107] { 
[1588.783][d][vo/gpu-next/libplacebo] [108] }
[1588.783][d][vo/gpu-next/libplacebo] [109] // pl_shader_dither 
[1588.783][d][vo/gpu-next/libplacebo] [110] {                    
[1588.783][d][vo/gpu-next/libplacebo] [111] float bias;          
[1588.783][d][vo/gpu-next/libplacebo] [112] vec2 pos = fract(gl_FragCoord.xy * 1.0/_c023); 
[1588.783][d][vo/gpu-next/libplacebo] [113] bias = _c021(ivec2(pos * _c024));
[1588.783][d][vo/gpu-next/libplacebo] [114] const float scale = 255.0; 
[1588.783][d][vo/gpu-next/libplacebo] [115] color = scale * color + vec4(bias);   
[1588.783][d][vo/gpu-next/libplacebo] [116] color = floor(color) * (1.0 / scale); 
[1588.783][d][vo/gpu-next/libplacebo] [117] } 
[1588.783][d][vo/gpu-next/libplacebo] [118] color.rgba *= vec4(1.0 / _c025); 
[1588.783][d][vo/gpu-next/libplacebo] [119] vec4 _c026 = color;                 
[1588.783][d][vo/gpu-next/libplacebo] [120] color = vec4(0.0, 0.0, 0.0, 1.0); 
[1588.783][d][vo/gpu-next/libplacebo] [121] color[0] = _c026[0]; 
[1588.783][d][vo/gpu-next/libplacebo] [122] color[1] = _c026[1]; 
[1588.783][d][vo/gpu-next/libplacebo] [123] color[2] = _c026[2]; 
[1588.783][d][vo/gpu-next/libplacebo] [124] color[3] = _c026[3]; 
[1588.783][d][vo/gpu-next/libplacebo] [125] return color;
[1588.783][d][vo/gpu-next/libplacebo] [126] }
[1588.783][d][vo/gpu-next/libplacebo] [127] 
[1588.783][d][vo/gpu-next/libplacebo] [128] void main() {
[1588.783][d][vo/gpu-next/libplacebo] [129] out_color = _c001();
[1588.783][d][vo/gpu-next/libplacebo] [130] }
[1588.783][d][vo/gpu-next/libplacebo] Specialization constant values:
[1588.783][d][vo/gpu-next/libplacebo]   constant_id=0: 0.500000
[1588.783][d][vo/gpu-next/libplacebo]   constant_id=1: 0.000000
[1588.783][d][vo/gpu-next/libplacebo]   constant_id=2: 0.001953
[1588.783][d][vo/gpu-next/libplacebo]   constant_id=3: 0.996094
[1588.783][d][vo/gpu-next/libplacebo]   constant_id=4: 4
[1588.783][d][vo/gpu-next/libplacebo]   constant_id=5: 0.000000
[1588.783][d][vo/gpu-next/libplacebo]   constant_id=6: 1.000000
[1588.783][d][vo/gpu-next/libplacebo]   constant_id=7: 0.010417
[1588.783][d][vo/gpu-next/libplacebo]   constant_id=8: 0.979167
[1588.783][d][vo/gpu-next/libplacebo]   constant_id=9: 0.015625
[1588.783][d][vo/gpu-next/libplacebo]   constant_id=10: 0.968750
[1588.783][d][vo/gpu-next/libplacebo]   constant_id=11: 0.001953
[1588.783][d][vo/gpu-next/libplacebo]   constant_id=12: 0.996094
[1588.783][d][vo/gpu-next/libplacebo]   constant_id=13: -0.000206
[1588.783][d][vo/gpu-next/libplacebo]   constant_id=14: 1.722443
[1588.783][d][vo/gpu-next/libplacebo]   constant_id=15: 64.000000
[1588.783][d][vo/gpu-next/libplacebo]   constant_id=16: 64.000000
[1588.783][d][vo/gpu-next/libplacebo]   constant_id=17: 1.000000
[1588.783][d][vo/gpu-next/libplacebo] Re-using cached SPIR-V object 0x8b3c66ed532b325e
[1588.783][d][vo/gpu-next/libplacebo] Re-using cached SPIR-V object 0xde5a46142276db20
[1588.783][d][vo/gpu-next/libplacebo] Spent 0.030 ms compiling shader
[1588.783][d][vo/gpu-next] cache_save_obj: key(8b3c66ed532b325e), size(748)
[1588.783][d][vo/gpu-next] cache_save_obj: key(de5a46142276db20), size(5460)
[1588.783][d][vo/gpu-next/libplacebo] Spent 0.151 ms creating pipeline
[1588.783][d][vo/gpu-next] cache_save_obj: key(ac0e701e3856e645), size(21148)
[1588.783][d][vo/gpu-next/libplacebo] Pass statistics: size 0, SPIR-V: vert 0 frag 0 comp 0
[1588.895][d][vo/gpu-next/libplacebo] Garbage collected slab of size  906K from pool 1
[1588.895][d][vo/gpu-next/libplacebo] Freeing slab of size  906K
[1588.913][d][vo/gpu-next/libplacebo] Garbage collected slab of size  969K from pool 1
[1588.914][d][vo/gpu-next/libplacebo] Freeing slab of size  969K
[1588.928][d][vo/gpu-next/libplacebo] Garbage collected slab of size 1032K from pool 1
[1588.928][d][vo/gpu-next/libplacebo] Freeing slab of size 1032K
[1588.945][d][vo/gpu-next/libplacebo] Garbage collected slab of size 2064K from pool 1
[1588.945][d][vo/gpu-next/libplacebo] Freeing slab of size 2064K
[1589.029][d][vo/gpu-next/libplacebo] Garbage collected slab of size 2196K from pool 1
[1589.029][d][vo/gpu-next/libplacebo] Freeing slab of size 2196K
[1589.082][d][vo/gpu-next/libplacebo] Garbage collected slab of size 1098K from pool 1
[1589.082][d][vo/gpu-next/libplacebo] Freeing slab of size 1098K
[1591.329][v][cplayer] Change display sync audio drift: 0
[1591.329][v][cplayer] Compensation factor: 0.998743
[1597.680][v][cplayer] Change display sync audio drift: -1
[1604.646][v][cplayer] Change display sync audio drift: 0
[1604.646][v][cplayer] Compensation factor: 0.999944
[1676.188][d][lavf] stream 1: resize index to 512
[1779.648][v][cplayer] Change display sync audio drift: -1
[1786.613][v][cplayer] Change display sync audio drift: 0
[1786.613][v][cplayer] Compensation factor: 0.999999
[1842.497][d][lavf] stream 0: resize index to 256
[1932.865][d][lavf] stream 1: resize index to 1024
[1978.013][d][cplayer] Run command: seek, flags=73, args=[target="30.000000", flags="relative", legacy="unused"]
[1978.013][v][lavf] queuing seek to 556.280000
[1978.013][v][lavf] cached range 0: 0.000000 <-> 548.840000 (bof=1, eof=0)
[1978.013][v][lavf] execute seek (to 556.280000 flags 32)
[1978.014][v][lavf] seek done
[1978.014][v][cplayer] hr-seek, skipping to 556.280000
[1978.014][v][file] stream level seek from 690631103 to 684808146
[1978.014][d][ao/pipewire] Stream state changed: old_state=streaming state=paused error=(null)
[1978.015][d][lavf] stream 1: resize index to 128
[1978.017][d][ffmpeg/video] h264: Reinit context to 2624x1920, pix_fmt: cuda
[1978.027][v][vd] Decoder format: 2624x1920 nv12 auto/auto/auto/auto/auto CL=mpeg2/4/h264 crop=2624x1920+0+0 A=none
[1978.027][v][vd] Using container aspect ratio.
[1978.027][d][lavf] stream 0: resize index to 128
[1978.031][d][vo/gpu-next/libplacebo] Allocating 374784 memory of type 0x7 (id 4) in heap 0: ../src/gpu/utils.c:576
[1978.032][d][vo/gpu-next/libplacebo] Memory types supported by device:
[1978.032][d][vo/gpu-next/libplacebo]     0: flags 0x0 heap 1
[1978.032][d][vo/gpu-next/libplacebo]     1: flags 0x1 heap 0
[1978.032][d][vo/gpu-next/libplacebo]     2: flags 0x6 heap 1
[1978.032][d][vo/gpu-next/libplacebo]     3: flags 0xe heap 1
[1978.032][d][vo/gpu-next/libplacebo]     4: flags 0x7 heap 0
[1978.032][d][vo/gpu-next/libplacebo] Spent 0.432 ms allocating slab
[1978.032][d][vo/gpu-next/libplacebo] Allocating 5907456 memory of type 0x7 (id 4) in heap 0: ../src/gpu/utils.c:576
[1978.032][d][vo/gpu-next/libplacebo] Memory types supported by device:
[1978.032][d][vo/gpu-next/libplacebo]     0: flags 0x0 heap 1
[1978.032][d][vo/gpu-next/libplacebo]     1: flags 0x1 heap 0
[1978.032][d][vo/gpu-next/libplacebo]     2: flags 0x6 heap 1
[1978.032][d][vo/gpu-next/libplacebo]     3: flags 0xe heap 1
[1978.032][d][vo/gpu-next/libplacebo]     4: flags 0x7 heap 0
[1978.032][d][vo/gpu-next/libplacebo] Spent 0.343 ms allocating slab
[1978.035][v][vo/gpu-next/wayland] Disabling the idle inhibitor
[1978.117][d][vo/gpu-next/libplacebo] First frame received with non-zero PTS 526.240000
[1978.121][d][vo/gpu-next/libplacebo] Freeing slab of size   23M
[1978.301][d][vo/gpu-next/libplacebo] Discontinuous source PTS jump 526.280000 -> 556.280000
[1978.303][d][vo/gpu-next/libplacebo] (Re)creating 2624x1920x0 texture with format r8: ../src/utils/upload.c:239
[1978.304][d][vo/gpu-next/libplacebo] (Re)creating 1312x960x0 texture with format rg8: ../src/utils/upload.c:239
[1978.304][d][vo/gpu-next/libplacebo] (Re)creating 1968x1440x0 texture with format rgba16hf: src/renderer.c:3863
[1978.305][d][vo/gpu-next/libplacebo] Allocating 24182784 memory of type 0x1 (id 1) in heap 0: src/renderer.c:3863
[1978.305][d][vo/gpu-next/libplacebo] Memory types supported by device:
[1978.305][d][vo/gpu-next/libplacebo]     0: flags 0x0 heap 1
[1978.305][d][vo/gpu-next/libplacebo]     1: flags 0x1 heap 0
[1978.305][d][vo/gpu-next/libplacebo]     2: flags 0x6 heap 1
[1978.305][d][vo/gpu-next/libplacebo]     3: flags 0xe heap 1
[1978.305][d][vo/gpu-next/libplacebo]     4: flags 0x7 heap 0
[1978.305][d][vo/gpu-next/libplacebo] Spent 0.565 ms allocating slab
[1978.309][v][cplayer] first video frame after restart shown
[1978.345][v][cplayer] audio ready
[1978.345][d][cplayer] starting video playback
[1978.345][v][cplayer] starting audio playback
[1978.345][v][cplayer] playback restart complete @ 556.280000, audio=playing, video=playing
[1978.345][v][vo/gpu-next/wayland] Enabling idle inhibitor
[1978.346][d][ao/pipewire] Stream state changed: old_state=paused state=streaming error=(null)
[1978.349][v][cplayer] Change display sync audio drift: -1
[1978.352][v][vo/gpu-next/libplacebo] Detected fps ratio 0.0000 below threshold 0.0100, disabling interpolation
[1978.352][d][vo/gpu-next/libplacebo] (Re)creating 2624x1920x0 texture with format r8: ../src/utils/upload.c:239
[1978.353][d][vo/gpu-next/libplacebo] (Re)creating 1312x960x0 texture with format rg8: ../src/utils/upload.c:239
[1978.377][d][vo/gpu-next/libplacebo] Allocating 749568 memory of type 0x7 (id 4) in heap 0: ../src/gpu/utils.c:576
[1978.377][d][vo/gpu-next/libplacebo] Memory types supported by device:
[1978.378][d][vo/gpu-next/libplacebo]     0: flags 0x0 heap 1
[1978.378][d][vo/gpu-next/libplacebo]     1: flags 0x1 heap 0
[1978.378][d][vo/gpu-next/libplacebo]     2: flags 0x6 heap 1
[1978.378][d][vo/gpu-next/libplacebo]     3: flags 0xe heap 1
[1978.378][d][vo/gpu-next/libplacebo]     4: flags 0x7 heap 0
[1978.378][d][vo/gpu-next/libplacebo] Spent 0.575 ms allocating slab
[1978.495][v][vo/gpu-next/libplacebo] Estimated source FPS: 25.000, display FPS: 25.000
[1978.611][d][vo/gpu-next/libplacebo] Garbage collected slab of size 5769K from pool 1
[1978.611][d][vo/gpu-next/libplacebo] Freeing slab of size 5769K
[1978.645][d][vo/gpu-next/libplacebo] Garbage collected slab of size  732K from pool 1
[1978.645][d][vo/gpu-next/libplacebo] Freeing slab of size  732K
[1979.310][d][vo/gpu-next/libplacebo] Garbage collected slab of size  366K from pool 1
[1979.310][d][vo/gpu-next/libplacebo] Freeing slab of size  366K
[1985.047][v][cplayer] Change display sync audio drift: 0
[1985.047][v][cplayer] Compensation factor: 0.999970
[2066.966][d][lavf] stream 1: resize index to 256
[2195.313][d][lavf] stream 1: resize index to 512
[2285.611][v][cplayer] Change display sync audio drift: -1
[2292.494][v][cplayer] Change display sync audio drift: 0
[2292.494][v][cplayer] Compensation factor: 0.999992
[2360.130][d][lavf] stream 0: resize index to 256
[2451.969][d][lavf] stream 1: resize index to 1024
[2593.492][d][cplayer] Run command: seek, flags=73, args=[target="30.000000", flags="relative", legacy="unused"]
[2593.492][v][lavf] queuing seek to 1201.440000
[2593.492][v][lavf] cached range 0: 0.000000 <-> 548.840000 (bof=1, eof=0)
[2593.492][v][lavf] cached range 1: 548.880000 <-> 1198.760000 (bof=0, eof=0)
[2593.492][v][lavf] execute seek (to 1201.440000 flags 32)
[2593.492][v][cplayer] hr-seek, skipping to 1201.440000
[2593.492][v][lavf] seek done
[2593.493][v][file] stream level seek from 1311500275 to 1306396665
[2593.493][d][ao/pipewire] Stream state changed: old_state=streaming state=paused error=(null)
[2593.493][d][lavf] stream 1: resize index to 128
[2593.494][d][ffmpeg/video] h264: Reinit context to 2624x1920, pix_fmt: cuda
[2593.504][v][vd] Decoder format: 2624x1920 nv12 auto/auto/auto/auto/auto CL=mpeg2/4/h264 crop=2624x1920+0+0 A=none
[2593.504][v][vd] Using container aspect ratio.
[2593.507][d][lavf] stream 0: resize index to 128
[2593.509][d][vo/gpu-next/libplacebo] Allocating 374784 memory of type 0x7 (id 4) in heap 0: ../src/gpu/utils.c:576
[2593.509][d][vo/gpu-next/libplacebo] Memory types supported by device:
[2593.509][d][vo/gpu-next/libplacebo]     0: flags 0x0 heap 1
[2593.509][d][vo/gpu-next/libplacebo]     1: flags 0x1 heap 0
[2593.509][d][vo/gpu-next/libplacebo]     2: flags 0x6 heap 1
[2593.509][d][vo/gpu-next/libplacebo]     3: flags 0xe heap 1
[2593.509][d][vo/gpu-next/libplacebo]     4: flags 0x7 heap 0
[2593.509][d][vo/gpu-next/libplacebo] Spent 0.262 ms allocating slab
[2593.509][d][vo/gpu-next/libplacebo] Allocating 5907456 memory of type 0x7 (id 4) in heap 0: ../src/gpu/utils.c:576
[2593.509][d][vo/gpu-next/libplacebo] Memory types supported by device:
[2593.509][d][vo/gpu-next/libplacebo]     0: flags 0x0 heap 1
[2593.509][d][vo/gpu-next/libplacebo]     1: flags 0x1 heap 0
[2593.509][d][vo/gpu-next/libplacebo]     2: flags 0x6 heap 1
[2593.509][d][vo/gpu-next/libplacebo]     3: flags 0xe heap 1
[2593.509][d][vo/gpu-next/libplacebo]     4: flags 0x7 heap 0
[2593.509][d][vo/gpu-next/libplacebo] Spent 0.127 ms allocating slab
[2593.511][v][vo/gpu-next/wayland] Disabling the idle inhibitor
[2593.523][v][lavf] EOF reached.
[2593.575][d][vo/gpu-next/libplacebo] First frame received with non-zero PTS 1201.440000
[2593.576][d][vo/gpu-next/libplacebo] Freeing slab of size   23M
[2593.578][d][vo/gpu-next/libplacebo] Allocating 749568 memory of type 0x7 (id 4) in heap 0: ../src/gpu/utils.c:576
[2593.578][d][vo/gpu-next/libplacebo] Memory types supported by device:
[2593.578][d][vo/gpu-next/libplacebo]     0: flags 0x0 heap 1
[2593.578][d][vo/gpu-next/libplacebo]     1: flags 0x1 heap 0
[2593.578][d][vo/gpu-next/libplacebo]     2: flags 0x6 heap 1
[2593.578][d][vo/gpu-next/libplacebo]     3: flags 0xe heap 1
[2593.578][d][vo/gpu-next/libplacebo]     4: flags 0x7 heap 0
[2593.578][d][vo/gpu-next/libplacebo] Spent 0.182 ms allocating slab
[2593.579][v][cplayer] first video frame after restart shown
[2593.582][v][cplayer] audio ready
[2593.582][d][cplayer] starting video playback
[2593.582][v][cplayer] starting audio playback
[2593.582][v][cplayer] playback restart complete @ 1201.440000, audio=playing, video=playing
[2593.582][v][vo/gpu-next/wayland] Enabling idle inhibitor
[2593.582][d][ao/pipewire] Stream state changed: old_state=paused state=streaming error=(null)
[2593.583][v][cplayer] Change display sync audio drift: -1
[2593.584][v][vo/gpu-next/libplacebo] Detected fps ratio 0.0000 below threshold 0.0100, disabling interpolation
[2593.584][d][vo/gpu-next/libplacebo] (Re)creating 2624x1920x0 texture with format r8: ../src/utils/upload.c:239
[2593.585][d][vo/gpu-next/libplacebo] (Re)creating 1312x960x0 texture with format rg8: ../src/utils/upload.c:239
[2593.585][d][vo/gpu-next/libplacebo] (Re)creating 1968x1440x0 texture with format rgba16hf: src/renderer.c:3863
[2593.585][d][vo/gpu-next/libplacebo] Allocating 24182784 memory of type 0x1 (id 1) in heap 0: src/renderer.c:3863
[2593.585][d][vo/gpu-next/libplacebo] Memory types supported by device:
[2593.585][d][vo/gpu-next/libplacebo]     0: flags 0x0 heap 1
[2593.585][d][vo/gpu-next/libplacebo]     1: flags 0x1 heap 0
[2593.585][d][vo/gpu-next/libplacebo]     2: flags 0x6 heap 1
[2593.585][d][vo/gpu-next/libplacebo]     3: flags 0xe heap 1
[2593.585][d][vo/gpu-next/libplacebo]     4: flags 0x7 heap 0
[2593.585][d][vo/gpu-next/libplacebo] Spent 0.188 ms allocating slab
[2593.607][d][vo/gpu-next/libplacebo] (Re)creating 2624x1920x0 texture with format r8: ../src/utils/upload.c:239
[2593.608][d][vo/gpu-next/libplacebo] (Re)creating 1312x960x0 texture with format rg8: ../src/utils/upload.c:239
[2593.725][d][cplayer] Run command: seek, flags=73, args=[target="30.000000", flags="relative", legacy="unused"]
[2593.725][v][lavf] queuing seek to 1231.600000
[2593.725][v][lavf] cached range 0: 0.000000 <-> 548.840000 (bof=1, eof=0)
[2593.725][v][lavf] cached range 1: 548.880000 <-> 1198.760000 (bof=0, eof=0)
[2593.725][v][lavf] cached range 2: 1198.800000 <-> 1229.674667 (bof=0, eof=1)
[2593.725][v][lavf] ...using this range for in-cache seek.
[2593.725][v][lavf] seeking stream 0 (video) to packet 1228.840000/1228.760000
[2593.725][v][lavf] seeking stream 1 (audio) to packet 1229.674667/1229.674667
[2593.726][v][cplayer] hr-seek, skipping to 1231.600000
[2593.726][d][ao/pipewire] Stream state changed: old_state=streaming state=paused error=(null)
[2593.726][d][ffmpeg/video] h264: Reinit context to 2624x1920, pix_fmt: cuda
[2593.726][v][lavf] EOF reached.
[2593.736][v][vd] Decoder format: 2624x1920 nv12 auto/auto/auto/auto/auto CL=mpeg2/4/h264 crop=2624x1920+0+0 A=none
[2593.736][v][vd] Using container aspect ratio.
[2593.745][v][vo/gpu-next/wayland] Disabling the idle inhibitor
[2593.758][v][vf] filter input EOF
[2593.758][v][vf] filter output EOF
[2593.758][d][vo/gpu-next/libplacebo] First frame received with non-zero PTS 1229.480000
[2593.760][d][vo/gpu-next/libplacebo] Freeing slab of size   23M
[2593.762][d][vo/gpu-next] Render queue underrun.
[2593.777][d][vo/gpu-next] Render queue underrun.
[2593.778][v][cplayer] first video frame after restart shown
[2593.779][v][af] filter input EOF
[2593.779][v][af] filter output EOF
[2593.779][v][cplayer] audio filter EOF
[2593.779][d][cplayer] video EOF (status=4)
[2593.779][v][cplayer] audio ready (and EOF)
[2593.779][d][cplayer] video EOF (status=4)
[2593.779][v][cplayer] starting audio playback
[2593.779][v][cplayer] audio draining
[2593.779][v][cplayer] playback restart complete @ -9223372036854775808.000000, audio=draining, video=eof
[2593.779][v][cplayer] audio EOF reached
[2593.779][d][cplayer] video EOF (status=4)
[2593.779][v][cplayer] EOF code: 1  
[2593.779][d][ad] Uninit decoder.
[2593.779][v][vo/gpu-next/wayland] Enabling idle inhibitor
[2593.779][v][vo/gpu-next/wayland] Disabling the idle inhibitor
[2593.780][d][vd] Uninit decoder.
[2593.780][d][ao/pipewire] Stream state changed: old_state=paused state=streaming error=(null)
[2593.898][d][cplayer] Terminating demuxers...
[2593.945][d][cplayer] Done terminating demuxers.
[2593.945][v][cplayer] finished playback, success (reason 0)
[2593.945][v][cplayer] Running hook: ytdl_hook/on_after_end_file
[2593.946][d][cplayer] Run command: del, flags=64, args=[name="user-data/mpv/ytdl/json-subprocess-result"]
[2593.946][d][global] config path: 'cache/watch_later' -> '/home/beiming/.config/mpv/cache/watch_later'
[2593.946][d][global] user path: '~~/cache/watch_later' -> '/home/beiming/.config/mpv/cache/watch_later'
[2593.946][i][cplayer] Playing: /home/beiming/Videos/成龙历险记1-5季 4K修复版/[BASIGN]24.特技演员.mp4
[2593.946][v][cplayer] Running hook: ytdl_hook/on_load
[2593.946][d][vo/gpu-next/libplacebo] First frame received with non-zero PTS 1229.480000
[2593.947][d][vo/gpu-next/libplacebo] Allocating 270336 memory of type 0x7 (id 4) in heap 0: ../src/gpu/utils.c:576
[2593.950][d][vo/gpu-next/libplacebo] Memory types supported by device:
[2593.950][d][vo/gpu-next/libplacebo]     0: flags 0x0 heap 1
[2593.950][d][vo/gpu-next/libplacebo]     1: flags 0x1 heap 0
[2593.950][d][vo/gpu-next/libplacebo]     2: flags 0x6 heap 1
[2593.950][d][vo/gpu-next/libplacebo]     3: flags 0xe heap 1
[2593.950][d][vo/gpu-next/libplacebo]     4: flags 0x7 heap 0
[2593.950][d][vo/gpu-next/libplacebo] Spent 3.824 ms allocating slab
[2593.950][d][vo/gpu-next/libplacebo] Freeing slab of size   23M
[2593.960][d][vo/gpu-next/libplacebo] (Re)creating 2624x1920x0 texture with format r8: ../src/utils/upload.c:239
[2593.960][d][vo/gpu-next/libplacebo] (Re)creating 1312x960x0 texture with format rg8: ../src/utils/upload.c:239
[2593.961][d][vo/gpu-next] Render queue underrun.
[2593.961][d][vo/gpu-next/libplacebo] (Re)creating 1968x1440x0 texture with format rgba16hf: src/renderer.c:3863
[2593.961][d][vo/gpu-next/libplacebo] Allocating 24182784 memory of type 0x1 (id 1) in heap 0: src/renderer.c:3863
[2593.963][d][vo/gpu-next/libplacebo] Memory types supported by device:
[2593.963][d][vo/gpu-next/libplacebo]     0: flags 0x0 heap 1
[2593.964][d][vo/gpu-next/libplacebo]     1: flags 0x1 heap 0
[2593.964][d][vo/gpu-next/libplacebo]     2: flags 0x6 heap 1
[2593.964][d][vo/gpu-next/libplacebo]     3: flags 0xe heap 1
[2593.964][d][vo/gpu-next/libplacebo]     4: flags 0x7 heap 0
[2593.964][d][vo/gpu-next/libplacebo] Spent 2.716 ms allocating slab
[2593.971][v][cplayer] Running hook: ytdl_hook/on_load
[2593.971][v][ytdl_hook] playlist hook
[2593.971][v][ifo_dvdnav] Opening /home/beiming/Videos/成龙历险记1-5季 4K修复版/[BASIGN]24.特技演员.mp4
[2593.971][v][bdmv/bluray] Opening /home/beiming/Videos/成龙历险记1-5季 4K修复版/[BASIGN]24.特技演员.mp4
[2593.972][v][file] Opening /home/beiming/Videos/成龙历险记1-5季 4K修复版/[BASIGN]24.特技演员.mp4
[2593.972][d][file] resize stream to 131072 bytes, drop 0 bytes
[2593.972][d][file] Stream opened successfully.
[2593.972][v][demux] Trying demuxers for level=normal.
[2593.972][d][demux] Trying demuxer: directory (force-level: normal)
[2593.972][d][demux] Trying demuxer: disc (force-level: normal)
[2593.972][d][demux] Trying demuxer: edl (force-level: normal)
[2593.972][d][demux] Trying demuxer: cue (force-level: normal)
[2593.972][d][demux] Trying demuxer: rawaudio (force-level: normal)
[2593.972][d][demux] Trying demuxer: rawvideo (force-level: normal)
[2593.972][d][demux] Trying demuxer: mkv (force-level: normal)
[2593.972][d][demux] Trying demuxer: libarchive (force-level: normal)
[2593.972][d][demux] Trying demuxer: lavf (force-level: normal)
[2593.977][v][lavf] Found 'mov,mp4,m4a,3gp,3g2,mj2' at score=100 size=2048.
[2593.977][v][file] stream level seek from 131072 to 984219475
[2593.993][v][demux] Detected file format: mov,mp4,m4a,3gp,3g2,mj2 (libavformat)
[2593.993][d][global] config path: 'cache/stream_cache' -> '/home/beiming/.config/mpv/cache/stream_cache'
[2593.993][d][global] user path: '~~/cache/stream_cache' -> '/home/beiming/.config/mpv/cache/stream_cache'
[2593.993][v][cplayer] Opening done: /home/beiming/Videos/成龙历险记1-5季 4K修复版/[BASIGN]24.特技演员.mp4
[2593.993][v][find_files] Loading external files in /home/beiming/Videos/成龙历险记1-5季 4K修复版/
[2593.993][d][global] config path: 'sub' -/-> '/home/beiming/.config/mpv/sub'
[2593.993][d][global] config path: 'sub' -/-> '/home/beiming/.mpv/sub'
[2593.993][d][global] config path: 'sub' -/-> '/etc/mpv/sub'
[2593.993][v][cplayer] Running hook: ytdl_hook/on_preloaded
[2593.993][v][lavf] select track 0
[2593.993][v][lavf] select track 1
[2593.993][i][cplayer]  ● Video  --vid=1  (h264 2560x1920 25 fps) [default]
[2593.993][i][cplayer]  ● Audio  --aid=1  (aac 2ch 48000 Hz 192 kbps) [default]
[2593.994][v][vd] Container reported FPS: 25.000000
[2593.994][v][vd] Codec list:
[2593.994][v][vd]     h264 - H.264 / AVC / MPEG-4 AVC / MPEG-4 part 10
[2593.994][v][vd]     h264_v4l2m2m (h264) - V4L2 mem2mem H.264 decoder wrapper
[2593.994][v][vd]     h264_qsv (h264) - H264 video (Intel Quick Sync Video acceleration)
[2593.994][v][vd]     h264_amf (h264) - H264 AMD AMF video decoder
[2593.994][v][vd]     h264_cuvid (h264) - Nvidia CUVID H264 decoder
[2593.994][v][vd] Opening decoder h264
[2593.994][v][vd] Looking at hwdec h264-vulkan...
[2593.994][v][vd] Not using this for auto-copy.
[2593.994][v][vd] Looking at hwdec h264-nvdec...
[2593.994][v][vd] Not using this for auto-copy.
[2593.994][v][vd] Looking at hwdec h264-vaapi...
[2593.994][v][vd] Not using this for auto-copy.
[2593.994][v][vd] Looking at hwdec h264-vulkan-copy...
[2593.994][d][ffmpeg] Vulkan: Supported layers:
[2593.994][d][ffmpeg] Vulkan: 	VK_LAYER_VALVE_steam_overlay_32
[2593.994][d][ffmpeg] Vulkan: 	VK_LAYER_VALVE_steam_overlay_64
[2593.994][d][ffmpeg] Vulkan: 	VK_LAYER_VALVE_steam_fossilize_32
[2593.994][d][ffmpeg] Vulkan: 	VK_LAYER_VALVE_steam_fossilize_64
[2593.994][d][ffmpeg] Vulkan: 	VK_LAYER_MESA_anti_lag
[2593.995][d][ffmpeg] Vulkan: 	VK_LAYER_MESA_device_select
[2593.995][d][ffmpeg] Vulkan: 	VK_LAYER_MANGOHUD_overlay_x86_64
[2593.995][d][ffmpeg] Vulkan: 	VK_LAYER_NV_optimus
[2593.995][d][ffmpeg] Vulkan: 	VK_LAYER_NV_present
[2594.040][d][ffmpeg] Vulkan: GPU listing:
[2594.040][d][ffmpeg] Vulkan:     0: Intel(R) Graphics (RPL-S) (integrated) (0xa788)
[2594.040][d][ffmpeg] Vulkan:     1: NVIDIA GeForce RTX 5060 Laptop GPU (discrete) (0x2d19)
[2594.040][d][ffmpeg] Vulkan: Device 0 selected: Intel(R) Graphics (RPL-S) (integrated) (0xa788)
[2594.040][d][ffmpeg] Vulkan: Using device extension VK_KHR_push_descriptor
[2594.040][d][ffmpeg] Vulkan: Using device extension VK_EXT_physical_device_drm
[2594.040][d][ffmpeg] Vulkan: Using device extension VK_EXT_shader_atomic_float
[2594.040][d][ffmpeg] Vulkan: Using device extension VK_EXT_shader_object
[2594.040][d][ffmpeg] Vulkan: Using device extension VK_KHR_shader_subgroup_rotate
[2594.040][d][ffmpeg] Vulkan: Using device extension VK_EXT_host_image_copy
[2594.040][d][ffmpeg] Vulkan: Using device extension VK_KHR_workgroup_memory_explicit_layout
[2594.040][d][ffmpeg] Vulkan: Using device extension VK_KHR_shader_relaxed_extended_instruction
[2594.040][d][ffmpeg] Vulkan: Using device extension VK_EXT_shader_replicated_composites
[2594.040][d][ffmpeg] Vulkan: Using device extension VK_KHR_shader_expect_assume
[2594.040][d][ffmpeg] Vulkan: Using device extension VK_KHR_internally_synchronized_queues
[2594.040][d][ffmpeg] Vulkan: Using device extension VK_KHR_external_memory_fd
[2594.040][d][ffmpeg] Vulkan: Using device extension VK_EXT_external_memory_dma_buf
[2594.040][d][ffmpeg] Vulkan: Using device extension VK_EXT_image_drm_format_modifier
[2594.040][d][ffmpeg] Vulkan: Using device extension VK_KHR_external_semaphore_fd
[2594.040][d][ffmpeg] Vulkan: Using device extension VK_EXT_external_memory_host
[2594.040][d][ffmpeg] Vulkan: Queue families:
[2594.040][d][ffmpeg] Vulkan:     0: graphics compute transfer sparse (queues: 1)
[2594.045][v][thumbfast] Subprocess failed: killed
[2594.049][d][ffmpeg] Vulkan: Using device: Intel(R) Graphics (RPL-S)
[2594.050][d][ffmpeg] Vulkan: Alignments:
[2594.050][d][ffmpeg] Vulkan:     optimalBufferCopyRowPitchAlignment: 64
[2594.050][d][ffmpeg] Vulkan:     minMemoryMapAlignment:              4096
[2594.050][d][ffmpeg] Vulkan:     nonCoherentAtomSize:                64
[2594.050][d][ffmpeg] Vulkan:     minImportedHostPointerAlignment:    4096
[2594.050][v][vd] Trying hardware decoding via h264-vulkan-copy.
[2594.050][v][vd] Requesting 4 threads for decoding.
[2594.050][v][vd] Selected decoder: h264 - H.264 / AVC / MPEG-4 AVC / MPEG-4 part 10
[2594.050][v][vf] User filter list:
[2594.050][v][vf]   (empty)
[2594.050][v][ad] Codec list:
[2594.050][v][ad]     aac - AAC (Advanced Audio Coding)
[2594.050][v][ad]     aac_fixed (aac) - AAC (Advanced Audio Coding)
[2594.050][v][ad] Opening decoder aac
[2594.050][v][ad] Requesting 1 threads for decoding.
[2594.051][v][ad] Selected decoder: aac - AAC (Advanced Audio Coding)
[2594.051][v][af] User filter list:
[2594.051][v][af]   (empty)
[2594.051][v][cplayer] Starting playback...
[2594.051][v][file] stream level seek from 985135183 to 48
[2594.051][d][vo/gpu-next/libplacebo] Freeing slab of size   23M
[2594.051][d][vo/gpu-next/libplacebo] First frame received with non-zero PTS 1229.480000
[2594.052][d][lavf] stream 1: resize index to 128
[2594.052][d][vo/gpu-next/libplacebo] (Re)creating 2624x1920x0 texture with format r8: ../src/utils/upload.c:239
[2594.053][d][vo/gpu-next/libplacebo] (Re)creating 1312x960x0 texture with format rg8: ../src/utils/upload.c:239
[2594.053][d][vo/gpu-next] Render queue underrun.
[2594.053][d][vo/gpu-next/libplacebo] (Re)creating 1968x1440x0 texture with format rgba16hf: src/renderer.c:3863
[2594.053][d][vo/gpu-next/libplacebo] Allocating 24182784 memory of type 0x1 (id 1) in heap 0: src/renderer.c:3863
[2594.054][d][vo/gpu-next/libplacebo] Memory types supported by device:
[2594.054][d][vo/gpu-next/libplacebo]     0: flags 0x0 heap 1
[2594.054][d][vo/gpu-next/libplacebo]     1: flags 0x1 heap 0
[2594.054][d][vo/gpu-next/libplacebo]     2: flags 0x6 heap 1
[2594.054][d][vo/gpu-next/libplacebo]     3: flags 0xe heap 1
[2594.054][d][vo/gpu-next/libplacebo]     4: flags 0x7 heap 0
[2594.054][d][vo/gpu-next/libplacebo] Spent 0.325 ms allocating slab
[2594.055][d][cplayer] Run command: overlay-remove, flags=64, args=[id="42"]
[2594.055][d][cplayer] Run command: script-message, flags=64, args=[args="thumbfast-info", args="{\"width\":320,\"available\":true,\"thumbnail\":\"/tmp/thumbfast.out5290\",\"height\":234,\"overlay_id\":42,\"scale_factor\":1,\"disabled\":false,\"socket\":\"/tmp/thumbfast5290\"}"]
[2594.055][v][af] [in] 48000Hz stereo 2ch floatp
[2594.055][v][af] [userspeed] 48000Hz stereo 2ch floatp
[2594.055][v][af] [userspeed] (disabled)
[2594.055][v][af] [convert] 48000Hz stereo 2ch floatp
[2594.056][v][vd] Pixel formats supported by decoder: vdpau vulkan cuda vaapi yuv420p
[2594.056][v][vd] Codec profile: High (0x64)
[2594.056][v][vd] Requesting pixfmt 'vulkan' from decoder.
[2594.056][e][ffmpeg/video] h264: Device does not support the VK_KHR_video_decode_queue extension!
[2594.056][e][ffmpeg/video] h264: Failed setup for format vulkan: hwaccel initialisation returned error.
[2594.056][v][vd] Pixel formats supported by decoder: vdpau cuda vaapi yuv420p yuv420p
[2594.056][v][vd] Codec profile: High (0x64)
[2594.056][v][vd] Requesting pixfmt '-' from decoder.
[2594.056][e][ffmpeg/video] h264: no frame!
[2594.056][v][vd] Pixel formats supported by decoder: vdpau vulkan cuda vaapi yuv420p
[2594.056][v][vd] Codec profile: High (0x64)
[2594.056][v][vd] Requesting pixfmt 'vulkan' from decoder.
[2594.056][e][ffmpeg/video] h264: Device does not support the VK_KHR_video_decode_queue extension!
[2594.056][e][ffmpeg/video] h264: Failed setup for format vulkan: hwaccel initialisation returned error.
[2594.056][v][vd] Pixel formats supported by decoder: vdpau cuda vaapi yuv420p yuv420p
[2594.056][v][vd] Codec profile: High (0x64)
[2594.056][v][vd] Requesting pixfmt '-' from decoder.
[2594.056][e][ffmpeg/video] h264: no frame!
[2594.058][v][vd] Attempting next decoding method after failure of h264-vulkan-copy.
[2594.058][d][vd] Skipping previously attempted hwdec: h264-vulkan
[2594.058][d][vd] Skipping previously attempted hwdec: h264-nvdec
[2594.058][d][vd] Skipping previously attempted hwdec: h264-vaapi
[2594.058][d][vd] Skipping previously attempted hwdec: h264-vulkan-copy
[2594.058][v][vd] Looking at hwdec h264-nvdec-copy...
[2594.059][d][lavf] stream 0: resize index to 128
[2594.144][v][vd] Trying hardware decoding via h264-nvdec-copy.
[2594.144][v][vd] Requesting 4 threads for decoding.
[2594.145][v][vd] Pixel formats supported by decoder: vdpau vulkan cuda vaapi yuv420p
[2594.145][v][vd] Codec profile: High (0x64)
[2594.145][v][vd] Requesting pixfmt 'cuda' from decoder.
[2594.153][d][ffmpeg/video] h264: NVDEC capabilities:
[2594.153][d][ffmpeg/video] h264: format supported: yes, max_mb_count: 262144
[2594.153][d][ffmpeg/video] h264: min_width: 48, max_width: 8192
[2594.153][d][ffmpeg/video] h264: min_height: 64, max_height: 8192
[2594.179][d][ffmpeg/video] h264: Reinit context to 2560x1920, pix_fmt: cuda
[2594.180][d][vo/gpu-next] Render queue underrun.
[2594.189][i][vd] Using hardware decoding (nvdec-copy).
[2594.189][v][vd] Decoder format: 2560x1920 nv12 auto/auto/auto/auto/auto CL=mpeg2/4/h264 crop=2560x1920+0+0 A=none
[2594.189][v][vd] Using container aspect ratio.
[2594.189][v][vf] [in] 2560x1920 nv12 bt.709/bt.709/bt.1886/limited/display CL=mpeg2/4/h264 crop=2560x1920+0+0 A=none
[2594.189][v][vf] [userdeint] 2560x1920 nv12 bt.709/bt.709/bt.1886/limited/display CL=mpeg2/4/h264 crop=2560x1920+0+0 A=none
[2594.189][v][vf] [userdeint] (disabled)
[2594.189][v][vf] [autovflip] 2560x1920 nv12 bt.709/bt.709/bt.1886/limited/display CL=mpeg2/4/h264 crop=2560x1920+0+0 A=none
[2594.189][v][vf] [autovflip] (disabled)
[2594.189][v][vf] [autorotate] 2560x1920 nv12 bt.709/bt.709/bt.1886/limited/display CL=mpeg2/4/h264 crop=2560x1920+0+0 A=none
[2594.189][v][vf] [autorotate] (disabled)
[2594.189][v][vf] [convert] 2560x1920 nv12 bt.709/bt.709/bt.1886/limited/display CL=mpeg2/4/h264 crop=2560x1920+0+0 A=none
[2594.190][v][vf] [convert] (disabled)
[2594.190][v][vf] [out] 2560x1920 nv12 bt.709/bt.709/bt.1886/limited/display CL=mpeg2/4/h264 crop=2560x1920+0+0 A=none
[2594.190][d][cplayer] Run command: script-message, flags=64, args=[args="thumbfast-info", args="{\"width\":320,\"available\":true,\"thumbnail\":\"/tmp/thumbfast.out5290\",\"height\":234,\"overlay_id\":42,\"scale_factor\":1,\"disabled\":false,\"socket\":\"/tmp/thumbfast5290\"}"]
[2594.191][v][af] [convert] (disabled)
[2594.191][v][af] [out] 48000Hz stereo 2ch floatp
[2594.194][i][cplayer] VO: [gpu-next] 2560x1920 nv12
[2594.194][v][cplayer] VO: Description: Video output based on libplacebo
[2594.194][v][vo/gpu-next] reconfig to 2560x1920 nv12 bt.709/bt.709/bt.1886/limited/display CL=mpeg2/4/h264 crop=2560x1920+0+0 A=none
[2594.194][v][vo/gpu-next/wayland] Reconfiguring!
[2594.194][d][vo/gpu-next] max content size: 2560x1440
[2594.194][d][vo/gpu-next] monitor size: 2560x1440
[2594.194][v][vo/gpu-next] Window size: 1728x1296 (Borders: l=0 t=0 r=0 b=0)
[2594.194][v][vo/gpu-next] Video source: 2560x1920 (1:1)
[2594.194][v][vo/gpu-next] Video display: (0, 0) 2560x1920 -> (0, 0) 1728x1296
[2594.194][v][vo/gpu-next] Video scale: 0.675000/0.675000
[2594.194][v][vo/gpu-next] OSD borders: l=0 t=0 r=0 b=0
[2594.194][v][vo/gpu-next] Video borders: l=0 t=0 r=0 b=0
[2594.194][v][vo/gpu-next/wayland] Handling resize on the vk side
[2594.194][v][vo/gpu-next] Window size: 2560x1440 (Borders: l=0 t=0 r=0 b=0)
[2594.194][v][vo/gpu-next] Video source: 2560x1920 (1:1)
[2594.194][v][vo/gpu-next] Video display: (0, 0) 2560x1920 -> (320, 0) 1920x1440
[2594.194][v][vo/gpu-next] Video scale: 0.750000/0.750000
[2594.194][v][vo/gpu-next] OSD borders: l=320 t=0 r=320 b=0
[2594.194][v][vo/gpu-next] Video borders: l=320 t=0 r=320 b=0
[2594.194][v][vo/gpu-next] Forcing queue refill, PTS(0.080000 + 0.000000 | 0.016667) < VPTS(1229.480000)
[2594.194][d][vo/gpu-next/libplacebo] Freeing slab of size   23M
[2594.195][d][vo/gpu-next/libplacebo] First frame received with non-zero PTS 0.080000
[2594.198][d][vo/gpu-next/libplacebo] Allocating 402432 memory of type 0x7 (id 4) in heap 0: ../src/gpu/utils.c:576
[2594.199][d][vo/gpu-next/libplacebo] Memory types supported by device:
[2594.199][d][vo/gpu-next/libplacebo]     0: flags 0x0 heap 1
[2594.199][d][vo/gpu-next/libplacebo]     1: flags 0x1 heap 0
[2594.199][d][vo/gpu-next/libplacebo]     2: flags 0x6 heap 1
[2594.199][d][vo/gpu-next/libplacebo]     3: flags 0xe heap 1
[2594.199][d][vo/gpu-next/libplacebo]     4: flags 0x7 heap 0
[2594.199][d][vo/gpu-next/libplacebo] Spent 1.005 ms allocating slab
[2594.200][d][vo/gpu-next/libplacebo] (Re)creating 2560x1920x0 texture with format r8: ../src/utils/upload.c:239
[2594.200][d][vo/gpu-next/libplacebo] Allocating 4915200 memory of type 0x1 (id 1) in heap 0: ../src/utils/upload.c:239
[2594.200][d][vo/gpu-next/libplacebo] Memory types supported by device:
[2594.201][d][vo/gpu-next/libplacebo]     0: flags 0x0 heap 1
[2594.201][d][vo/gpu-next/libplacebo]     1: flags 0x1 heap 0
[2594.201][d][vo/gpu-next/libplacebo]     2: flags 0x6 heap 1
[2594.201][d][vo/gpu-next/libplacebo]     3: flags 0xe heap 1
[2594.201][d][vo/gpu-next/libplacebo]     4: flags 0x7 heap 0
[2594.201][d][vo/gpu-next/libplacebo] Spent 0.714 ms allocating slab
[2594.201][d][vo/gpu-next/libplacebo] Allocating 4915200 memory of type 0x7 (id 4) in heap 0: ../src/gpu/utils.c:576
[2594.201][d][vo/gpu-next/libplacebo] Memory types supported by device:
[2594.201][d][vo/gpu-next/libplacebo]     0: flags 0x0 heap 1
[2594.201][d][vo/gpu-next/libplacebo]     1: flags 0x1 heap 0
[2594.201][d][vo/gpu-next/libplacebo]     2: flags 0x6 heap 1
[2594.201][d][vo/gpu-next/libplacebo]     3: flags 0xe heap 1
[2594.201][d][vo/gpu-next/libplacebo]     4: flags 0x7 heap 0
[2594.201][d][vo/gpu-next/libplacebo] Spent 0.539 ms allocating slab
[2594.204][d][vo/gpu-next/libplacebo] (Re)creating 1280x960x0 texture with format rg8: ../src/utils/upload.c:239
[2594.204][d][vo/gpu-next/libplacebo] Allocating 2621440 memory of type 0x1 (id 1) in heap 0: ../src/utils/upload.c:239
[2594.204][d][vo/gpu-next/libplacebo] Memory types supported by device:
[2594.204][d][vo/gpu-next/libplacebo]     0: flags 0x0 heap 1
[2594.204][d][vo/gpu-next/libplacebo]     1: flags 0x1 heap 0
[2594.205][d][vo/gpu-next/libplacebo]     2: flags 0x6 heap 1
[2594.205][d][vo/gpu-next/libplacebo]     3: flags 0xe heap 1
[2594.205][d][vo/gpu-next/libplacebo]     4: flags 0x7 heap 0
[2594.205][d][vo/gpu-next/libplacebo] Spent 0.587 ms allocating slab
[2594.205][d][vo/gpu-next/libplacebo] Allocating 2457600 memory of type 0x7 (id 4) in heap 0: ../src/gpu/utils.c:576
[2594.205][d][vo/gpu-next/libplacebo] Memory types supported by device:
[2594.205][d][vo/gpu-next/libplacebo]     0: flags 0x0 heap 1
[2594.205][d][vo/gpu-next/libplacebo]     1: flags 0x1 heap 0
[2594.205][d][vo/gpu-next/libplacebo]     2: flags 0x6 heap 1
[2594.205][d][vo/gpu-next/libplacebo]     3: flags 0xe heap 1
[2594.205][d][vo/gpu-next/libplacebo]     4: flags 0x7 heap 0
[2594.205][d][vo/gpu-next/libplacebo] Spent 0.633 ms allocating slab
[2594.207][d][vo/gpu-next/libplacebo] (Re)creating 2560x1920x0 texture with format r8: ../src/utils/upload.c:239
[2594.207][d][vo/gpu-next/libplacebo] Allocating 9830400 memory of type 0x1 (id 1) in heap 0: ../src/utils/upload.c:239
[2594.208][d][vo/gpu-next/libplacebo] Memory types supported by device:
[2594.208][d][vo/gpu-next/libplacebo]     0: flags 0x0 heap 1
[2594.208][d][vo/gpu-next/libplacebo]     1: flags 0x1 heap 0
[2594.208][d][vo/gpu-next/libplacebo]     2: flags 0x6 heap 1
[2594.208][d][vo/gpu-next/libplacebo]     3: flags 0xe heap 1
[2594.208][d][vo/gpu-next/libplacebo]     4: flags 0x7 heap 0
[2594.208][d][vo/gpu-next/libplacebo] Spent 0.853 ms allocating slab
[2594.208][d][vo/gpu-next/libplacebo] Allocating 9830400 memory of type 0x7 (id 4) in heap 0: ../src/gpu/utils.c:576
[2594.209][d][vo/gpu-next/libplacebo] Memory types supported by device:
[2594.209][d][vo/gpu-next/libplacebo]     0: flags 0x0 heap 1
[2594.209][d][vo/gpu-next/libplacebo]     1: flags 0x1 heap 0
[2594.209][d][vo/gpu-next/libplacebo]     2: flags 0x6 heap 1
[2594.209][d][vo/gpu-next/libplacebo]     3: flags 0xe heap 1
[2594.209][d][vo/gpu-next/libplacebo]     4: flags 0x7 heap 0
[2594.209][d][vo/gpu-next/libplacebo] Spent 0.745 ms allocating slab
[2594.211][d][vo/gpu-next/libplacebo] (Re)creating 1280x960x0 texture with format rg8: ../src/utils/upload.c:239
[2594.211][d][vo/gpu-next/libplacebo] Allocating 5242880 memory of type 0x1 (id 1) in heap 0: ../src/utils/upload.c:239
[2594.212][d][vo/gpu-next/libplacebo] Memory types supported by device:
[2594.212][d][vo/gpu-next/libplacebo]     0: flags 0x0 heap 1
[2594.212][d][vo/gpu-next/libplacebo]     1: flags 0x1 heap 0
[2594.212][d][vo/gpu-next/libplacebo]     2: flags 0x6 heap 1
[2594.212][d][vo/gpu-next/libplacebo]     3: flags 0xe heap 1
[2594.212][d][vo/gpu-next/libplacebo]     4: flags 0x7 heap 0
[2594.212][d][vo/gpu-next/libplacebo] Spent 0.423 ms allocating slab
[2594.212][d][vo/gpu-next/libplacebo] Allocating 4915200 memory of type 0x7 (id 4) in heap 0: ../src/gpu/utils.c:576
[2594.212][d][vo/gpu-next/libplacebo] Memory types supported by device:
[2594.212][d][vo/gpu-next/libplacebo]     0: flags 0x0 heap 1
[2594.212][d][vo/gpu-next/libplacebo]     1: flags 0x1 heap 0
[2594.212][d][vo/gpu-next/libplacebo]     2: flags 0x6 heap 1
[2594.212][d][vo/gpu-next/libplacebo]     3: flags 0xe heap 1
[2594.212][d][vo/gpu-next/libplacebo]     4: flags 0x7 heap 0
[2594.212][d][vo/gpu-next/libplacebo] Spent 0.476 ms allocating slab
[2594.213][d][vo/gpu-next/libplacebo] (Re)creating 1920x1440x0 texture with format rgba16hf: src/renderer.c:3863
[2594.213][d][vo/gpu-next/libplacebo] Allocating 23592960 memory of type 0x1 (id 1) in heap 0: src/renderer.c:3863
[2594.214][d][vo/gpu-next/libplacebo] Memory types supported by device:
[2594.214][d][vo/gpu-next/libplacebo]     0: flags 0x0 heap 1
[2594.214][d][vo/gpu-next/libplacebo]     1: flags 0x1 heap 0
[2594.214][d][vo/gpu-next/libplacebo]     2: flags 0x6 heap 1
[2594.214][d][vo/gpu-next/libplacebo]     3: flags 0xe heap 1
[2594.214][d][vo/gpu-next/libplacebo]     4: flags 0x7 heap 0
[2594.214][d][vo/gpu-next/libplacebo] Spent 0.370 ms allocating slab
[2594.214][d][vo/gpu-next/libplacebo] (Re)creating 1280x1920x0 texture with format rg16hf: src/renderer.c:768
[2594.214][d][vo/gpu-next/libplacebo] Freeing slab of size 9840K
[2594.214][d][vo/gpu-next/libplacebo] Allocating 9830400 memory of type 0x1 (id 1) in heap 0: src/renderer.c:768
[2594.214][d][vo/gpu-next/libplacebo] Memory types supported by device:
[2594.214][d][vo/gpu-next/libplacebo]     0: flags 0x0 heap 1
[2594.214][d][vo/gpu-next/libplacebo]     1: flags 0x1 heap 0
[2594.214][d][vo/gpu-next/libplacebo]     2: flags 0x6 heap 1
[2594.214][d][vo/gpu-next/libplacebo]     3: flags 0xe heap 1
[2594.214][d][vo/gpu-next/libplacebo]     4: flags 0x7 heap 0
[2594.214][d][vo/gpu-next/libplacebo] Spent 0.182 ms allocating slab
[2594.215][d][vo/gpu-next/libplacebo] (Re)creating 2560x1920x0 texture with format rgba16hf: src/renderer.c:2058
[2594.215][d][vo/gpu-next/libplacebo] Freeing slab of size   38M
[2594.215][d][vo/gpu-next/libplacebo] Allocating 39321600 memory of type 0x1 (id 1) in heap 0: src/renderer.c:2058
[2594.215][d][vo/gpu-next/libplacebo] Memory types supported by device:
[2594.215][d][vo/gpu-next/libplacebo]     0: flags 0x0 heap 1
[2594.215][d][vo/gpu-next/libplacebo]     1: flags 0x1 heap 0
[2594.215][d][vo/gpu-next/libplacebo]     2: flags 0x6 heap 1
[2594.215][d][vo/gpu-next/libplacebo]     3: flags 0xe heap 1
[2594.215][d][vo/gpu-next/libplacebo]     4: flags 0x7 heap 0
[2594.215][d][vo/gpu-next/libplacebo] Spent 0.366 ms allocating slab
[2594.215][d][vo/gpu-next/libplacebo] (Re)creating 2560x1440x0 texture with format rgba16hf: src/renderer.c:768
[2594.215][d][vo/gpu-next/libplacebo] Freeing slab of size   30M
[2594.215][d][vo/gpu-next/libplacebo] Allocating 31457280 memory of type 0x1 (id 1) in heap 0: src/renderer.c:768
[2594.216][d][vo/gpu-next/libplacebo] Memory types supported by device:
[2594.216][d][vo/gpu-next/libplacebo]     0: flags 0x0 heap 1
[2594.216][d][vo/gpu-next/libplacebo]     1: flags 0x1 heap 0
[2594.216][d][vo/gpu-next/libplacebo]     2: flags 0x6 heap 1
[2594.216][d][vo/gpu-next/libplacebo]     3: flags 0xe heap 1
[2594.216][d][vo/gpu-next/libplacebo]     4: flags 0x7 heap 0
[2594.216][d][vo/gpu-next/libplacebo] Spent 0.345 ms allocating slab
[2594.218][d][vo/gpu-next/libplacebo] Garbage collected slab of size  732K from pool 1
[2594.218][d][vo/gpu-next/libplacebo] Freeing slab of size  732K
[2594.219][v][cplayer] first video frame after restart shown
[2594.220][d][cplayer] Run command: script-message, flags=64, args=[args="thumbfast-info", args="{\"width\":320,\"available\":true,\"thumbnail\":\"/tmp/thumbfast.out5290\",\"height\":240,\"overlay_id\":42,\"scale_factor\":1,\"disabled\":false,\"socket\":\"/tmp/thumbfast5290\"}"]
[2594.221][v][cplayer] audio ready
[2594.221][d][cplayer] starting video playback
[2594.221][v][cplayer] delaying audio start 0.080000 vs. 0.080000, diff=0.000000
[2594.221][v][cplayer] playback restart complete @ 0.080000, audio=ready, video=playing
[2594.221][v][vo/gpu-next/wayland] Enabling idle inhibitor
[2594.223][v][cplayer] starting audio playback
[2594.223][d][cplayer] Run command: subprocess, flags=64, args=[args="mpv,--no-config,--msg-level=all=no,--idle,--pause,--keep-open=always,--really-quiet,--no-terminal,--load-scripts=no,--osc=no,--ytdl=no,--load-stats-overlay=no,--load-osd-console=no,--load-auto-profiles=no,--edition=auto,--vid=1,--no-sub,--no-audio,--start=0,--hr-seek=no,--ytdl-format=worst,--demuxer-readahead-secs=0,--demuxer-max-bytes=128KiB,--vd-lavc-skiploopfilter=all,--vd-lavc-software-fallback=1,--vd-lavc-fast,--vd-lavc-threads=2,--hwdec=auto,--vf=scale=w=320:h=240:force_original_aspect_ratio=decrease,pad=w=320:h=240:x=-1:y=-1,format=bgra,--sws-scaler=fast-bilinear,--video-rotate=0,--ovc=rawvideo,--of=image2,--ofopts=update=1,--o=/tmp/thumbfast.out5290,--sws-allow-zimg=no,--media-controls=no,--scripts=/tmp/thumbfast5290.run,--,/home/beiming/Videos/成龙历险记1-5季 4K修复版/[BASIGN]24.特技演员.mp4", playback_only="yes", capture_size="67108864", capture_stdout="no", capture_stderr="no", detach="no", env="PATH=/usr/local/bin:/usr/bin:/bin:/usr/local/sbin:/opt/cuda/bin:/var/lib/flatpak/exports/bin:/usr/lib/jvm/default/bin:/usr/bin/site_perl:/usr/bin/vendor_perl:/usr/bin/core_perl", stdin_data="", passthrough_stdin="no"]
[2594.224][v][vo/gpu-next/libplacebo] Detected fps ratio 0.0000 below threshold 0.0100, disabling interpolation
[2594.224][d][vo/gpu-next/libplacebo] (Re)creating 1920x1440x0 texture with format rgba16hf: src/renderer.c:3863
[2594.224][d][vo/gpu-next/libplacebo] Allocating 23592960 memory of type 0x1 (id 1) in heap 0: src/renderer.c:3863
[2594.224][d][vo/gpu-next/libplacebo] Memory types supported by device:
[2594.224][d][vo/gpu-next/libplacebo]     0: flags 0x0 heap 1
[2594.224][d][vo/gpu-next/libplacebo]     1: flags 0x1 heap 0
[2594.224][d][vo/gpu-next/libplacebo]     2: flags 0x6 heap 1
[2594.224][d][vo/gpu-next/libplacebo]     3: flags 0xe heap 1
[2594.224][d][vo/gpu-next/libplacebo]     4: flags 0x7 heap 0
[2594.224][d][vo/gpu-next/libplacebo] Spent 0.329 ms allocating slab
[2594.228][v][thumbfast] Starting subprocess: [mpv, --no-config, --msg-level=all=no, --idle, --pause, --keep-open=always, --really-quiet, --no-terminal, --load-scripts=no, --osc=no, --ytdl=no, --load-stats-overlay=no, --load-osd-console=no, --load-auto-profiles=no, --edition=auto, --vid=1, --no-sub, --no-audio, --start=0, --hr-seek=no, --ytdl-format=worst, --demuxer-readahead-secs=0, --demuxer-max-bytes=128KiB, --vd-lavc-skiploopfilter=all, --vd-lavc-software-fallback=1, --vd-lavc-fast, --vd-lavc-threads=2, --hwdec=auto, --vf=scale=w=320:h=240:force_original_aspect_ratio=decrease,pad=w=320:h=240:x=-1:y=-1,format=bgra, --sws-scaler=fast-bilinear, --video-rotate=0, --ovc=rawvideo, --of=image2, --ofopts=update=1, --o=/tmp/thumbfast.out5290, --sws-allow-zimg=no, --media-controls=no, --scripts=/tmp/thumbfast5290.run, --, /home/beiming/Videos/成龙历险记1-5季 4K修复版/[BASIGN]24.特技演员.mp4]
[2594.249][v][cplayer] Change display sync audio drift: -1
[2594.257][v][autoconvert] inserting resampler
[2594.257][v][swresample] format change, reinitializing resampler
[2594.257][v][swresample] 48060Hz stereo floatp -> 48000Hz stereo floatp
[2594.257][v][af] [convert] (enabled)
[2594.274][d][vo/gpu-next/libplacebo] (Re)creating 2560x1920x0 texture with format r8: ../src/utils/upload.c:239
[2594.274][d][vo/gpu-next/libplacebo] (Re)creating 1280x960x0 texture with format rg8: ../src/utils/upload.c:239
[2594.308][v][vo/gpu-next/libplacebo] Estimated source FPS: 25.000, display FPS: 25.000
[2594.374][d][vo/gpu-next/libplacebo] Garbage collected slab of size  366K from pool 1
[2594.374][d][vo/gpu-next/libplacebo] Freeing slab of size  366K
[2594.374][d][vo/gpu-next/libplacebo] Garbage collected slab of size 5769K from pool 1
[2594.374][d][vo/gpu-next/libplacebo] Freeing slab of size 5769K
[2594.390][d][vo/gpu-next/libplacebo] Garbage collected slab of size 9840K from pool 0
[2594.390][d][vo/gpu-next/libplacebo] Freeing slab of size 9840K
[2594.391][d][vo/gpu-next/libplacebo] Garbage collected slab of size 5248K from pool 0
[2594.391][d][vo/gpu-next/libplacebo] Freeing slab of size 5248K
[2594.408][d][vo/gpu-next/libplacebo] Garbage collected slab of size 4920K from pool 1
[2594.408][d][vo/gpu-next/libplacebo] Freeing slab of size 4920K
[2594.414][d][vo/gpu-next/libplacebo] Garbage collected slab of size 2460K from pool 1
[2594.414][d][vo/gpu-next/libplacebo] Freeing slab of size 2460K
[2594.439][e][thumbfast] MESA: warning: Support for this platform is experimental with Xe KMD, bug reports may be ignored.
[2594.441][d][vo/gpu-next/libplacebo] Garbage collected slab of size 4920K from pool 0
[2594.441][d][vo/gpu-next/libplacebo] Freeing slab of size 4920K
[2594.441][d][vo/gpu-next/libplacebo] Garbage collected slab of size 2624K from pool 0
[2594.441][d][vo/gpu-next/libplacebo] Freeing slab of size 2624K
[2594.441][d][vo/gpu-next/libplacebo] Garbage collected slab of size 9600K from pool 1
[2594.441][d][vo/gpu-next/libplacebo] Freeing slab of size 9600K
[2594.441][d][vo/gpu-next/libplacebo] Garbage collected slab of size 4800K from pool 1
[2594.441][d][vo/gpu-next/libplacebo] Freeing slab of size 4800K
[2594.490][d][vo/gpu-next/libplacebo] Allocating 540672 memory of type 0x7 (id 4) in heap 0: ../src/gpu/utils.c:576
[2594.495][d][vo/gpu-next/libplacebo] Memory types supported by device:
[2594.495][d][vo/gpu-next/libplacebo]     0: flags 0x0 heap 1
[2594.495][d][vo/gpu-next/libplacebo]     1: flags 0x1 heap 0
[2594.495][d][vo/gpu-next/libplacebo]     2: flags 0x6 heap 1
[2594.495][d][vo/gpu-next/libplacebo]     3: flags 0xe heap 1
[2594.495][d][vo/gpu-next/libplacebo]     4: flags 0x7 heap 0
[2594.495][d][vo/gpu-next/libplacebo] Spent 4.257 ms allocating slab
[2594.644][d][cplayer] Run command: script-message, flags=64, args=[args="thumbfast-info", args="{\"width\":320,\"available\":true,\"thumbnail\":\"/tmp/thumbfast.out5290\",\"height\":240,\"overlay_id\":42,\"scale_factor\":1,\"disabled\":false,\"socket\":\"/tmp/thumbfast5290\"}"]
[2594.926][d][vo/gpu-next/libplacebo] Garbage collected slab of size  528K from pool 1
[2594.926][d][vo/gpu-next/libplacebo] Freeing slab of size  528K
[2594.992][d][vo/gpu-next/libplacebo] Garbage collected slab of size  264K from pool 1
[2594.992][d][vo/gpu-next/libplacebo] Freeing slab of size  264K
[2595.425][d][vo/gpu-next/libplacebo] Garbage collected slab of size  393K from pool 1
[2595.425][d][vo/gpu-next/libplacebo] Freeing slab of size  393K
[2602.528][v][cplayer] Change display sync audio drift: 0
[2602.528][v][cplayer] Compensation factor: 0.999968
[2645.959][d][cplayer] Run command: seek, flags=73, args=[target="30.000000", flags="relative", legacy="unused"]
[2645.959][v][lavf] queuing seek to 81.800000
[2645.959][v][lavf] cached range 0: 0.000000 <-> 82.320000 (bof=1, eof=0)
[2645.959][v][lavf] ...using this range for in-cache seek.
[2645.959][v][lavf] seeking stream 0 (video) to packet 81.160000/81.080000
[2645.959][v][lavf] seeking stream 1 (audio) to packet 81.792000/81.792000
[2645.960][v][cplayer] hr-seek, skipping to 81.800000
[2645.960][d][ao/pipewire] Stream state changed: old_state=streaming state=paused error=(null)
[2645.961][d][ffmpeg/video] h264: Reinit context to 2560x1920, pix_fmt: cuda
[2645.974][d][vo/gpu-next/libplacebo] (Re)creating 2036x182x0 texture with format r8: unknown
[2645.974][d][vo/gpu-next/libplacebo] Allocating 374784 memory of type 0x7 (id 4) in heap 0: ../src/gpu/utils.c:576
[2645.975][d][vo/gpu-next/libplacebo] Memory types supported by device:
[2645.975][d][vo/gpu-next/libplacebo]     0: flags 0x0 heap 1
[2645.975][d][vo/gpu-next/libplacebo]     1: flags 0x1 heap 0
[2645.975][d][vo/gpu-next/libplacebo]     2: flags 0x6 heap 1
[2645.975][d][vo/gpu-next/libplacebo]     3: flags 0xe heap 1
[2645.975][d][vo/gpu-next/libplacebo]     4: flags 0x7 heap 0
[2645.975][d][vo/gpu-next/libplacebo] Spent 0.639 ms allocating slab
[2645.976][v][vo/gpu-next/wayland] Disabling the idle inhibitor
[2645.977][v][vd] Decoder format: 2560x1920 nv12 auto/auto/auto/auto/auto CL=mpeg2/4/h264 crop=2560x1920+0+0 A=none
[2645.977][v][vd] Using container aspect ratio.
[2646.009][d][vo/gpu-next/libplacebo] First frame received with non-zero PTS 81.800000
[2646.009][d][vo/gpu-next/libplacebo] Freeing slab of size   22M
[2646.012][v][cplayer] first video frame after restart shown
[2646.013][v][cplayer] audio ready
[2646.013][d][cplayer] starting video playback
[2646.013][v][cplayer] starting audio playback
[2646.013][v][cplayer] playback restart complete @ 81.800000, audio=playing, video=playing
[2646.013][v][vo/gpu-next/wayland] Enabling idle inhibitor
[2646.014][d][ao/pipewire] Stream state changed: old_state=paused state=streaming error=(null)
[2646.015][v][cplayer] Change display sync audio drift: -1
[2646.023][v][vo/gpu-next/libplacebo] Detected fps ratio 0.0000 below threshold 0.0100, disabling interpolation
[2646.023][d][vo/gpu-next/libplacebo] (Re)creating 2560x1920x0 texture with format r8: ../src/utils/upload.c:239
[2646.024][d][vo/gpu-next/libplacebo] (Re)creating 1280x960x0 texture with format rg8: ../src/utils/upload.c:239
[2646.025][d][vo/gpu-next/libplacebo] (Re)creating 1920x1440x0 texture with format rgba16hf: src/renderer.c:3863
[2646.025][d][vo/gpu-next/libplacebo] Allocating 23592960 memory of type 0x1 (id 1) in heap 0: src/renderer.c:3863
[2646.026][d][vo/gpu-next/libplacebo] Memory types supported by device:
[2646.026][d][vo/gpu-next/libplacebo]     0: flags 0x0 heap 1
[2646.026][d][vo/gpu-next/libplacebo]     1: flags 0x1 heap 0
[2646.026][d][vo/gpu-next/libplacebo]     2: flags 0x6 heap 1
[2646.026][d][vo/gpu-next/libplacebo]     3: flags 0xe heap 1
[2646.026][d][vo/gpu-next/libplacebo]     4: flags 0x7 heap 0
[2646.026][d][vo/gpu-next/libplacebo] Spent 0.448 ms allocating slab
[2646.074][d][vo/gpu-next/libplacebo] (Re)creating 2560x1920x0 texture with format r8: ../src/utils/upload.c:239
[2646.075][d][vo/gpu-next/libplacebo] (Re)creating 1280x960x0 texture with format rg8: ../src/utils/upload.c:239
[2646.193][v][vo/gpu-next/libplacebo] Estimated source FPS: 25.000, display FPS: 25.000
[2647.259][d][vo/gpu-next/libplacebo] Garbage collected slab of size  366K from pool 1
[2647.259][d][vo/gpu-next/libplacebo] Freeing slab of size  366K
[2656.676][v][cplayer] Change display sync audio drift: 0
[2656.676][v][cplayer] Compensation factor: 0.999909
[2660.332][d][lavf] stream 1: resize index to 256
[2759.109][v][cplayer] Change display sync audio drift: -1
[2766.028][v][cplayer] Change display sync audio drift: 0
[2766.028][v][cplayer] Compensation factor: 0.999968
[2788.630][d][lavf] stream 1: resize index to 512
[2935.687][d][lavf] stream 0: resize index to 256
[2999.227][v][cplayer] Change display sync audio drift: -1
[3005.957][v][cplayer] Change display sync audio drift: 0
[3005.957][v][cplayer] Compensation factor: 0.999920
[3045.313][d][lavf] stream 1: resize index to 1024
[3057.627][d][cplayer] Run command: seek, flags=73, args=[target="30.000000", flags="relative", legacy="unused"]
[3057.627][v][lavf] queuing seek to 523.440000
[3057.627][v][lavf] cached range 0: 0.000000 <-> 522.720000 (bof=1, eof=0)
[3057.627][v][lavf] execute seek (to 523.440000 flags 32)
[3057.627][v][lavf] seek done
[3057.628][v][cplayer] hr-seek, skipping to 523.440000
[3057.628][d][ao/pipewire] Stream state changed: old_state=streaming state=paused error=(null)
[3057.628][v][file] stream level seek from 422385546 to 420027624
[3057.629][d][lavf] stream 1: resize index to 128
[3057.631][d][ffmpeg/video] h264: Reinit context to 2560x1920, pix_fmt: cuda
[3057.637][d][lavf] stream 0: resize index to 128
[3057.643][d][vo/gpu-next/libplacebo] Allocating 374784 memory of type 0x7 (id 4) in heap 0: ../src/gpu/utils.c:576
[3057.644][v][vd] Decoder format: 2560x1920 nv12 auto/auto/auto/auto/auto CL=mpeg2/4/h264 crop=2560x1920+0+0 A=none
[3057.644][v][vd] Using container aspect ratio.
[3057.645][d][vo/gpu-next/libplacebo] Memory types supported by device:
[3057.645][d][vo/gpu-next/libplacebo]     0: flags 0x0 heap 1
[3057.645][d][vo/gpu-next/libplacebo]     1: flags 0x1 heap 0
[3057.645][d][vo/gpu-next/libplacebo]     2: flags 0x6 heap 1
[3057.645][d][vo/gpu-next/libplacebo]     3: flags 0xe heap 1
[3057.645][d][vo/gpu-next/libplacebo]     4: flags 0x7 heap 0
[3057.645][d][vo/gpu-next/libplacebo] Spent 1.235 ms allocating slab
[3057.645][d][vo/gpu-next/libplacebo] Allocating 5907456 memory of type 0x7 (id 4) in heap 0: ../src/gpu/utils.c:576
[3057.646][d][vo/gpu-next/libplacebo] Memory types supported by device:
[3057.646][d][vo/gpu-next/libplacebo]     0: flags 0x0 heap 1
[3057.646][d][vo/gpu-next/libplacebo]     1: flags 0x1 heap 0
[3057.646][d][vo/gpu-next/libplacebo]     2: flags 0x6 heap 1
[3057.646][d][vo/gpu-next/libplacebo]     3: flags 0xe heap 1
[3057.646][d][vo/gpu-next/libplacebo]     4: flags 0x7 heap 0
[3057.646][d][vo/gpu-next/libplacebo] Spent 0.697 ms allocating slab
[3057.648][v][vo/gpu-next/wayland] Disabling the idle inhibitor
[3057.672][d][vo/gpu-next/libplacebo] First frame received with non-zero PTS 523.440000
[3057.673][d][vo/gpu-next/libplacebo] Freeing slab of size   22M
[3057.679][v][cplayer] first video frame after restart shown
[3057.682][v][cplayer] audio ready
[3057.683][d][cplayer] starting video playback
[3057.683][v][cplayer] starting audio playback
[3057.683][v][cplayer] playback restart complete @ 523.440000, audio=playing, video=playing
[3057.683][v][vo/gpu-next/wayland] Enabling idle inhibitor
[3057.683][d][ao/pipewire] Stream state changed: old_state=paused state=streaming error=(null)
[3057.684][v][cplayer] Change display sync audio drift: -1
[3057.691][v][vo/gpu-next/libplacebo] Detected fps ratio 0.0000 below threshold 0.0100, disabling interpolation
[3057.691][d][vo/gpu-next/libplacebo] (Re)creating 2560x1920x0 texture with format r8: ../src/utils/upload.c:239
[3057.692][d][vo/gpu-next/libplacebo] (Re)creating 1280x960x0 texture with format rg8: ../src/utils/upload.c:239
[3057.692][d][vo/gpu-next/libplacebo] (Re)creating 1920x1440x0 texture with format rgba16hf: src/renderer.c:3863
[3057.692][d][vo/gpu-next/libplacebo] Allocating 23592960 memory of type 0x1 (id 1) in heap 0: src/renderer.c:3863
[3057.693][d][vo/gpu-next/libplacebo] Memory types supported by device:
[3057.693][d][vo/gpu-next/libplacebo]     0: flags 0x0 heap 1
[3057.693][d][vo/gpu-next/libplacebo]     1: flags 0x1 heap 0
[3057.693][d][vo/gpu-next/libplacebo]     2: flags 0x6 heap 1
[3057.693][d][vo/gpu-next/libplacebo]     3: flags 0xe heap 1
[3057.693][d][vo/gpu-next/libplacebo]     4: flags 0x7 heap 0
[3057.693][d][vo/gpu-next/libplacebo] Spent 0.525 ms allocating slab
[3057.739][d][vo/gpu-next/libplacebo] (Re)creating 2560x1920x0 texture with format r8: ../src/utils/upload.c:239
[3057.740][d][vo/gpu-next/libplacebo] (Re)creating 1280x960x0 texture with format rg8: ../src/utils/upload.c:239
[3057.857][v][vo/gpu-next/libplacebo] Estimated source FPS: 25.000, display FPS: 25.000
[3057.956][d][vo/gpu-next/libplacebo] Garbage collected slab of size 5769K from pool 1
[3057.956][d][vo/gpu-next/libplacebo] Freeing slab of size 5769K
[3058.924][d][vo/gpu-next/libplacebo] Garbage collected slab of size  366K from pool 1
[3058.924][d][vo/gpu-next/libplacebo] Freeing slab of size  366K
[3071.460][v][cplayer] Change display sync audio drift: 0
[3071.460][v][cplayer] Compensation factor: 0.999878
[3146.093][v][cplayer] Change display sync audio drift: -1
[3152.976][v][cplayer] Change display sync audio drift: 0
[3152.976][v][cplayer] Compensation factor: 1.000026
[3152.977][d][lavf] stream 1: resize index to 256
[3281.361][d][lavf] stream 1: resize index to 512
[3429.580][d][lavf] stream 0: resize index to 256
[3514.059][v][cplayer] Change display sync audio drift: 1
[3521.059][v][cplayer] Change display sync audio drift: 0
[3521.059][v][cplayer] Compensation factor: 1.000005
[3537.980][d][lavf] stream 1: resize index to 1024
[3701.188][d][cplayer] Run command: seek, flags=73, args=[target="30.000000", flags="relative", legacy="unused"]
[3701.188][v][lavf] queuing seek to 1196.960000
[3701.188][v][lavf] cached range 0: 0.000000 <-> 522.720000 (bof=1, eof=0)
[3701.188][v][lavf] cached range 1: 522.760000 <-> 1198.160000 (bof=0, eof=0)
[3701.188][v][lavf] ...using this range for in-cache seek.
[3701.188][v][lavf] seeking stream 0 (video) to packet 1193.760000/1193.680000
[3701.188][v][lavf] seeking stream 1 (audio) to packet 1196.949333/1196.949333
[3701.188][v][cplayer] hr-seek, skipping to 1196.960000
[3701.189][d][ao/pipewire] Stream state changed: old_state=streaming state=paused error=(null)
[3701.189][d][ffmpeg/video] h264: Reinit context to 2560x1920, pix_fmt: cuda
[3701.198][v][vd] Decoder format: 2560x1920 nv12 auto/auto/auto/auto/auto CL=mpeg2/4/h264 crop=2560x1920+0+0 A=none
[3701.198][v][vd] Using container aspect ratio.
[3701.204][d][vo/gpu-next/libplacebo] Allocating 374784 memory of type 0x7 (id 4) in heap 0: ../src/gpu/utils.c:576
[3701.205][d][vo/gpu-next/libplacebo] Memory types supported by device:
[3701.205][d][vo/gpu-next/libplacebo]     0: flags 0x0 heap 1
[3701.205][d][vo/gpu-next/libplacebo]     1: flags 0x1 heap 0
[3701.205][d][vo/gpu-next/libplacebo]     2: flags 0x6 heap 1
[3701.205][d][vo/gpu-next/libplacebo]     3: flags 0xe heap 1
[3701.205][d][vo/gpu-next/libplacebo]     4: flags 0x7 heap 0
[3701.205][d][vo/gpu-next/libplacebo] Spent 0.779 ms allocating slab
[3701.209][v][vo/gpu-next/wayland] Disabling the idle inhibitor
[3701.287][v][lavf] EOF reached.
[3701.289][d][vo/gpu-next/libplacebo] First frame received with non-zero PTS 1166.960000
[3701.289][d][vo/gpu-next/libplacebo] Freeing slab of size   22M
[3701.301][d][vo/gpu-next/libplacebo] Discontinuous source PTS jump 1167.000000 -> 1196.960000
[3701.302][d][vo/gpu-next/libplacebo] (Re)creating 2560x1920x0 texture with format r8: ../src/utils/upload.c:239
[3701.302][d][vo/gpu-next/libplacebo] (Re)creating 1280x960x0 texture with format rg8: ../src/utils/upload.c:239
[3701.303][d][vo/gpu-next/libplacebo] (Re)creating 1920x1440x0 texture with format rgba16hf: src/renderer.c:3863
[3701.303][d][vo/gpu-next/libplacebo] Allocating 23592960 memory of type 0x1 (id 1) in heap 0: src/renderer.c:3863
[3701.303][d][vo/gpu-next/libplacebo] Memory types supported by device:
[3701.303][d][vo/gpu-next/libplacebo]     0: flags 0x0 heap 1
[3701.303][d][vo/gpu-next/libplacebo]     1: flags 0x1 heap 0
[3701.303][d][vo/gpu-next/libplacebo]     2: flags 0x6 heap 1
[3701.303][d][vo/gpu-next/libplacebo]     3: flags 0xe heap 1
[3701.303][d][vo/gpu-next/libplacebo]     4: flags 0x7 heap 0
[3701.303][d][vo/gpu-next/libplacebo] Spent 0.435 ms allocating slab
[3701.305][v][cplayer] first video frame after restart shown
[3701.306][v][cplayer] audio ready
[3701.306][d][cplayer] starting video playback
[3701.306][v][cplayer] starting audio playback
[3701.306][v][cplayer] playback restart complete @ 1196.960000, audio=playing, video=playing
[3701.307][v][vo/gpu-next/wayland] Enabling idle inhibitor
[3701.308][d][ao/pipewire] Stream state changed: old_state=paused state=streaming error=(null)
[3701.309][v][cplayer] Change display sync audio drift: -1
[3701.309][v][vo/gpu-next/libplacebo] Detected fps ratio 0.0000 below threshold 0.0100, disabling interpolation
[3701.309][d][vo/gpu-next/libplacebo] (Re)creating 2560x1920x0 texture with format r8: ../src/utils/upload.c:239
[3701.310][d][vo/gpu-next/libplacebo] (Re)creating 1280x960x0 texture with format rg8: ../src/utils/upload.c:239
[3701.492][v][vo/gpu-next/libplacebo] Estimated source FPS: 25.000, display FPS: 25.000
[3701.760][d][cplayer] Run command: seek, flags=73, args=[target="30.000000", flags="relative", legacy="unused"]
[3701.760][v][lavf] queuing seek to 1227.400000
[3701.760][v][lavf] cached range 0: 0.000000 <-> 522.720000 (bof=1, eof=0)
[3701.760][v][lavf] cached range 1: 522.760000 <-> 1229.120000 (bof=0, eof=1)
[3701.760][v][lavf] ...using this range for in-cache seek.
[3701.760][v][lavf] seeking stream 0 (video) to packet 1225.480000/1225.400000
[3701.760][v][lavf] seeking stream 1 (audio) to packet 1227.392000/1227.392000
[3701.760][v][cplayer] hr-seek, skipping to 1227.400000
[3701.761][d][ao/pipewire] Stream state changed: old_state=streaming state=paused error=(null)
[3701.761][v][lavf] EOF reached.
[3701.761][d][ffmpeg/video] h264: Reinit context to 2560x1920, pix_fmt: cuda
[3701.772][v][vd] Decoder format: 2560x1920 nv12 auto/auto/auto/auto/auto CL=mpeg2/4/h264 crop=2560x1920+0+0 A=none
[3701.772][v][vd] Using container aspect ratio.
[3701.775][v][vo/gpu-next/wayland] Disabling the idle inhibitor
[3701.861][d][vo/gpu-next/libplacebo] First frame received with non-zero PTS 1197.400000
[3701.862][d][vo/gpu-next/libplacebo] Freeing slab of size   22M
[3701.881][d][vo/gpu-next/libplacebo] Discontinuous source PTS jump 1197.440000 -> 1227.400000
[3701.881][d][vo/gpu-next/libplacebo] (Re)creating 2560x1920x0 texture with format r8: ../src/utils/upload.c:239
[3701.882][d][vo/gpu-next/libplacebo] (Re)creating 1280x960x0 texture with format rg8: ../src/utils/upload.c:239
[3701.883][d][vo/gpu-next/libplacebo] (Re)creating 1920x1440x0 texture with format rgba16hf: src/renderer.c:3863
[3701.883][d][vo/gpu-next/libplacebo] Allocating 23592960 memory of type 0x1 (id 1) in heap 0: src/renderer.c:3863
[3701.884][d][vo/gpu-next/libplacebo] Memory types supported by device:
[3701.884][d][vo/gpu-next/libplacebo]     0: flags 0x0 heap 1
[3701.884][d][vo/gpu-next/libplacebo]     1: flags 0x1 heap 0
[3701.884][d][vo/gpu-next/libplacebo]     2: flags 0x6 heap 1
[3701.884][d][vo/gpu-next/libplacebo]     3: flags 0xe heap 1
[3701.884][d][vo/gpu-next/libplacebo]     4: flags 0x7 heap 0
[3701.884][d][vo/gpu-next/libplacebo] Spent 0.686 ms allocating slab
[3701.886][v][cplayer] first video frame after restart shown
[3701.887][v][cplayer] audio ready
[3701.887][d][cplayer] starting video playback
[3701.887][v][cplayer] starting audio playback
[3701.887][v][cplayer] playback restart complete @ 1227.400000, audio=playing, video=playing
[3701.887][v][vo/gpu-next/wayland] Enabling idle inhibitor
[3701.889][d][ao/pipewire] Stream state changed: old_state=paused state=streaming error=(null)
[3701.890][v][cplayer] Change display sync audio drift: -1
[3701.890][v][vo/gpu-next/libplacebo] Detected fps ratio 0.0000 below threshold 0.0100, disabling interpolation
[3701.890][d][vo/gpu-next/libplacebo] (Re)creating 2560x1920x0 texture with format r8: ../src/utils/upload.c:239
[3701.892][d][vo/gpu-next/libplacebo] (Re)creating 1280x960x0 texture with format rg8: ../src/utils/upload.c:239
[3702.079][v][vo/gpu-next/libplacebo] Estimated source FPS: 25.000, display FPS: 25.000
[3702.314][d][cplayer] Run command: seek, flags=73, args=[target="30.000000", flags="relative", legacy="unused"]
[3702.314][v][lavf] queuing seek to 1257.840000
[3702.314][v][lavf] cached range 0: 0.000000 <-> 522.720000 (bof=1, eof=0)
[3702.314][v][lavf] cached range 1: 522.760000 <-> 1229.120000 (bof=0, eof=1)
[3702.314][v][lavf] ...using this range for in-cache seek.
[3702.314][v][lavf] seeking stream 0 (video) to packet 1228.360000/1228.280000
[3702.314][v][lavf] seeking stream 1 (audio) to packet 1229.120000/1229.120000
[3702.315][v][cplayer] hr-seek, skipping to 1257.840000
[3702.315][d][ffmpeg/video] h264: Reinit context to 2560x1920, pix_fmt: cuda
[3702.315][v][lavf] EOF reached.
[3702.315][d][ao/pipewire] Stream state changed: old_state=streaming state=paused error=(null)
[3702.323][v][vd] Decoder format: 2560x1920 nv12 auto/auto/auto/auto/auto CL=mpeg2/4/h264 crop=2560x1920+0+0 A=none
[3702.323][v][vd] Using container aspect ratio.
[3702.329][v][vo/gpu-next/wayland] Disabling the idle inhibitor
[3702.346][v][vf] filter input EOF
[3702.346][v][vf] filter output EOF
[3702.346][d][vo/gpu-next/libplacebo] First frame received with non-zero PTS 1228.920000
[3702.346][d][vo/gpu-next/libplacebo] Freeing slab of size   22M
[3702.348][d][vo/gpu-next] Render queue underrun.
[3702.362][d][vo/gpu-next] Render queue underrun.
[3702.362][v][cplayer] first video frame after restart shown
[3702.363][v][af] filter input EOF
[3702.363][v][af] filter output EOF
[3702.363][v][cplayer] audio filter EOF
[3702.363][d][cplayer] video EOF (status=4)
[3702.363][v][cplayer] audio ready (and EOF)
[3702.363][d][cplayer] video EOF (status=4)
[3702.363][v][cplayer] starting audio playback
[3702.363][v][cplayer] audio draining
[3702.363][v][cplayer] playback restart complete @ -9223372036854775808.000000, audio=draining, video=eof
[3702.363][v][cplayer] audio EOF reached
[3702.363][d][cplayer] video EOF (status=4)
[3702.363][v][cplayer] EOF code: 1  
[3702.363][d][ad] Uninit decoder.
[3702.363][v][vo/gpu-next/wayland] Enabling idle inhibitor
[3702.363][v][vo/gpu-next/wayland] Disabling the idle inhibitor
[3702.363][d][vd] Uninit decoder.
[3702.364][d][ao/pipewire] Stream state changed: old_state=paused state=streaming error=(null)
[3702.491][d][cplayer] Terminating demuxers...
[3702.591][v][cplayer] Forcefully terminating demuxers...
[3702.658][d][cplayer] Done terminating demuxers.
[3702.658][v][cplayer] finished playback, success (reason 0)
[3702.658][v][cplayer] Running hook: ytdl_hook/on_after_end_file
[3702.660][d][cplayer] Run command: del, flags=64, args=[name="user-data/mpv/ytdl/json-subprocess-result"]
[3702.660][d][global] config path: 'cache/watch_later' -> '/home/beiming/.config/mpv/cache/watch_later'
[3702.660][d][global] user path: '~~/cache/watch_later' -> '/home/beiming/.config/mpv/cache/watch_later'
[3702.660][d][vo/gpu-next/libplacebo] First frame received with non-zero PTS 1228.920000
[3702.660][i][cplayer] Playing: /home/beiming/Videos/成龙历险记1-5季 4K修复版/[BASIGN]25.决战西部.mp4
[3702.660][v][cplayer] Running hook: ytdl_hook/on_load
[3702.660][d][vo/gpu-next/libplacebo] Allocating 270336 memory of type 0x7 (id 4) in heap 0: ../src/gpu/utils.c:576
[3702.667][d][vo/gpu-next/libplacebo] Memory types supported by device:
[3702.667][d][vo/gpu-next/libplacebo]     0: flags 0x0 heap 1
[3702.667][d][vo/gpu-next/libplacebo]     1: flags 0x1 heap 0
[3702.667][d][vo/gpu-next/libplacebo]     2: flags 0x6 heap 1
[3702.667][d][vo/gpu-next/libplacebo]     3: flags 0xe heap 1
[3702.667][d][vo/gpu-next/libplacebo]     4: flags 0x7 heap 0
[3702.667][d][vo/gpu-next/libplacebo] Spent 6.723 ms allocating slab
[3702.667][d][vo/gpu-next/libplacebo] Freeing slab of size   22M
[3702.674][d][vo/gpu-next/libplacebo] (Re)creating 2560x1920x0 texture with format r8: ../src/utils/upload.c:239
[3702.675][d][vo/gpu-next/libplacebo] (Re)creating 1280x960x0 texture with format rg8: ../src/utils/upload.c:239
[3702.675][d][vo/gpu-next] Render queue underrun.
[3702.675][d][vo/gpu-next/libplacebo] (Re)creating 1920x1440x0 texture with format rgba16hf: src/renderer.c:3863
[3702.675][d][vo/gpu-next/libplacebo] Allocating 23592960 memory of type 0x1 (id 1) in heap 0: src/renderer.c:3863
[3702.679][d][vo/gpu-next/libplacebo] Memory types supported by device:
[3702.679][d][vo/gpu-next/libplacebo]     0: flags 0x0 heap 1
[3702.679][d][vo/gpu-next/libplacebo]     1: flags 0x1 heap 0
[3702.679][d][vo/gpu-next/libplacebo]     2: flags 0x6 heap 1
[3702.679][d][vo/gpu-next/libplacebo]     3: flags 0xe heap 1
[3702.679][d][vo/gpu-next/libplacebo]     4: flags 0x7 heap 0
[3702.679][d][vo/gpu-next/libplacebo] Spent 4.135 ms allocating slab
[3702.685][v][cplayer] Running hook: ytdl_hook/on_load
[3702.685][v][ytdl_hook] playlist hook
[3702.686][v][ifo_dvdnav] Opening /home/beiming/Videos/成龙历险记1-5季 4K修复版/[BASIGN]25.决战西部.mp4
[3702.686][v][bdmv/bluray] Opening /home/beiming/Videos/成龙历险记1-5季 4K修复版/[BASIGN]25.决战西部.mp4
[3702.686][v][file] Opening /home/beiming/Videos/成龙历险记1-5季 4K修复版/[BASIGN]25.决战西部.mp4
[3702.686][d][file] resize stream to 131072 bytes, drop 0 bytes
[3702.686][d][file] Stream opened successfully.
[3702.686][v][demux] Trying demuxers for level=normal.
[3702.686][d][demux] Trying demuxer: directory (force-level: normal)
[3702.689][d][demux] Trying demuxer: disc (force-level: normal)
[3702.689][d][demux] Trying demuxer: edl (force-level: normal)
[3702.689][d][demux] Trying demuxer: cue (force-level: normal)
[3702.689][d][demux] Trying demuxer: rawaudio (force-level: normal)
[3702.689][d][demux] Trying demuxer: rawvideo (force-level: normal)
[3702.689][d][demux] Trying demuxer: mkv (force-level: normal)
[3702.689][d][demux] Trying demuxer: libarchive (force-level: normal)
[3702.689][d][demux] Trying demuxer: lavf (force-level: normal)
[3702.692][v][lavf] Found 'mov,mp4,m4a,3gp,3g2,mj2' at score=100 size=2048.
[3702.692][v][file] stream level seek from 131072 to 1313610263
[3702.712][v][demux] Detected file format: mov,mp4,m4a,3gp,3g2,mj2 (libavformat)
[3702.712][d][global] config path: 'cache/stream_cache' -> '/home/beiming/.config/mpv/cache/stream_cache'
[3702.712][d][global] user path: '~~/cache/stream_cache' -> '/home/beiming/.config/mpv/cache/stream_cache'
[3702.712][v][cplayer] Opening done: /home/beiming/Videos/成龙历险记1-5季 4K修复版/[BASIGN]25.决战西部.mp4
[3702.712][v][find_files] Loading external files in /home/beiming/Videos/成龙历险记1-5季 4K修复版/
[3702.712][d][global] config path: 'sub' -/-> '/home/beiming/.config/mpv/sub'
[3702.712][d][global] config path: 'sub' -/-> '/home/beiming/.mpv/sub'
[3702.712][d][global] config path: 'sub' -/-> '/etc/mpv/sub'
[3702.712][v][cplayer] Running hook: ytdl_hook/on_preloaded
[3702.713][v][lavf] select track 0
[3702.713][v][lavf] select track 1
[3702.713][i][cplayer]  ● Video  --vid=1  (h264 2624x1920 25 fps) [default]
[3702.713][i][cplayer]  ● Audio  --aid=1  (aac 2ch 48000 Hz 192 kbps) [default]
[3702.713][v][vd] Container reported FPS: 25.000000
[3702.713][v][vd] Codec list:
[3702.713][v][vd]     h264 - H.264 / AVC / MPEG-4 AVC / MPEG-4 part 10
[3702.713][v][vd]     h264_v4l2m2m (h264) - V4L2 mem2mem H.264 decoder wrapper
[3702.713][v][vd]     h264_qsv (h264) - H264 video (Intel Quick Sync Video acceleration)
[3702.713][v][vd]     h264_amf (h264) - H264 AMD AMF video decoder
[3702.713][v][vd]     h264_cuvid (h264) - Nvidia CUVID H264 decoder
[3702.713][v][vd] Opening decoder h264
[3702.713][v][vd] Looking at hwdec h264-vulkan...
[3702.713][v][vd] Not using this for auto-copy.
[3702.713][v][vd] Looking at hwdec h264-nvdec...
[3702.713][v][vd] Not using this for auto-copy.
[3702.713][v][vd] Looking at hwdec h264-vaapi...
[3702.713][v][vd] Not using this for auto-copy.
[3702.713][v][vd] Looking at hwdec h264-vulkan-copy...
[3702.714][d][ffmpeg] Vulkan: Supported layers:
[3702.714][d][ffmpeg] Vulkan: 	VK_LAYER_VALVE_steam_overlay_32
[3702.714][d][ffmpeg] Vulkan: 	VK_LAYER_VALVE_steam_overlay_64
[3702.714][d][ffmpeg] Vulkan: 	VK_LAYER_VALVE_steam_fossilize_32
[3702.714][d][ffmpeg] Vulkan: 	VK_LAYER_VALVE_steam_fossilize_64
[3702.714][d][ffmpeg] Vulkan: 	VK_LAYER_MESA_anti_lag
[3702.714][d][ffmpeg] Vulkan: 	VK_LAYER_MESA_device_select
[3702.714][d][ffmpeg] Vulkan: 	VK_LAYER_MANGOHUD_overlay_x86_64
[3702.714][d][ffmpeg] Vulkan: 	VK_LAYER_NV_optimus
[3702.714][d][ffmpeg] Vulkan: 	VK_LAYER_NV_present
[3702.733][d][ffmpeg] Vulkan: GPU listing:
[3702.733][d][ffmpeg] Vulkan:     0: Intel(R) Graphics (RPL-S) (integrated) (0xa788)
[3702.733][d][ffmpeg] Vulkan:     1: NVIDIA GeForce RTX 5060 Laptop GPU (discrete) (0x2d19)
[3702.733][d][ffmpeg] Vulkan: Device 0 selected: Intel(R) Graphics (RPL-S) (integrated) (0xa788)
[3702.733][d][ffmpeg] Vulkan: Using device extension VK_KHR_push_descriptor
[3702.733][d][ffmpeg] Vulkan: Using device extension VK_EXT_physical_device_drm
[3702.733][d][ffmpeg] Vulkan: Using device extension VK_EXT_shader_atomic_float
[3702.733][d][ffmpeg] Vulkan: Using device extension VK_EXT_shader_object
[3702.733][d][ffmpeg] Vulkan: Using device extension VK_KHR_shader_subgroup_rotate
[3702.733][d][ffmpeg] Vulkan: Using device extension VK_EXT_host_image_copy
[3702.733][d][ffmpeg] Vulkan: Using device extension VK_KHR_workgroup_memory_explicit_layout
[3702.733][d][ffmpeg] Vulkan: Using device extension VK_KHR_shader_relaxed_extended_instruction
[3702.733][d][ffmpeg] Vulkan: Using device extension VK_EXT_shader_replicated_composites
[3702.733][d][ffmpeg] Vulkan: Using device extension VK_KHR_shader_expect_assume
[3702.733][d][ffmpeg] Vulkan: Using device extension VK_KHR_internally_synchronized_queues
[3702.733][d][ffmpeg] Vulkan: Using device extension VK_KHR_external_memory_fd
[3702.733][d][ffmpeg] Vulkan: Using device extension VK_EXT_external_memory_dma_buf
[3702.733][d][ffmpeg] Vulkan: Using device extension VK_EXT_image_drm_format_modifier
[3702.733][d][ffmpeg] Vulkan: Using device extension VK_KHR_external_semaphore_fd
[3702.733][d][ffmpeg] Vulkan: Using device extension VK_EXT_external_memory_host
[3702.733][d][ffmpeg] Vulkan: Queue families:
[3702.733][d][ffmpeg] Vulkan:     0: graphics compute transfer sparse (queues: 1)
[3702.744][d][ffmpeg] Vulkan: Using device: Intel(R) Graphics (RPL-S)
[3702.744][d][ffmpeg] Vulkan: Alignments:
[3702.744][d][ffmpeg] Vulkan:     optimalBufferCopyRowPitchAlignment: 64
[3702.744][d][ffmpeg] Vulkan:     minMemoryMapAlignment:              4096
[3702.744][d][ffmpeg] Vulkan:     nonCoherentAtomSize:                64
[3702.744][d][ffmpeg] Vulkan:     minImportedHostPointerAlignment:    4096
[3702.744][v][vd] Trying hardware decoding via h264-vulkan-copy.
[3702.744][v][vd] Requesting 4 threads for decoding.
[3702.745][v][vd] Selected decoder: h264 - H.264 / AVC / MPEG-4 AVC / MPEG-4 part 10
[3702.745][v][vf] User filter list:
[3702.745][v][vf]   (empty)
[3702.745][v][ad] Codec list:
[3702.745][v][ad]     aac - AAC (Advanced Audio Coding)
[3702.745][v][ad]     aac_fixed (aac) - AAC (Advanced Audio Coding)
[3702.745][v][ad] Opening decoder aac
[3702.745][v][ad] Requesting 1 threads for decoding.
[3702.745][v][ad] Selected decoder: aac - AAC (Advanced Audio Coding)
[3702.745][v][af] User filter list:
[3702.745][v][af]   (empty)
[3702.745][v][cplayer] Starting playback...
[3702.746][v][file] stream level seek from 1314536359 to 48
[3702.746][d][vo/gpu-next/libplacebo] Freeing slab of size   22M
[3702.746][d][lavf] stream 1: resize index to 128
[3702.750][d][lavf] stream 0: resize index to 128
[3702.774][v][thumbfast] Subprocess failed: killed
[3702.774][d][vo/gpu-next/libplacebo] First frame received with non-zero PTS 1228.920000
[3702.774][d][vo/gpu-next/libplacebo] (Re)creating 2560x1920x0 texture with format r8: ../src/utils/upload.c:239
[3702.775][d][vo/gpu-next/libplacebo] (Re)creating 1280x960x0 texture with format rg8: ../src/utils/upload.c:239
[3702.775][d][vo/gpu-next] Render queue underrun.
[3702.775][d][vo/gpu-next/libplacebo] (Re)creating 1920x1440x0 texture with format rgba16hf: src/renderer.c:3863
[3702.775][d][vo/gpu-next/libplacebo] Allocating 23592960 memory of type 0x1 (id 1) in heap 0: src/renderer.c:3863
[3702.775][d][vo/gpu-next/libplacebo] Memory types supported by device:
[3702.775][d][vo/gpu-next/libplacebo]     0: flags 0x0 heap 1
[3702.775][d][vo/gpu-next/libplacebo]     1: flags 0x1 heap 0
[3702.775][d][vo/gpu-next/libplacebo]     2: flags 0x6 heap 1
[3702.775][d][vo/gpu-next/libplacebo]     3: flags 0xe heap 1
[3702.775][d][vo/gpu-next/libplacebo]     4: flags 0x7 heap 0
[3702.775][d][vo/gpu-next/libplacebo] Spent 0.121 ms allocating slab
[3702.776][d][cplayer] Run command: overlay-remove, flags=64, args=[id="42"]
[3702.776][d][cplayer] Run command: script-message, flags=64, args=[args="thumbfast-info", args="{\"width\":320,\"available\":true,\"thumbnail\":\"/tmp/thumbfast.out5290\",\"height\":240,\"overlay_id\":42,\"scale_factor\":1,\"disabled\":false,\"socket\":\"/tmp/thumbfast5290\"}"]
[3702.776][v][af] [in] 48000Hz stereo 2ch floatp
[3702.776][v][af] [userspeed] 48000Hz stereo 2ch floatp
[3702.776][v][af] [userspeed] (disabled)
[3702.776][v][af] [convert] 48000Hz stereo 2ch floatp
[3702.777][v][vd] Pixel formats supported by decoder: vdpau vulkan cuda vaapi yuv420p
[3702.777][v][vd] Codec profile: High (0x64)
[3702.777][v][vd] Requesting pixfmt 'vulkan' from decoder.
[3702.777][e][ffmpeg/video] h264: Device does not support the VK_KHR_video_decode_queue extension!
[3702.777][e][ffmpeg/video] h264: Failed setup for format vulkan: hwaccel initialisation returned error.
[3702.777][v][vd] Pixel formats supported by decoder: vdpau cuda vaapi yuv420p yuv420p
[3702.777][v][vd] Codec profile: High (0x64)
[3702.777][v][vd] Requesting pixfmt '-' from decoder.
[3702.777][e][ffmpeg/video] h264: no frame!
[3702.777][v][vd] Pixel formats supported by decoder: vdpau vulkan cuda vaapi yuv420p
[3702.777][v][vd] Codec profile: High (0x64)
[3702.777][v][vd] Requesting pixfmt 'vulkan' from decoder.
[3702.777][e][ffmpeg/video] h264: Device does not support the VK_KHR_video_decode_queue extension!
[3702.777][e][ffmpeg/video] h264: Failed setup for format vulkan: hwaccel initialisation returned error.
[3702.777][v][vd] Pixel formats supported by decoder: vdpau cuda vaapi yuv420p yuv420p
[3702.777][v][vd] Codec profile: High (0x64)
[3702.777][v][vd] Requesting pixfmt '-' from decoder.
[3702.777][e][ffmpeg/video] h264: no frame!
[3702.780][v][vd] Attempting next decoding method after failure of h264-vulkan-copy.
[3702.780][d][vd] Skipping previously attempted hwdec: h264-vulkan
[3702.780][d][vd] Skipping previously attempted hwdec: h264-nvdec
[3702.780][d][vd] Skipping previously attempted hwdec: h264-vaapi
[3702.780][d][vd] Skipping previously attempted hwdec: h264-vulkan-copy
[3702.780][v][vd] Looking at hwdec h264-nvdec-copy...
[3702.891][v][vd] Trying hardware decoding via h264-nvdec-copy.
[3702.891][v][vd] Requesting 4 threads for decoding.
[3702.891][v][vd] Pixel formats supported by decoder: vdpau vulkan cuda vaapi yuv420p
[3702.891][d][vo/gpu-next/libplacebo] Allocating 540672 memory of type 0x7 (id 4) in heap 0: ../src/gpu/utils.c:576
[3702.891][v][vd] Codec profile: High (0x64)
[3702.891][v][vd] Requesting pixfmt 'cuda' from decoder.
[3702.892][d][vo/gpu-next/libplacebo] Memory types supported by device:
[3702.892][d][vo/gpu-next/libplacebo]     0: flags 0x0 heap 1
[3702.892][d][vo/gpu-next/libplacebo]     1: flags 0x1 heap 0
[3702.892][d][vo/gpu-next/libplacebo]     2: flags 0x6 heap 1
[3702.892][d][vo/gpu-next/libplacebo]     3: flags 0xe heap 1
[3702.892][d][vo/gpu-next/libplacebo]     4: flags 0x7 heap 0
[3702.892][d][vo/gpu-next/libplacebo] Spent 0.322 ms allocating slab
[3702.892][d][vo/gpu-next] Render queue underrun.
[3702.904][d][ffmpeg/video] h264: NVDEC capabilities:
[3702.904][d][ffmpeg/video] h264: format supported: yes, max_mb_count: 262144
[3702.904][d][ffmpeg/video] h264: min_width: 48, max_width: 8192
[3702.904][d][ffmpeg/video] h264: min_height: 64, max_height: 8192
[3702.951][d][ffmpeg/video] h264: Reinit context to 2624x1920, pix_fmt: cuda
[3702.965][i][vd] Using hardware decoding (nvdec-copy).
[3702.965][v][vd] Decoder format: 2624x1920 nv12 auto/auto/auto/auto/auto CL=mpeg2/4/h264 crop=2624x1920+0+0 A=none
[3702.965][v][vd] Using container aspect ratio.
[3702.965][v][vf] [in] 2624x1920 nv12 bt.709/bt.709/bt.1886/limited/display CL=mpeg2/4/h264 crop=2624x1920+0+0 A=none
[3702.965][v][vf] [userdeint] 2624x1920 nv12 bt.709/bt.709/bt.1886/limited/display CL=mpeg2/4/h264 crop=2624x1920+0+0 A=none
[3702.965][v][vf] [userdeint] (disabled)
[3702.965][v][vf] [autovflip] 2624x1920 nv12 bt.709/bt.709/bt.1886/limited/display CL=mpeg2/4/h264 crop=2624x1920+0+0 A=none
[3702.965][v][vf] [autovflip] (disabled)
[3702.965][v][vf] [autorotate] 2624x1920 nv12 bt.709/bt.709/bt.1886/limited/display CL=mpeg2/4/h264 crop=2624x1920+0+0 A=none
[3702.965][v][vf] [autorotate] (disabled)
[3702.965][v][vf] [convert] 2624x1920 nv12 bt.709/bt.709/bt.1886/limited/display CL=mpeg2/4/h264 crop=2624x1920+0+0 A=none
[3702.966][v][vf] [convert] (disabled)
[3702.966][v][vf] [out] 2624x1920 nv12 bt.709/bt.709/bt.1886/limited/display CL=mpeg2/4/h264 crop=2624x1920+0+0 A=none
[3702.966][d][cplayer] Run command: script-message, flags=64, args=[args="thumbfast-info", args="{\"width\":320,\"available\":true,\"thumbnail\":\"/tmp/thumbfast.out5290\",\"height\":240,\"overlay_id\":42,\"scale_factor\":1,\"disabled\":false,\"socket\":\"/tmp/thumbfast5290\"}"]
[3702.966][v][af] [convert] (disabled)
[3702.966][v][af] [out] 48000Hz stereo 2ch floatp
[3702.969][d][vo/gpu-next/libplacebo] Allocating 402432 memory of type 0x7 (id 4) in heap 0: ../src/gpu/utils.c:576
[3702.970][d][vo/gpu-next/libplacebo] Memory types supported by device:
[3702.970][d][vo/gpu-next/libplacebo]     0: flags 0x0 heap 1
[3702.970][d][vo/gpu-next/libplacebo]     1: flags 0x1 heap 0
[3702.970][d][vo/gpu-next/libplacebo]     2: flags 0x6 heap 1
[3702.970][d][vo/gpu-next/libplacebo]     3: flags 0xe heap 1
[3702.970][d][vo/gpu-next/libplacebo]     4: flags 0x7 heap 0
[3702.970][d][vo/gpu-next/libplacebo] Spent 0.637 ms allocating slab
[3702.970][d][vo/gpu-next] Render queue underrun.
[3702.972][i][cplayer] VO: [gpu-next] 2624x1920 nv12
[3702.972][v][cplayer] VO: Description: Video output based on libplacebo
[3702.972][v][vo/gpu-next] reconfig to 2624x1920 nv12 bt.709/bt.709/bt.1886/limited/display CL=mpeg2/4/h264 crop=2624x1920+0+0 A=none
[3702.972][v][vo/gpu-next/wayland] Reconfiguring!
[3702.972][d][vo/gpu-next] max content size: 2560x1440
[3702.972][d][vo/gpu-next] monitor size: 2560x1440
[3702.972][v][vo/gpu-next] Window size: 1771x1296 (Borders: l=0 t=0 r=0 b=0)
[3702.972][v][vo/gpu-next] Video source: 2624x1920 (1:1)
[3702.972][v][vo/gpu-next] Video display: (0, 0) 2624x1920 -> (0, 0) 1771x1296
[3702.972][v][vo/gpu-next] Video scale: 0.674924/0.675000
[3702.972][v][vo/gpu-next] OSD borders: l=0 t=0 r=0 b=0
[3702.972][v][vo/gpu-next] Video borders: l=0 t=0 r=0 b=0
[3702.972][v][vo/gpu-next/wayland] Handling resize on the vk side
[3702.972][v][vo/gpu-next] Window size: 2560x1440 (Borders: l=0 t=0 r=0 b=0)
[3702.972][v][vo/gpu-next] Video source: 2624x1920 (1:1)
[3702.972][v][vo/gpu-next] Video display: (0, 0) 2624x1920 -> (296, 0) 1968x1440
[3702.972][v][vo/gpu-next] Video scale: 0.750000/0.750000
[3702.972][v][vo/gpu-next] OSD borders: l=296 t=0 r=296 b=0
[3702.972][v][vo/gpu-next] Video borders: l=296 t=0 r=296 b=0
[3702.972][v][vo/gpu-next] Forcing queue refill, PTS(0.080000 + 0.000000 | 0.016667) < VPTS(1228.920000)
[3702.972][d][vo/gpu-next/libplacebo] Freeing slab of size   22M
[3702.973][d][vo/gpu-next/libplacebo] First frame received with non-zero PTS 0.080000
[3702.974][d][vo/gpu-next/libplacebo] (Re)creating 2624x1920x0 texture with format r8: ../src/utils/upload.c:239
[3702.974][d][vo/gpu-next/libplacebo] Allocating 5038080 memory of type 0x1 (id 1) in heap 0: ../src/utils/upload.c:239
[3702.974][d][vo/gpu-next/libplacebo] Memory types supported by device:
[3702.974][d][vo/gpu-next/libplacebo]     0: flags 0x0 heap 1
[3702.974][d][vo/gpu-next/libplacebo]     1: flags 0x1 heap 0
[3702.974][d][vo/gpu-next/libplacebo]     2: flags 0x6 heap 1
[3702.974][d][vo/gpu-next/libplacebo]     3: flags 0xe heap 1
[3702.974][d][vo/gpu-next/libplacebo]     4: flags 0x7 heap 0
[3702.974][d][vo/gpu-next/libplacebo] Spent 0.464 ms allocating slab
[3702.974][d][vo/gpu-next/libplacebo] Allocating 5038080 memory of type 0x7 (id 4) in heap 0: ../src/gpu/utils.c:576
[3702.974][d][vo/gpu-next/libplacebo] Memory types supported by device:
[3702.975][d][vo/gpu-next/libplacebo]     0: flags 0x0 heap 1
[3702.975][d][vo/gpu-next/libplacebo]     1: flags 0x1 heap 0
[3702.975][d][vo/gpu-next/libplacebo]     2: flags 0x6 heap 1
[3702.975][d][vo/gpu-next/libplacebo]     3: flags 0xe heap 1
[3702.975][d][vo/gpu-next/libplacebo]     4: flags 0x7 heap 0
[3702.975][d][vo/gpu-next/libplacebo] Spent 0.451 ms allocating slab
[3702.977][d][vo/gpu-next/libplacebo] (Re)creating 1312x960x0 texture with format rg8: ../src/utils/upload.c:239
[3702.977][d][vo/gpu-next/libplacebo] Allocating 2686976 memory of type 0x1 (id 1) in heap 0: ../src/utils/upload.c:239
[3702.977][d][vo/gpu-next/libplacebo] Memory types supported by device:
[3702.977][d][vo/gpu-next/libplacebo]     0: flags 0x0 heap 1
[3702.977][d][vo/gpu-next/libplacebo]     1: flags 0x1 heap 0
[3702.977][d][vo/gpu-next/libplacebo]     2: flags 0x6 heap 1
[3702.977][d][vo/gpu-next/libplacebo]     3: flags 0xe heap 1
[3702.977][d][vo/gpu-next/libplacebo]     4: flags 0x7 heap 0
[3702.977][d][vo/gpu-next/libplacebo] Spent 0.471 ms allocating slab
[3702.977][d][vo/gpu-next/libplacebo] Allocating 2519040 memory of type 0x7 (id 4) in heap 0: ../src/gpu/utils.c:576
[3702.977][d][vo/gpu-next/libplacebo] Memory types supported by device:
[3702.978][d][vo/gpu-next/libplacebo]     0: flags 0x0 heap 1
[3702.978][d][vo/gpu-next/libplacebo]     1: flags 0x1 heap 0
[3702.978][d][vo/gpu-next/libplacebo]     2: flags 0x6 heap 1
[3702.978][d][vo/gpu-next/libplacebo]     3: flags 0xe heap 1
[3702.978][d][vo/gpu-next/libplacebo]     4: flags 0x7 heap 0
[3702.978][d][vo/gpu-next/libplacebo] Spent 0.388 ms allocating slab
[3702.979][d][vo/gpu-next/libplacebo] (Re)creating 2624x1920x0 texture with format r8: ../src/utils/upload.c:239
[3702.979][d][vo/gpu-next/libplacebo] Allocating 10076160 memory of type 0x1 (id 1) in heap 0: ../src/utils/upload.c:239
[3702.979][d][vo/gpu-next/libplacebo] Memory types supported by device:
[3702.979][d][vo/gpu-next/libplacebo]     0: flags 0x0 heap 1
[3702.979][d][vo/gpu-next/libplacebo]     1: flags 0x1 heap 0
[3702.979][d][vo/gpu-next/libplacebo]     2: flags 0x6 heap 1
[3702.979][d][vo/gpu-next/libplacebo]     3: flags 0xe heap 1
[3702.979][d][vo/gpu-next/libplacebo]     4: flags 0x7 heap 0
[3702.979][d][vo/gpu-next/libplacebo] Spent 0.481 ms allocating slab
[3702.979][d][vo/gpu-next/libplacebo] Allocating 10076160 memory of type 0x7 (id 4) in heap 0: ../src/gpu/utils.c:576
[3702.980][d][vo/gpu-next/libplacebo] Memory types supported by device:
[3702.980][d][vo/gpu-next/libplacebo]     0: flags 0x0 heap 1
[3702.980][d][vo/gpu-next/libplacebo]     1: flags 0x1 heap 0
[3702.980][d][vo/gpu-next/libplacebo]     2: flags 0x6 heap 1
[3702.980][d][vo/gpu-next/libplacebo]     3: flags 0xe heap 1
[3702.980][d][vo/gpu-next/libplacebo]     4: flags 0x7 heap 0
[3702.980][d][vo/gpu-next/libplacebo] Spent 0.494 ms allocating slab
[3702.982][d][vo/gpu-next/libplacebo] (Re)creating 1312x960x0 texture with format rg8: ../src/utils/upload.c:239
[3702.982][d][vo/gpu-next/libplacebo] Allocating 5373952 memory of type 0x1 (id 1) in heap 0: ../src/utils/upload.c:239
[3702.982][d][vo/gpu-next/libplacebo] Memory types supported by device:
[3702.982][d][vo/gpu-next/libplacebo]     0: flags 0x0 heap 1
[3702.982][d][vo/gpu-next/libplacebo]     1: flags 0x1 heap 0
[3702.982][d][vo/gpu-next/libplacebo]     2: flags 0x6 heap 1
[3702.982][d][vo/gpu-next/libplacebo]     3: flags 0xe heap 1
[3702.982][d][vo/gpu-next/libplacebo]     4: flags 0x7 heap 0
[3702.982][d][vo/gpu-next/libplacebo] Spent 0.324 ms allocating slab
[3702.982][d][vo/gpu-next/libplacebo] Allocating 5038080 memory of type 0x7 (id 4) in heap 0: ../src/gpu/utils.c:576
[3702.982][d][vo/gpu-next/libplacebo] Memory types supported by device:
[3702.982][d][vo/gpu-next/libplacebo]     0: flags 0x0 heap 1
[3702.982][d][vo/gpu-next/libplacebo]     1: flags 0x1 heap 0
[3702.982][d][vo/gpu-next/libplacebo]     2: flags 0x6 heap 1
[3702.982][d][vo/gpu-next/libplacebo]     3: flags 0xe heap 1
[3702.982][d][vo/gpu-next/libplacebo]     4: flags 0x7 heap 0
[3702.982][d][vo/gpu-next/libplacebo] Spent 0.320 ms allocating slab
[3702.984][d][vo/gpu-next/libplacebo] (Re)creating 1968x1440x0 texture with format rgba16hf: src/renderer.c:3863
[3702.984][d][vo/gpu-next/libplacebo] Allocating 24182784 memory of type 0x1 (id 1) in heap 0: src/renderer.c:3863
[3702.984][d][vo/gpu-next/libplacebo] Memory types supported by device:
[3702.984][d][vo/gpu-next/libplacebo]     0: flags 0x0 heap 1
[3702.984][d][vo/gpu-next/libplacebo]     1: flags 0x1 heap 0
[3702.984][d][vo/gpu-next/libplacebo]     2: flags 0x6 heap 1
[3702.984][d][vo/gpu-next/libplacebo]     3: flags 0xe heap 1
[3702.984][d][vo/gpu-next/libplacebo]     4: flags 0x7 heap 0
[3702.984][d][vo/gpu-next/libplacebo] Spent 0.469 ms allocating slab
[3702.984][d][vo/gpu-next/libplacebo] (Re)creating 1312x1920x0 texture with format rg16hf: src/renderer.c:768
[3702.984][d][vo/gpu-next/libplacebo] Freeing slab of size 9600K
[3702.985][d][vo/gpu-next/libplacebo] Allocating 10076160 memory of type 0x1 (id 1) in heap 0: src/renderer.c:768
[3702.985][d][vo/gpu-next/libplacebo] Memory types supported by device:
[3702.985][d][vo/gpu-next/libplacebo]     0: flags 0x0 heap 1
[3702.985][d][vo/gpu-next/libplacebo]     1: flags 0x1 heap 0
[3702.985][d][vo/gpu-next/libplacebo]     2: flags 0x6 heap 1
[3702.985][d][vo/gpu-next/libplacebo]     3: flags 0xe heap 1
[3702.985][d][vo/gpu-next/libplacebo]     4: flags 0x7 heap 0
[3702.985][d][vo/gpu-next/libplacebo] Spent 0.256 ms allocating slab
[3702.985][d][vo/gpu-next/libplacebo] (Re)creating 2624x1920x0 texture with format rgba16hf: src/renderer.c:2058
[3702.985][d][vo/gpu-next/libplacebo] Freeing slab of size   37M
[3702.985][d][vo/gpu-next/libplacebo] Allocating 40304640 memory of type 0x1 (id 1) in heap 0: src/renderer.c:2058
[3702.986][d][vo/gpu-next/libplacebo] Memory types supported by device:
[3702.986][d][vo/gpu-next/libplacebo]     0: flags 0x0 heap 1
[3702.986][d][vo/gpu-next/libplacebo]     1: flags 0x1 heap 0
[3702.986][d][vo/gpu-next/libplacebo]     2: flags 0x6 heap 1
[3702.986][d][vo/gpu-next/libplacebo]     3: flags 0xe heap 1
[3702.986][d][vo/gpu-next/libplacebo]     4: flags 0x7 heap 0
[3702.986][d][vo/gpu-next/libplacebo] Spent 0.475 ms allocating slab
[3702.986][d][vo/gpu-next/libplacebo] (Re)creating 2624x1440x0 texture with format rgba16hf: src/renderer.c:768
[3702.986][d][vo/gpu-next/libplacebo] Freeing slab of size   30M
[3702.986][d][vo/gpu-next/libplacebo] Allocating 32243712 memory of type 0x1 (id 1) in heap 0: src/renderer.c:768
[3702.987][d][vo/gpu-next/libplacebo] Memory types supported by device:
[3702.987][d][vo/gpu-next/libplacebo]     0: flags 0x0 heap 1
[3702.987][d][vo/gpu-next/libplacebo]     1: flags 0x1 heap 0
[3702.987][d][vo/gpu-next/libplacebo]     2: flags 0x6 heap 1
[3702.987][d][vo/gpu-next/libplacebo]     3: flags 0xe heap 1
[3702.987][d][vo/gpu-next/libplacebo]     4: flags 0x7 heap 0
[3702.987][d][vo/gpu-next/libplacebo] Spent 0.538 ms allocating slab
[3702.991][v][cplayer] first video frame after restart shown
[3702.993][d][cplayer] Run command: script-message, flags=64, args=[args="thumbfast-info", args="{\"width\":320,\"available\":true,\"thumbnail\":\"/tmp/thumbfast.out5290\",\"height\":234,\"overlay_id\":42,\"scale_factor\":1,\"disabled\":false,\"socket\":\"/tmp/thumbfast5290\"}"]
[3702.993][d][cplayer] Run command: subprocess, flags=64, args=[args="mpv,--no-config,--msg-level=all=no,--idle,--pause,--keep-open=always,--really-quiet,--no-terminal,--load-scripts=no,--osc=no,--ytdl=no,--load-stats-overlay=no,--load-osd-console=no,--load-auto-profiles=no,--edition=auto,--vid=1,--no-sub,--no-audio,--start=0,--hr-seek=no,--ytdl-format=worst,--demuxer-readahead-secs=0,--demuxer-max-bytes=128KiB,--vd-lavc-skiploopfilter=all,--vd-lavc-software-fallback=1,--vd-lavc-fast,--vd-lavc-threads=2,--hwdec=auto,--vf=scale=w=320:h=234:force_original_aspect_ratio=decrease,pad=w=320:h=234:x=-1:y=-1,format=bgra,--sws-scaler=fast-bilinear,--video-rotate=0,--ovc=rawvideo,--of=image2,--ofopts=update=1,--o=/tmp/thumbfast.out5290,--sws-allow-zimg=no,--media-controls=no,--scripts=/tmp/thumbfast5290.run,--,/home/beiming/Videos/成龙历险记1-5季 4K修复版/[BASIGN]25.决战西部.mp4", playback_only="yes", capture_size="67108864", capture_stdout="no", capture_stderr="no", detach="no", env="PATH=/usr/local/bin:/usr/bin:/bin:/usr/local/sbin:/opt/cuda/bin:/var/lib/flatpak/exports/bin:/usr/lib/jvm/default/bin:/usr/bin/site_perl:/usr/bin/vendor_perl:/usr/bin/core_perl", stdin_data="", passthrough_stdin="no"]
[3702.993][v][cplayer] audio ready
[3702.993][d][cplayer] starting video playback
[3702.993][v][cplayer] delaying audio start 0.080000 vs. 0.080000, diff=0.000000
[3702.993][v][cplayer] playback restart complete @ 0.080000, audio=ready, video=playing
[3702.994][v][vo/gpu-next/wayland] Enabling idle inhibitor
[3702.996][v][cplayer] starting audio playback
[3702.996][v][thumbfast] Starting subprocess: [mpv, --no-config, --msg-level=all=no, --idle, --pause, --keep-open=always, --really-quiet, --no-terminal, --load-scripts=no, --osc=no, --ytdl=no, --load-stats-overlay=no, --load-osd-console=no, --load-auto-profiles=no, --edition=auto, --vid=1, --no-sub, --no-audio, --start=0, --hr-seek=no, --ytdl-format=worst, --demuxer-readahead-secs=0, --demuxer-max-bytes=128KiB, --vd-lavc-skiploopfilter=all, --vd-lavc-software-fallback=1, --vd-lavc-fast, --vd-lavc-threads=2, --hwdec=auto, --vf=scale=w=320:h=234:force_original_aspect_ratio=decrease,pad=w=320:h=234:x=-1:y=-1,format=bgra, --sws-scaler=fast-bilinear, --video-rotate=0, --ovc=rawvideo, --of=image2, --ofopts=update=1, --o=/tmp/thumbfast.out5290, --sws-allow-zimg=no, --media-controls=no, --scripts=/tmp/thumbfast5290.run, --, /home/beiming/Videos/成龙历险记1-5季 4K修复版/[BASIGN]25.决战西部.mp4]
[3703.011][d][osd] Spent 14.664 ms in osd_render (slow!)
[3703.011][v][vo/gpu-next/libplacebo] Detected fps ratio 0.0000 below threshold 0.0100, disabling interpolation
[3703.011][d][vo/gpu-next/libplacebo] (Re)creating 1968x1440x0 texture with format rgba16hf: src/renderer.c:3863
[3703.011][d][vo/gpu-next/libplacebo] Allocating 24182784 memory of type 0x1 (id 1) in heap 0: src/renderer.c:3863
[3703.012][d][vo/gpu-next/libplacebo] Memory types supported by device:
[3703.012][d][vo/gpu-next/libplacebo]     0: flags 0x0 heap 1
[3703.012][d][vo/gpu-next/libplacebo]     1: flags 0x1 heap 0
[3703.012][d][vo/gpu-next/libplacebo]     2: flags 0x6 heap 1
[3703.012][d][vo/gpu-next/libplacebo]     3: flags 0xe heap 1
[3703.012][d][vo/gpu-next/libplacebo]     4: flags 0x7 heap 0
[3703.012][d][vo/gpu-next/libplacebo] Spent 0.815 ms allocating slab
[3703.016][v][cplayer] Change display sync audio drift: -1
[3703.025][v][autoconvert] inserting resampler
[3703.025][v][swresample] format change, reinitializing resampler
[3703.025][v][swresample] 48060Hz stereo floatp -> 48000Hz stereo floatp
[3703.025][v][af] [convert] (enabled)
[3703.045][d][vo/gpu-next/libplacebo] (Re)creating 2624x1920x0 texture with format r8: ../src/utils/upload.c:239
[3703.045][d][vo/gpu-next/libplacebo] (Re)creating 1312x960x0 texture with format rg8: ../src/utils/upload.c:239
[3703.079][v][vo/gpu-next/libplacebo] Estimated source FPS: 25.000, display FPS: 25.000
[3703.112][d][vo/gpu-next/libplacebo] Garbage collected slab of size 9600K from pool 0
[3703.112][d][vo/gpu-next/libplacebo] Freeing slab of size 9600K
[3703.112][d][vo/gpu-next/libplacebo] Garbage collected slab of size 5120K from pool 0
[3703.112][d][vo/gpu-next/libplacebo] Freeing slab of size 5120K
[3703.130][d][vo/gpu-next/libplacebo] Garbage collected slab of size  366K from pool 1
[3703.130][d][vo/gpu-next/libplacebo] Freeing slab of size  366K
[3703.179][d][vo/gpu-next/libplacebo] Garbage collected slab of size 4800K from pool 1
[3703.179][d][vo/gpu-next/libplacebo] Freeing slab of size 4800K
[3703.179][d][vo/gpu-next/libplacebo] Garbage collected slab of size 2400K from pool 1
[3703.179][d][vo/gpu-next/libplacebo] Freeing slab of size 2400K
[3703.215][d][vo/gpu-next/libplacebo] Garbage collected slab of size 4800K from pool 0
[3703.215][d][vo/gpu-next/libplacebo] Freeing slab of size 4800K
[3703.216][d][vo/gpu-next/libplacebo] Garbage collected slab of size 2560K from pool 0
[3703.216][d][vo/gpu-next/libplacebo] Freeing slab of size 2560K
[3703.222][d][vo/gpu-next/libplacebo] Garbage collected slab of size 9840K from pool 1
[3703.222][d][vo/gpu-next/libplacebo] Freeing slab of size 9840K
[3703.224][d][vo/gpu-next/libplacebo] Garbage collected slab of size 4920K from pool 1
[3703.224][d][vo/gpu-next/libplacebo] Freeing slab of size 4920K
[3703.302][e][thumbfast] MESA: warning: Support for this platform is experimental with Xe KMD, bug reports may be ignored.
[3703.332][d][vo/gpu-next/libplacebo] Garbage collected slab of size  528K from pool 1
[3703.332][d][vo/gpu-next/libplacebo] Freeing slab of size  528K
[3703.428][d][vo/gpu-next/libplacebo] Allocating 804864 memory of type 0x7 (id 4) in heap 0: ../src/gpu/utils.c:576
[3703.433][d][vo/gpu-next/libplacebo] Memory types supported by device:
[3703.433][d][vo/gpu-next/libplacebo]     0: flags 0x0 heap 1
[3703.433][d][vo/gpu-next/libplacebo]     1: flags 0x1 heap 0
[3703.433][d][vo/gpu-next/libplacebo]     2: flags 0x6 heap 1
[3703.433][d][vo/gpu-next/libplacebo]     3: flags 0xe heap 1
[3703.433][d][vo/gpu-next/libplacebo]     4: flags 0x7 heap 0
[3703.433][d][vo/gpu-next/libplacebo] Spent 5.233 ms allocating slab
[3703.613][d][vo/gpu-next/libplacebo] Garbage collected slab of size  264K from pool 1
[3703.613][d][vo/gpu-next/libplacebo] Freeing slab of size  264K
[3703.614][d][cplayer] Run command: script-message, flags=64, args=[args="thumbfast-info", args="{\"width\":320,\"available\":true,\"thumbnail\":\"/tmp/thumbfast.out5290\",\"height\":234,\"overlay_id\":42,\"scale_factor\":1,\"disabled\":false,\"socket\":\"/tmp/thumbfast5290\"}"]
[3703.731][d][vo/gpu-next/libplacebo] Garbage collected slab of size  786K from pool 1
[3703.731][d][vo/gpu-next/libplacebo] Freeing slab of size  786K
[3704.130][d][vo/gpu-next/libplacebo] Garbage collected slab of size  393K from pool 1
[3704.130][d][vo/gpu-next/libplacebo] Freeing slab of size  393K
[3708.581][v][cplayer] Change display sync audio drift: 0
[3708.581][v][cplayer] Compensation factor: 0.999845
[3741.563][d][vo/gpu-next/libplacebo] Allocating 402432 memory of type 0x7 (id 4) in heap 0: ../src/gpu/utils.c:576
[3741.564][d][vo/gpu-next/libplacebo] Memory types supported by device:
[3741.564][d][vo/gpu-next/libplacebo]     0: flags 0x0 heap 1
[3741.564][d][vo/gpu-next/libplacebo]     1: flags 0x1 heap 0
[3741.564][d][vo/gpu-next/libplacebo]     2: flags 0x6 heap 1
[3741.564][d][vo/gpu-next/libplacebo]     3: flags 0xe heap 1
[3741.564][d][vo/gpu-next/libplacebo]     4: flags 0x7 heap 0
[3741.564][d][vo/gpu-next/libplacebo] Spent 0.356 ms allocating slab
[3741.597][d][vo/gpu-next/libplacebo] Allocating 804864 memory of type 0x7 (id 4) in heap 0: ../src/gpu/utils.c:576
[3741.598][d][vo/gpu-next/libplacebo] Memory types supported by device:
[3741.598][d][vo/gpu-next/libplacebo]     0: flags 0x0 heap 1
[3741.598][d][vo/gpu-next/libplacebo]     1: flags 0x1 heap 0
[3741.598][d][vo/gpu-next/libplacebo]     2: flags 0x6 heap 1
[3741.598][d][vo/gpu-next/libplacebo]     3: flags 0xe heap 1
[3741.598][d][vo/gpu-next/libplacebo]     4: flags 0x7 heap 0
[3741.598][d][vo/gpu-next/libplacebo] Spent 0.303 ms allocating slab
[3741.932][d][vo/gpu-next/libplacebo] Garbage collected slab of size  786K from pool 1
[3741.932][d][vo/gpu-next/libplacebo] Freeing slab of size  786K
[3741.946][d][vo/gpu-next/libplacebo] Garbage collected slab of size  393K from pool 1
[3741.946][d][vo/gpu-next/libplacebo] Freeing slab of size  393K
[3741.996][d][vo/gpu-next/libplacebo] Allocating 402432 memory of type 0x7 (id 4) in heap 0: ../src/gpu/utils.c:576
[3741.997][d][vo/gpu-next/libplacebo] Memory types supported by device:
[3741.997][d][vo/gpu-next/libplacebo]     0: flags 0x0 heap 1
[3741.997][d][vo/gpu-next/libplacebo]     1: flags 0x1 heap 0
[3741.997][d][vo/gpu-next/libplacebo]     2: flags 0x6 heap 1
[3741.997][d][vo/gpu-next/libplacebo]     3: flags 0xe heap 1
[3741.997][d][vo/gpu-next/libplacebo]     4: flags 0x7 heap 0
[3741.997][d][vo/gpu-next/libplacebo] Spent 0.290 ms allocating slab
[3742.030][d][vo/gpu-next/libplacebo] Allocating 804864 memory of type 0x7 (id 4) in heap 0: ../src/gpu/utils.c:576
[3742.030][d][vo/gpu-next/libplacebo] Memory types supported by device:
[3742.030][d][vo/gpu-next/libplacebo]     0: flags 0x0 heap 1
[3742.030][d][vo/gpu-next/libplacebo]     1: flags 0x1 heap 0
[3742.030][d][vo/gpu-next/libplacebo]     2: flags 0x6 heap 1
[3742.030][d][vo/gpu-next/libplacebo]     3: flags 0xe heap 1
[3742.030][d][vo/gpu-next/libplacebo]     4: flags 0x7 heap 0
[3742.030][d][vo/gpu-next/libplacebo] Spent 0.328 ms allocating slab
[3742.299][d][vo/gpu-next/libplacebo] Garbage collected slab of size  786K from pool 1
[3742.299][d][vo/gpu-next/libplacebo] Freeing slab of size  786K
[3744.483][d][cplayer] Run command: enable-section, flags=64, args=[name="mbtn_left_dbl", flags=""]
[3744.483][d][cplayer] Run command: enable-section, flags=64, args=[name="mbtn_left", flags=""]
[3744.533][d][cplayer] Run command: disable-section, flags=64, args=[name="mbtn_left_dbl"]
[3744.534][d][cplayer] Run command: disable-section, flags=64, args=[name="mbtn_left"]
[3744.546][d][vo/gpu-next/libplacebo] Allocating 804864 memory of type 0x7 (id 4) in heap 0: ../src/gpu/utils.c:576
[3744.547][d][vo/gpu-next/libplacebo] Memory types supported by device:
[3744.547][d][vo/gpu-next/libplacebo]     0: flags 0x0 heap 1
[3744.547][d][vo/gpu-next/libplacebo]     1: flags 0x1 heap 0
[3744.547][d][vo/gpu-next/libplacebo]     2: flags 0x6 heap 1
[3744.547][d][vo/gpu-next/libplacebo]     3: flags 0xe heap 1
[3744.547][d][vo/gpu-next/libplacebo]     4: flags 0x7 heap 0
[3744.547][d][vo/gpu-next/libplacebo] Spent 0.296 ms allocating slab
[3744.816][d][vo/gpu-next/libplacebo] Garbage collected slab of size  786K from pool 1
[3744.816][d][vo/gpu-next/libplacebo] Freeing slab of size  786K
[3744.830][d][vo/gpu-next/libplacebo] Garbage collected slab of size  393K from pool 1
[3744.830][d][vo/gpu-next/libplacebo] Freeing slab of size  393K
[3769.996][d][cplayer] Run command: seek, flags=73, args=[target="30.000000", flags="relative", legacy="unused"]
[3769.996][v][lavf] queuing seek to 97.080000
[3769.996][v][lavf] cached range 0: 0.000000 <-> 98.840000 (bof=1, eof=0)
[3769.996][v][lavf] ...using this range for in-cache seek.
[3769.996][v][lavf] seeking stream 0 (video) to packet 95.480000/95.400000
[3769.996][v][lavf] seeking stream 1 (audio) to packet 97.066667/97.066667
[3769.997][v][cplayer] hr-seek, skipping to 97.080000
[3769.997][d][ao/pipewire] Stream state changed: old_state=streaming state=paused error=(null)
[3769.998][d][ffmpeg/video] h264: Reinit context to 2624x1920, pix_fmt: cuda
[3770.013][d][vo/gpu-next/libplacebo] Allocating 374784 memory of type 0x7 (id 4) in heap 0: ../src/gpu/utils.c:576
[3770.013][d][vo/gpu-next/libplacebo] Memory types supported by device:
[3770.013][d][vo/gpu-next/libplacebo]     0: flags 0x0 heap 1
[3770.013][d][vo/gpu-next/libplacebo]     1: flags 0x1 heap 0
[3770.013][d][vo/gpu-next/libplacebo]     2: flags 0x6 heap 1
[3770.013][d][vo/gpu-next/libplacebo]     3: flags 0xe heap 1
[3770.013][d][vo/gpu-next/libplacebo]     4: flags 0x7 heap 0
[3770.013][d][vo/gpu-next/libplacebo] Spent 0.485 ms allocating slab
[3770.016][v][vo/gpu-next/wayland] Disabling the idle inhibitor
[3770.018][v][vd] Decoder format: 2624x1920 nv12 auto/auto/auto/auto/auto CL=mpeg2/4/h264 crop=2624x1920+0+0 A=none
[3770.018][v][vd] Using container aspect ratio.
[3770.059][d][lavf] stream 1: resize index to 256
[3770.086][d][vo/gpu-next/libplacebo] First frame received with non-zero PTS 97.080000
[3770.087][d][vo/gpu-next/libplacebo] Freeing slab of size   23M
[3770.092][v][cplayer] first video frame after restart shown
[3770.093][v][cplayer] audio ready
[3770.093][d][cplayer] starting video playback
[3770.093][v][cplayer] starting audio playback
[3770.093][v][cplayer] playback restart complete @ 97.080000, audio=playing, video=playing
[3770.094][v][vo/gpu-next/wayland] Enabling idle inhibitor
[3770.095][d][ao/pipewire] Stream state changed: old_state=paused state=streaming error=(null)
[3770.097][v][cplayer] Change display sync audio drift: -1
[3770.098][v][vo/gpu-next/libplacebo] Detected fps ratio 0.0000 below threshold 0.0100, disabling interpolation
[3770.098][d][vo/gpu-next/libplacebo] (Re)creating 2624x1920x0 texture with format r8: ../src/utils/upload.c:239
[3770.099][d][vo/gpu-next/libplacebo] (Re)creating 1312x960x0 texture with format rg8: ../src/utils/upload.c:239
[3770.101][d][vo/gpu-next/libplacebo] (Re)creating 1968x1440x0 texture with format rgba16hf: src/renderer.c:3863
[3770.101][d][vo/gpu-next/libplacebo] Allocating 24182784 memory of type 0x1 (id 1) in heap 0: src/renderer.c:3863
[3770.101][d][vo/gpu-next/libplacebo] Memory types supported by device:
[3770.101][d][vo/gpu-next/libplacebo]     0: flags 0x0 heap 1
[3770.101][d][vo/gpu-next/libplacebo]     1: flags 0x1 heap 0
[3770.101][d][vo/gpu-next/libplacebo]     2: flags 0x6 heap 1
[3770.101][d][vo/gpu-next/libplacebo]     3: flags 0xe heap 1
[3770.101][d][vo/gpu-next/libplacebo]     4: flags 0x7 heap 0
[3770.101][d][vo/gpu-next/libplacebo] Spent 0.693 ms allocating slab
[3770.133][d][vo/gpu-next/libplacebo] (Re)creating 2624x1920x0 texture with format r8: ../src/utils/upload.c:239
[3770.134][d][vo/gpu-next/libplacebo] (Re)creating 1312x960x0 texture with format rg8: ../src/utils/upload.c:239
[3770.267][v][vo/gpu-next/libplacebo] Estimated source FPS: 25.000, display FPS: 25.000
[3771.303][d][vo/gpu-next/libplacebo] Garbage collected slab of size  366K from pool 1
[3771.303][d][vo/gpu-next/libplacebo] Freeing slab of size  366K
[3784.235][v][cplayer] Change display sync audio drift: 0
[3784.235][v][cplayer] Compensation factor: 0.999911
[3847.403][d][vo/gpu-next/libplacebo] Allocating 685056 memory of type 0x7 (id 4) in heap 0: ../src/gpu/utils.c:576
[3847.404][d][vo/gpu-next/libplacebo] Memory types supported by device:
[3847.404][d][vo/gpu-next/libplacebo]     0: flags 0x0 heap 1
[3847.404][d][vo/gpu-next/libplacebo]     1: flags 0x1 heap 0
[3847.404][d][vo/gpu-next/libplacebo]     2: flags 0x6 heap 1
[3847.404][d][vo/gpu-next/libplacebo]     3: flags 0xe heap 1
[3847.404][d][vo/gpu-next/libplacebo]     4: flags 0x7 heap 0
[3847.404][d][vo/gpu-next/libplacebo] Spent 0.389 ms allocating slab
[3847.404][d][vo/gpu-next/libplacebo] Allocating 258048 memory of type 0x7 (id 4) in heap 0: ../src/gpu/utils.c:1175
[3847.405][d][vo/gpu-next/libplacebo] Memory types supported by device:
[3847.405][d][vo/gpu-next/libplacebo]     0: flags 0x0 heap 1
[3847.405][d][vo/gpu-next/libplacebo]     1: flags 0x1 heap 0
[3847.405][d][vo/gpu-next/libplacebo]     2: flags 0x6 heap 1
[3847.405][d][vo/gpu-next/libplacebo]     3: flags 0xe heap 1
[3847.405][d][vo/gpu-next/libplacebo]     4: flags 0x7 heap 0
[3847.405][d][vo/gpu-next/libplacebo] Spent 0.461 ms allocating slab
[3847.420][d][vo/gpu-next/libplacebo] Allocating 964608 memory of type 0x7 (id 4) in heap 0: ../src/gpu/utils.c:576
[3847.420][d][vo/gpu-next/libplacebo] Memory types supported by device:
[3847.420][d][vo/gpu-next/libplacebo]     0: flags 0x0 heap 1
[3847.420][d][vo/gpu-next/libplacebo]     1: flags 0x1 heap 0
[3847.420][d][vo/gpu-next/libplacebo]     2: flags 0x6 heap 1
[3847.420][d][vo/gpu-next/libplacebo]     3: flags 0xe heap 1
[3847.420][d][vo/gpu-next/libplacebo]     4: flags 0x7 heap 0
[3847.420][d][vo/gpu-next/libplacebo] Spent 0.598 ms allocating slab
[3847.438][d][vo/gpu-next/libplacebo] Allocating 1105920 memory of type 0x7 (id 4) in heap 0: ../src/gpu/utils.c:576
[3847.439][d][vo/gpu-next/libplacebo] Memory types supported by device:
[3847.439][d][vo/gpu-next/libplacebo]     0: flags 0x0 heap 1
[3847.439][d][vo/gpu-next/libplacebo]     1: flags 0x1 heap 0
[3847.439][d][vo/gpu-next/libplacebo]     2: flags 0x6 heap 1
[3847.439][d][vo/gpu-next/libplacebo]     3: flags 0xe heap 1
[3847.439][d][vo/gpu-next/libplacebo]     4: flags 0x7 heap 0
[3847.439][d][vo/gpu-next/libplacebo] Spent 0.402 ms allocating slab
[3847.439][d][vo/gpu-next/libplacebo] Allocating 258048 memory of type 0x7 (id 4) in heap 0: ../src/gpu/utils.c:1175
[3847.440][d][vo/gpu-next/libplacebo] Memory types supported by device:
[3847.440][d][vo/gpu-next/libplacebo]     0: flags 0x0 heap 1
[3847.440][d][vo/gpu-next/libplacebo]     1: flags 0x1 heap 0
[3847.440][d][vo/gpu-next/libplacebo]     2: flags 0x6 heap 1
[3847.440][d][vo/gpu-next/libplacebo]     3: flags 0xe heap 1
[3847.440][d][vo/gpu-next/libplacebo]     4: flags 0x7 heap 0
[3847.440][d][vo/gpu-next/libplacebo] Spent 0.251 ms allocating slab
[3847.453][d][vo/gpu-next/libplacebo] Allocating 1115136 memory of type 0x7 (id 4) in heap 0: ../src/gpu/utils.c:576
[3847.453][d][vo/gpu-next/libplacebo] Memory types supported by device:
[3847.453][d][vo/gpu-next/libplacebo]     0: flags 0x0 heap 1
[3847.453][d][vo/gpu-next/libplacebo]     1: flags 0x1 heap 0
[3847.453][d][vo/gpu-next/libplacebo]     2: flags 0x6 heap 1
[3847.453][d][vo/gpu-next/libplacebo]     3: flags 0xe heap 1
[3847.453][d][vo/gpu-next/libplacebo]     4: flags 0x7 heap 0
[3847.453][d][vo/gpu-next/libplacebo] Spent 0.350 ms allocating slab
[3847.476][d][cplayer] Run command: enable-section, flags=64, args=[name="mbtn_left_dbl", flags=""]
[3847.476][d][cplayer] Run command: enable-section, flags=64, args=[name="mbtn_left", flags=""]
[3847.493][d][cplayer] Run command: disable-section, flags=64, args=[name="mbtn_left_dbl"]
[3847.493][d][cplayer] Run command: disable-section, flags=64, args=[name="mbtn_left"]
[3847.513][d][cplayer] Run command: script-message-to, flags=64, args=[target="thumbfast", args="thumb", args="911.49355216882", args="1731", args="1006"]
[3847.513][d][cplayer] Run command: enable-section, flags=64, args=[name="mbtn_left_dbl", flags=""]
[3847.513][d][cplayer] Run command: enable-section, flags=64, args=[name="wheel", flags="allow-hide-cursor+allow-vo-dragging"]
[3847.513][d][cplayer] Run command: enable-section, flags=64, args=[name="mbtn_left", flags=""]
[3847.514][d][cplayer] Run command: overlay-add, flags=64, args=[id="42", x="1731", y="1006", file="/tmp/thumbfast.out5290.bgra", offset="0", fmt="bgra", w="320", h="234", stride="1280", dw="0", dh="0"]
[3847.520][d][vo/gpu-next/libplacebo] Allocating 1124352 memory of type 0x7 (id 4) in heap 0: ../src/gpu/utils.c:576
[3847.521][d][vo/gpu-next/libplacebo] Memory types supported by device:
[3847.521][d][vo/gpu-next/libplacebo]     0: flags 0x0 heap 1
[3847.521][d][vo/gpu-next/libplacebo]     1: flags 0x1 heap 0
[3847.521][d][vo/gpu-next/libplacebo]     2: flags 0x6 heap 1
[3847.521][d][vo/gpu-next/libplacebo]     3: flags 0xe heap 1
[3847.521][d][vo/gpu-next/libplacebo]     4: flags 0x7 heap 0
[3847.521][d][vo/gpu-next/libplacebo] Spent 0.477 ms allocating slab
[3847.522][d][vo/gpu-next/libplacebo] Allocating 485376 memory of type 0x7 (id 4) in heap 0: ../src/gpu/utils.c:576
[3847.522][d][vo/gpu-next/libplacebo] Memory types supported by device:
[3847.522][d][vo/gpu-next/libplacebo]     0: flags 0x0 heap 1
[3847.522][d][vo/gpu-next/libplacebo]     1: flags 0x1 heap 0
[3847.522][d][vo/gpu-next/libplacebo]     2: flags 0x6 heap 1
[3847.522][d][vo/gpu-next/libplacebo]     3: flags 0xe heap 1
[3847.522][d][vo/gpu-next/libplacebo]     4: flags 0x7 heap 0
[3847.522][d][vo/gpu-next/libplacebo] Spent 0.723 ms allocating slab
[3847.523][d][vo/gpu-next/libplacebo] Allocating 258048 memory of type 0x7 (id 4) in heap 0: ../src/gpu/utils.c:1175
[3847.523][d][vo/gpu-next/libplacebo] Memory types supported by device:
[3847.523][d][vo/gpu-next/libplacebo]     0: flags 0x0 heap 1
[3847.523][d][vo/gpu-next/libplacebo]     1: flags 0x1 heap 0
[3847.523][d][vo/gpu-next/libplacebo]     2: flags 0x6 heap 1
[3847.523][d][vo/gpu-next/libplacebo]     3: flags 0xe heap 1
[3847.523][d][vo/gpu-next/libplacebo]     4: flags 0x7 heap 0
[3847.523][d][vo/gpu-next/libplacebo] Spent 0.437 ms allocating slab
[3847.528][d][cplayer] Run command: script-message-to, flags=64, args=[target="thumbfast", args="thumb", args="905.2240197994", args="1718", args="1006"]
[3847.529][d][cplayer] Run command: overlay-add, flags=64, args=[id="42", x="1718", y="1006", file="/tmp/thumbfast.out5290.bgra", offset="0", fmt="bgra", w="320", h="234", stride="1280", dw="0", dh="0"]
[3847.557][d][cplayer] Run command: script-message-to, flags=64, args=[target="thumbfast", args="thumb", args="909.56446528592", args="1727", args="1006"]
[3847.557][d][cplayer] Run command: overlay-add, flags=64, args=[id="42", x="1727", y="1006", file="/tmp/thumbfast.out5290.bgra", offset="0", fmt="bgra", w="320", h="234", stride="1280", dw="0", dh="0"]
[3847.564][d][cplayer] Run command: overlay-add, flags=64, args=[id="42", x="1727", y="1006", file="/tmp/thumbfast.out5290.bgra", offset="0", fmt="bgra", w="320", h="234", stride="1280", dw="0", dh="0"]
[3847.572][d][cplayer] Run command: script-message-to, flags=64, args=[target="thumbfast", args="thumb", args="922.10353002475", args="1753", args="1006"]
[3847.572][d][cplayer] Run command: overlay-add, flags=64, args=[id="42", x="1753", y="1006", file="/tmp/thumbfast.out5290.bgra", offset="0", fmt="bgra", w="320", h="234", stride="1280", dw="0", dh="0"]
[3847.590][d][cplayer] Run command: script-message-to, flags=64, args=[target="thumbfast", args="thumb", args="936.08940992575", args="1782", args="1006"]
[3847.592][d][cplayer] Run command: overlay-add, flags=64, args=[id="42", x="1782", y="1006", file="/tmp/thumbfast.out5290.bgra", offset="0", fmt="bgra", w="320", h="234", stride="1280", dw="0", dh="0"]
[3847.598][d][cplayer] Run command: overlay-add, flags=64, args=[id="42", x="1782", y="1006", file="/tmp/thumbfast.out5290.bgra", offset="0", fmt="bgra", w="320", h="234", stride="1280", dw="0", dh="0"]
[3847.607][d][cplayer] Run command: script-message-to, flags=64, args=[target="thumbfast", args="thumb", args="940.42985541227", args="1791", args="1006"]
[3847.607][d][cplayer] Run command: overlay-add, flags=64, args=[id="42", x="1791", y="1006", file="/tmp/thumbfast.out5290.bgra", offset="0", fmt="bgra", w="320", h="234", stride="1280", dw="0", dh="0"]
[3847.627][d][cplayer] Run command: script-message-to, flags=64, args=[target="thumbfast", args="thumb", args="923.55034518692", args="1756", args="1006"]
[3847.627][d][cplayer] Run command: overlay-add, flags=64, args=[id="42", x="1756", y="1006", file="/tmp/thumbfast.out5290.bgra", offset="0", fmt="bgra", w="320", h="234", stride="1280", dw="0", dh="0"]
[3847.642][d][cplayer] Run command: script-message-to, flags=64, args=[target="thumbfast", args="thumb", args="898.95448742999", args="1705", args="1006"]
[3847.642][d][cplayer] Run command: overlay-add, flags=64, args=[id="42", x="1705", y="1006", file="/tmp/thumbfast.out5290.bgra", offset="0", fmt="bgra", w="320", h="234", stride="1280", dw="0", dh="0"]
[3847.658][d][cplayer] Run command: script-message-to, flags=64, args=[target="thumbfast", args="thumb", args="851.20958707829", args="1606", args="1006"]
[3847.658][d][cplayer] Run command: overlay-add, flags=64, args=[id="42", x="1606", y="1006", file="/tmp/thumbfast.out5290.bgra", offset="0", fmt="bgra", w="320", h="234", stride="1280", dw="0", dh="0"]
[3847.664][d][cplayer] Run command: overlay-add, flags=64, args=[id="42", x="1606", y="1006", file="/tmp/thumbfast.out5290.bgra", offset="0", fmt="bgra", w="320", h="234", stride="1280", dw="0", dh="0"]
[3847.669][d][vo/gpu-next/libplacebo] Garbage collected slab of size  669K from pool 1
[3847.669][d][vo/gpu-next/libplacebo] Freeing slab of size  669K
[3847.677][d][cplayer] Run command: script-message-to, flags=64, args=[target="thumbfast", args="thumb", args="797.19515435717", args="1494", args="1006"]
[3847.677][d][cplayer] Run command: overlay-add, flags=64, args=[id="42", x="1494", y="1006", file="/tmp/thumbfast.out5290.bgra", offset="0", fmt="bgra", w="320", h="234", stride="1280", dw="0", dh="0"]
[3847.685][d][vo/gpu-next/libplacebo] Garbage collected slab of size  942K from pool 1
[3847.685][d][vo/gpu-next/libplacebo] Freeing slab of size  942K
[3847.691][d][cplayer] Run command: script-message-to, flags=64, args=[target="thumbfast", args="thumb", args="750.89706916764", args="1398", args="1006"]
[3847.691][d][cplayer] Run command: overlay-add, flags=64, args=[id="42", x="1398", y="1006", file="/tmp/thumbfast.out5290.bgra", offset="0", fmt="bgra", w="320", h="234", stride="1280", dw="0", dh="0"]
[3847.703][d][vo/gpu-next/libplacebo] Garbage collected slab of size 1080K from pool 1
[3847.703][d][vo/gpu-next/libplacebo] Freeing slab of size 1080K
[3847.704][d][vo/gpu-next/libplacebo] Garbage collected slab of size  252K from pool 2
[3847.704][d][vo/gpu-next/libplacebo] Freeing slab of size  252K
[3847.710][d][cplayer] Run command: script-message-to, flags=64, args=[target="thumbfast", args="thumb", args="710.86851634753", args="1315", args="1006"]
[3847.710][d][cplayer] Run command: overlay-add, flags=64, args=[id="42", x="1315", y="1006", file="/tmp/thumbfast.out5290.bgra", offset="0", fmt="bgra", w="320", h="234", stride="1280", dw="0", dh="0"]
[3847.715][d][cplayer] Run command: overlay-add, flags=64, args=[id="42", x="1315", y="1006", file="/tmp/thumbfast.out5290.bgra", offset="0", fmt="bgra", w="320", h="234", stride="1280", dw="0", dh="0"]
[3847.725][d][cplayer] Run command: script-message-to, flags=64, args=[target="thumbfast", args="thumb", args="689.16628891494", args="1270", args="1006"]
[3847.725][d][cplayer] Run command: overlay-add, flags=64, args=[id="42", x="1270", y="1006", file="/tmp/thumbfast.out5290.bgra", offset="0", fmt="bgra", w="320", h="234", stride="1280", dw="0", dh="0"]
[3847.742][d][cplayer] Run command: script-message-to, flags=64, args=[target="thumbfast", args="thumb", args="676.62722417611", args="1244", args="1006"]
[3847.742][d][cplayer] Run command: overlay-add, flags=64, args=[id="42", x="1244", y="1006", file="/tmp/thumbfast.out5290.bgra", offset="0", fmt="bgra", w="320", h="234", stride="1280", dw="0", dh="0"]
[3847.749][d][cplayer] Run command: overlay-add, flags=64, args=[id="42", x="1244", y="1006", file="/tmp/thumbfast.out5290.bgra", offset="0", fmt="bgra", w="320", h="234", stride="1280", dw="0", dh="0"]
[3847.759][d][cplayer] Run command: script-message-to, flags=64, args=[target="thumbfast", args="thumb", args="660.71225739221", args="1211", args="1006"]
[3847.759][d][cplayer] Run command: overlay-add, flags=64, args=[id="42", x="1211", y="1006", file="/tmp/thumbfast.out5290.bgra", offset="0", fmt="bgra", w="320", h="234", stride="1280", dw="0", dh="0"]
[3847.774][d][cplayer] Run command: script-message-to, flags=64, args=[target="thumbfast", args="clear"]
[3847.774][d][cplayer] Run command: overlay-remove, flags=64, args=[id="42"]
[3847.775][d][cplayer] Run command: enable-section, flags=64, args=[name="mbtn_right", flags="allow-hide-cursor+allow-vo-dragging"]
[3847.786][d][vo/gpu-next/libplacebo] Allocating 943104 memory of type 0x7 (id 4) in heap 0: ../src/gpu/utils.c:576
[3847.786][d][vo/gpu-next/libplacebo] Memory types supported by device:
[3847.786][d][vo/gpu-next/libplacebo]     0: flags 0x0 heap 1
[3847.786][d][vo/gpu-next/libplacebo]     1: flags 0x1 heap 0
[3847.786][d][vo/gpu-next/libplacebo]     2: flags 0x6 heap 1
[3847.786][d][vo/gpu-next/libplacebo]     3: flags 0xe heap 1
[3847.786][d][vo/gpu-next/libplacebo]     4: flags 0x7 heap 0
[3847.786][d][vo/gpu-next/libplacebo] Spent 0.627 ms allocating slab
[3847.788][d][vo/gpu-next/libplacebo] Allocating 258048 memory of type 0x7 (id 4) in heap 0: ../src/gpu/utils.c:1175
[3847.789][d][vo/gpu-next/libplacebo] Memory types supported by device:
[3847.789][d][vo/gpu-next/libplacebo]     0: flags 0x0 heap 1
[3847.789][d][vo/gpu-next/libplacebo]     1: flags 0x1 heap 0
[3847.789][d][vo/gpu-next/libplacebo]     2: flags 0x6 heap 1
[3847.789][d][vo/gpu-next/libplacebo]     3: flags 0xe heap 1
[3847.789][d][vo/gpu-next/libplacebo]     4: flags 0x7 heap 0
[3847.789][d][vo/gpu-next/libplacebo] Spent 0.537 ms allocating slab
[3847.789][d][vo/gpu-next/libplacebo] Garbage collected slab of size 1089K from pool 1
[3847.789][d][vo/gpu-next/libplacebo] Freeing slab of size 1089K
[3847.789][d][vo/gpu-next/libplacebo] Garbage collected slab of size  252K from pool 2
[3847.789][d][vo/gpu-next/libplacebo] Freeing slab of size  252K
[3847.791][d][cplayer] Run command: disable-section, flags=64, args=[name="mbtn_left_dbl"]
[3847.791][d][cplayer] Run command: disable-section, flags=64, args=[name="mbtn_right"]
[3847.791][d][cplayer] Run command: disable-section, flags=64, args=[name="wheel"]
[3847.791][d][cplayer] Run command: disable-section, flags=64, args=[name="mbtn_left"]
[3847.803][d][vo/gpu-next/libplacebo] Allocating 1115136 memory of type 0x7 (id 4) in heap 0: ../src/gpu/utils.c:576
[3847.803][d][vo/gpu-next/libplacebo] Memory types supported by device:
[3847.803][d][vo/gpu-next/libplacebo]     0: flags 0x0 heap 1
[3847.803][d][vo/gpu-next/libplacebo]     1: flags 0x1 heap 0
[3847.803][d][vo/gpu-next/libplacebo]     2: flags 0x6 heap 1
[3847.803][d][vo/gpu-next/libplacebo]     3: flags 0xe heap 1
[3847.803][d][vo/gpu-next/libplacebo]     4: flags 0x7 heap 0
[3847.803][d][vo/gpu-next/libplacebo] Spent 0.290 ms allocating slab
[3847.803][d][vo/gpu-next/libplacebo] Allocating 258048 memory of type 0x7 (id 4) in heap 0: ../src/gpu/utils.c:1175
[3847.803][d][vo/gpu-next/libplacebo] Memory types supported by device:
[3847.803][d][vo/gpu-next/libplacebo]     0: flags 0x0 heap 1
[3847.803][d][vo/gpu-next/libplacebo]     1: flags 0x1 heap 0
[3847.803][d][vo/gpu-next/libplacebo]     2: flags 0x6 heap 1
[3847.804][d][vo/gpu-next/libplacebo]     3: flags 0xe heap 1
[3847.804][d][vo/gpu-next/libplacebo]     4: flags 0x7 heap 0
[3847.804][d][vo/gpu-next/libplacebo] Spent 0.182 ms allocating slab
[3847.817][d][vo/gpu-next/libplacebo] Allocating 832512 memory of type 0x7 (id 4) in heap 0: ../src/gpu/utils.c:576
[3847.817][d][vo/gpu-next/libplacebo] Memory types supported by device:
[3847.817][d][vo/gpu-next/libplacebo]     0: flags 0x0 heap 1
[3847.817][d][vo/gpu-next/libplacebo]     1: flags 0x1 heap 0
[3847.817][d][vo/gpu-next/libplacebo]     2: flags 0x6 heap 1
[3847.817][d][vo/gpu-next/libplacebo]     3: flags 0xe heap 1
[3847.817][d][vo/gpu-next/libplacebo]     4: flags 0x7 heap 0
[3847.817][d][vo/gpu-next/libplacebo] Spent 0.210 ms allocating slab
[3847.835][d][vo/gpu-next/libplacebo] Allocating 694272 memory of type 0x7 (id 4) in heap 0: ../src/gpu/utils.c:576
[3847.835][d][vo/gpu-next/libplacebo] Memory types supported by device:
[3847.835][d][vo/gpu-next/libplacebo]     0: flags 0x0 heap 1
[3847.835][d][vo/gpu-next/libplacebo]     1: flags 0x1 heap 0
[3847.835][d][vo/gpu-next/libplacebo]     2: flags 0x6 heap 1
[3847.835][d][vo/gpu-next/libplacebo]     3: flags 0xe heap 1
[3847.835][d][vo/gpu-next/libplacebo]     4: flags 0x7 heap 0
[3847.835][d][vo/gpu-next/libplacebo] Spent 0.323 ms allocating slab
[3847.851][d][vo/gpu-next/libplacebo] Allocating 540672 memory of type 0x7 (id 4) in heap 0: ../src/gpu/utils.c:576
[3847.852][d][vo/gpu-next/libplacebo] Memory types supported by device:
[3847.852][d][vo/gpu-next/libplacebo]     0: flags 0x0 heap 1
[3847.852][d][vo/gpu-next/libplacebo]     1: flags 0x1 heap 0
[3847.852][d][vo/gpu-next/libplacebo]     2: flags 0x6 heap 1
[3847.852][d][vo/gpu-next/libplacebo]     3: flags 0xe heap 1
[3847.852][d][vo/gpu-next/libplacebo]     4: flags 0x7 heap 0
[3847.852][d][vo/gpu-next/libplacebo] Spent 0.320 ms allocating slab
[3847.867][d][vo/gpu-next/libplacebo] Allocating 466944 memory of type 0x7 (id 4) in heap 0: ../src/gpu/utils.c:576
[3847.867][d][vo/gpu-next/libplacebo] Memory types supported by device:
[3847.867][d][vo/gpu-next/libplacebo]     0: flags 0x0 heap 1
[3847.867][d][vo/gpu-next/libplacebo]     1: flags 0x1 heap 0
[3847.867][d][vo/gpu-next/libplacebo]     2: flags 0x6 heap 1
[3847.867][d][vo/gpu-next/libplacebo]     3: flags 0xe heap 1
[3847.867][d][vo/gpu-next/libplacebo]     4: flags 0x7 heap 0
[3847.867][d][vo/gpu-next/libplacebo] Spent 0.281 ms allocating slab
[3848.034][d][vo/gpu-next/libplacebo] Garbage collected slab of size 1098K from pool 1
[3848.034][d][vo/gpu-next/libplacebo] Freeing slab of size 1098K
[3848.034][d][vo/gpu-next/libplacebo] Garbage collected slab of size  474K from pool 1
[3848.034][d][vo/gpu-next/libplacebo] Freeing slab of size  474K
[3848.051][d][vo/gpu-next/libplacebo] Garbage collected slab of size  921K from pool 1
[3848.051][d][vo/gpu-next/libplacebo] Freeing slab of size  921K
[3848.051][d][vo/gpu-next/libplacebo] Garbage collected slab of size  252K from pool 2
[3848.051][d][vo/gpu-next/libplacebo] Freeing slab of size  252K
[3848.069][d][vo/gpu-next/libplacebo] Garbage collected slab of size 1089K from pool 1
[3848.069][d][vo/gpu-next/libplacebo] Freeing slab of size 1089K
[3848.084][d][vo/gpu-next/libplacebo] Garbage collected slab of size  813K from pool 1
[3848.084][d][vo/gpu-next/libplacebo] Freeing slab of size  813K
[3848.084][d][vo/gpu-next/libplacebo] Garbage collected slab of size  252K from pool 2
[3848.084][d][vo/gpu-next/libplacebo] Freeing slab of size  252K
[3848.102][d][vo/gpu-next/libplacebo] Garbage collected slab of size  678K from pool 1
[3848.102][d][vo/gpu-next/libplacebo] Freeing slab of size  678K
[3848.117][d][vo/gpu-next/libplacebo] Garbage collected slab of size  528K from pool 1
[3848.117][d][vo/gpu-next/libplacebo] Freeing slab of size  528K
[3848.136][d][vo/gpu-next/libplacebo] Garbage collected slab of size  456K from pool 1
[3848.136][d][vo/gpu-next/libplacebo] Freeing slab of size  456K
[3848.136][d][vo/gpu-next/libplacebo] Garbage collected slab of size  252K from pool 2
[3848.136][d][vo/gpu-next/libplacebo] Freeing slab of size  252K
[3852.071][d][cplayer] Run command: list, flags=0, args=[]
[3852.071][d][cplayer] Run command: cycle, flags=73, args=[name="pause", value="1.000000"]
[3852.071][v][cplayer] Set property: pause -> 1
[3852.071][d][cplayer] Run command: script-message-to, flags=73, args=[target="uosc", args="flash-pause-indicator"]
[3852.072][d][ao/pipewire] Stream state changed: old_state=streaming state=paused error=(null)
[3852.085][d][vo/gpu-next/libplacebo] Allocating 663552 memory of type 0x7 (id 4) in heap 0: ../src/gpu/utils.c:576
[3852.086][d][vo/gpu-next/libplacebo] Memory types supported by device:
[3852.086][d][vo/gpu-next/libplacebo]     0: flags 0x0 heap 1
[3852.086][d][vo/gpu-next/libplacebo]     1: flags 0x1 heap 0
[3852.086][d][vo/gpu-next/libplacebo]     2: flags 0x6 heap 1
[3852.086][d][vo/gpu-next/libplacebo]     3: flags 0xe heap 1
[3852.086][d][vo/gpu-next/libplacebo]     4: flags 0x7 heap 0
[3852.086][d][vo/gpu-next/libplacebo] Spent 0.599 ms allocating slab
[3852.101][d][vo/gpu-next/libplacebo] Allocating 795648 memory of type 0x7 (id 4) in heap 0: ../src/gpu/utils.c:576
[3852.102][d][vo/gpu-next/libplacebo] Memory types supported by device:
[3852.102][d][vo/gpu-next/libplacebo]     0: flags 0x0 heap 1
[3852.102][d][vo/gpu-next/libplacebo]     1: flags 0x1 heap 0
[3852.102][d][vo/gpu-next/libplacebo]     2: flags 0x6 heap 1
[3852.102][d][vo/gpu-next/libplacebo]     3: flags 0xe heap 1
[3852.102][d][vo/gpu-next/libplacebo]     4: flags 0x7 heap 0
[3852.102][d][vo/gpu-next/libplacebo] Spent 0.479 ms allocating slab
[3852.103][v][vo/gpu-next/wayland] Disabling the idle inhibitor
[3852.116][d][vo/gpu-next/libplacebo] Allocating 860160 memory of type 0x7 (id 4) in heap 0: ../src/gpu/utils.c:576
[3852.116][d][vo/gpu-next/libplacebo] Memory types supported by device:
[3852.116][d][vo/gpu-next/libplacebo]     0: flags 0x0 heap 1
[3852.116][d][vo/gpu-next/libplacebo]     1: flags 0x1 heap 0
[3852.116][d][vo/gpu-next/libplacebo]     2: flags 0x6 heap 1
[3852.116][d][vo/gpu-next/libplacebo]     3: flags 0xe heap 1
[3852.116][d][vo/gpu-next/libplacebo]     4: flags 0x7 heap 0
[3852.116][d][vo/gpu-next/libplacebo] Spent 0.504 ms allocating slab
[3852.133][d][vo/gpu-next/libplacebo] Allocating 927744 memory of type 0x7 (id 4) in heap 0: ../src/gpu/utils.c:576
[3852.133][d][vo/gpu-next/libplacebo] Memory types supported by device:
[3852.133][d][vo/gpu-next/libplacebo]     0: flags 0x0 heap 1
[3852.133][d][vo/gpu-next/libplacebo]     1: flags 0x1 heap 0
[3852.133][d][vo/gpu-next/libplacebo]     2: flags 0x6 heap 1
[3852.133][d][vo/gpu-next/libplacebo]     3: flags 0xe heap 1
[3852.133][d][vo/gpu-next/libplacebo]     4: flags 0x7 heap 0
[3852.133][d][vo/gpu-next/libplacebo] Spent 0.462 ms allocating slab
[3852.166][d][vo/gpu-next/libplacebo] Allocating 992256 memory of type 0x7 (id 4) in heap 0: ../src/gpu/utils.c:576
[3852.166][d][vo/gpu-next/libplacebo] Memory types supported by device:
[3852.166][d][vo/gpu-next/libplacebo]     0: flags 0x0 heap 1
[3852.166][d][vo/gpu-next/libplacebo]     1: flags 0x1 heap 0
[3852.166][d][vo/gpu-next/libplacebo]     2: flags 0x6 heap 1
[3852.166][d][vo/gpu-next/libplacebo]     3: flags 0xe heap 1
[3852.166][d][vo/gpu-next/libplacebo]     4: flags 0x7 heap 0
[3852.166][d][vo/gpu-next/libplacebo] Spent 0.539 ms allocating slab
[3852.216][d][vo/gpu-next/libplacebo] Allocating 1056768 memory of type 0x7 (id 4) in heap 0: ../src/gpu/utils.c:576
[3852.217][d][vo/gpu-next/libplacebo] Memory types supported by device:
[3852.217][d][vo/gpu-next/libplacebo]     0: flags 0x0 heap 1
[3852.217][d][vo/gpu-next/libplacebo]     1: flags 0x1 heap 0
[3852.217][d][vo/gpu-next/libplacebo]     2: flags 0x6 heap 1
[3852.217][d][vo/gpu-next/libplacebo]     3: flags 0xe heap 1
[3852.217][d][vo/gpu-next/libplacebo]     4: flags 0x7 heap 0
[3852.217][d][vo/gpu-next/libplacebo] Spent 0.510 ms allocating slab
[3852.333][d][vo/gpu-next/libplacebo] Garbage collected slab of size 4920K from pool 1
[3852.333][d][vo/gpu-next/libplacebo] Freeing slab of size 4920K
[3852.334][d][vo/gpu-next/libplacebo] Garbage collected slab of size 2460K from pool 1
[3852.334][d][vo/gpu-next/libplacebo] Freeing slab of size 2460K
[3852.350][d][vo/gpu-next/libplacebo] Garbage collected slab of size  648K from pool 1
[3852.350][d][vo/gpu-next/libplacebo] Freeing slab of size  648K
[3852.367][d][vo/gpu-next/libplacebo] Garbage collected slab of size  777K from pool 1
[3852.367][d][vo/gpu-next/libplacebo] Freeing slab of size  777K
[3852.383][d][vo/gpu-next/libplacebo] Garbage collected slab of size  840K from pool 1
[3852.383][d][vo/gpu-next/libplacebo] Freeing slab of size  840K
[3852.764][d][cplayer] Run command: list, flags=0, args=[]
[3852.764][d][cplayer] Run command: cycle, flags=73, args=[name="pause", value="1.000000"]
[3852.764][v][cplayer] Set property: pause -> 1
[3852.764][d][cplayer] Run command: script-message-to, flags=73, args=[target="uosc", args="flash-pause-indicator"]
[3852.764][v][cplayer] Change display sync audio drift: -1
[3852.764][v][vo/gpu-next/wayland] Enabling idle inhibitor
[3852.764][d][vo/gpu-next/libplacebo] Allocating 5038080 memory of type 0x7 (id 4) in heap 0: ../src/gpu/utils.c:576
[3852.765][d][ao/pipewire] Stream state changed: old_state=paused state=streaming error=(null)
[3852.765][d][vo/gpu-next/libplacebo] Memory types supported by device:
[3852.765][d][vo/gpu-next/libplacebo]     0: flags 0x0 heap 1
[3852.765][d][vo/gpu-next/libplacebo]     1: flags 0x1 heap 0
[3852.765][d][vo/gpu-next/libplacebo]     2: flags 0x6 heap 1
[3852.765][d][vo/gpu-next/libplacebo]     3: flags 0xe heap 1
[3852.765][d][vo/gpu-next/libplacebo]     4: flags 0x7 heap 0
[3852.765][d][vo/gpu-next/libplacebo] Spent 0.599 ms allocating slab
[3852.767][d][vo/gpu-next/libplacebo] Allocating 2519040 memory of type 0x7 (id 4) in heap 0: ../src/gpu/utils.c:576
[3852.768][d][vo/gpu-next/libplacebo] Memory types supported by device:
[3852.768][d][vo/gpu-next/libplacebo]     0: flags 0x0 heap 1
[3852.768][d][vo/gpu-next/libplacebo]     1: flags 0x1 heap 0
[3852.768][d][vo/gpu-next/libplacebo]     2: flags 0x6 heap 1
[3852.768][d][vo/gpu-next/libplacebo]     3: flags 0xe heap 1
[3852.768][d][vo/gpu-next/libplacebo]     4: flags 0x7 heap 0
[3852.768][d][vo/gpu-next/libplacebo] Spent 0.431 ms allocating slab
[3852.770][d][vo/gpu-next/libplacebo] Allocating 731136 memory of type 0x7 (id 4) in heap 0: ../src/gpu/utils.c:576
[3852.773][d][vo/gpu-next/libplacebo] Memory types supported by device:
[3852.773][d][vo/gpu-next/libplacebo]     0: flags 0x0 heap 1
[3852.773][d][vo/gpu-next/libplacebo]     1: flags 0x1 heap 0
[3852.773][d][vo/gpu-next/libplacebo]     2: flags 0x6 heap 1
[3852.773][d][vo/gpu-next/libplacebo]     3: flags 0xe heap 1
[3852.773][d][vo/gpu-next/libplacebo]     4: flags 0x7 heap 0
[3852.773][d][vo/gpu-next/libplacebo] Spent 2.672 ms allocating slab
[3852.774][d][vo/gpu-next/libplacebo] Garbage collected slab of size  906K from pool 1
[3852.774][d][vo/gpu-next/libplacebo] Freeing slab of size  906K
[3852.799][d][vo/gpu-next/libplacebo] Allocating 927744 memory of type 0x7 (id 4) in heap 0: ../src/gpu/utils.c:576
[3852.800][d][vo/gpu-next/libplacebo] Memory types supported by device:
[3852.800][d][vo/gpu-next/libplacebo]     0: flags 0x0 heap 1
[3852.800][d][vo/gpu-next/libplacebo]     1: flags 0x1 heap 0
[3852.800][d][vo/gpu-next/libplacebo]     2: flags 0x6 heap 1
[3852.800][d][vo/gpu-next/libplacebo]     3: flags 0xe heap 1
[3852.800][d][vo/gpu-next/libplacebo]     4: flags 0x7 heap 0
[3852.800][d][vo/gpu-next/libplacebo] Spent 0.460 ms allocating slab
[3852.800][d][vo/gpu-next/libplacebo] Garbage collected slab of size  969K from pool 1
[3852.801][d][vo/gpu-next/libplacebo] Freeing slab of size  969K
[3852.833][d][vo/gpu-next/libplacebo] Allocating 992256 memory of type 0x7 (id 4) in heap 0: ../src/gpu/utils.c:576
[3852.833][d][vo/gpu-next/libplacebo] Memory types supported by device:
[3852.833][d][vo/gpu-next/libplacebo]     0: flags 0x0 heap 1
[3852.833][d][vo/gpu-next/libplacebo]     1: flags 0x1 heap 0
[3852.833][d][vo/gpu-next/libplacebo]     2: flags 0x6 heap 1
[3852.833][d][vo/gpu-next/libplacebo]     3: flags 0xe heap 1
[3852.833][d][vo/gpu-next/libplacebo]     4: flags 0x7 heap 0
[3852.833][d][vo/gpu-next/libplacebo] Spent 0.712 ms allocating slab
[3852.835][v][cplayer] Change display sync audio drift: 0
[3852.835][v][cplayer] Compensation factor: 1.002752
[3852.916][d][vo/gpu-next/libplacebo] Allocating 1124352 memory of type 0x7 (id 4) in heap 0: ../src/gpu/utils.c:576
[3852.917][d][vo/gpu-next/libplacebo] Memory types supported by device:
[3852.917][d][vo/gpu-next/libplacebo]     0: flags 0x0 heap 1
[3852.917][d][vo/gpu-next/libplacebo]     1: flags 0x1 heap 0
[3852.917][d][vo/gpu-next/libplacebo]     2: flags 0x6 heap 1
[3852.917][d][vo/gpu-next/libplacebo]     3: flags 0xe heap 1
[3852.917][d][vo/gpu-next/libplacebo]     4: flags 0x7 heap 0
[3852.917][d][vo/gpu-next/libplacebo] Spent 0.681 ms allocating slab
[3853.050][d][vo/gpu-next/libplacebo] Garbage collected slab of size  714K from pool 1
[3853.050][d][vo/gpu-next/libplacebo] Freeing slab of size  714K
[3853.085][d][vo/gpu-next/libplacebo] Garbage collected slab of size  906K from pool 1
[3853.085][d][vo/gpu-next/libplacebo] Freeing slab of size  906K
[3853.099][d][vo/gpu-next/libplacebo] Garbage collected slab of size  969K from pool 1
[3853.099][d][vo/gpu-next/libplacebo] Freeing slab of size  969K
[3853.168][d][vo/gpu-next/libplacebo] Garbage collected slab of size 1032K from pool 1
[3853.168][d][vo/gpu-next/libplacebo] Freeing slab of size 1032K
[3853.333][d][vo/gpu-next/libplacebo] Garbage collected slab of size 1098K from pool 1
[3853.333][d][vo/gpu-next/libplacebo] Freeing slab of size 1098K
[3853.416][d][cplayer] Run command: list, flags=0, args=[]
[3853.416][d][cplayer] Run command: cycle, flags=73, args=[name="pause", value="1.000000"]
[3853.416][v][cplayer] Set property: pause -> 1
[3853.416][d][cplayer] Run command: script-message-to, flags=73, args=[target="uosc", args="flash-pause-indicator"]
[3853.417][d][ao/pipewire] Stream state changed: old_state=streaming state=paused error=(null)
[3853.433][d][vo/gpu-next/libplacebo] Allocating 663552 memory of type 0x7 (id 4) in heap 0: ../src/gpu/utils.c:576
[3853.433][d][vo/gpu-next/libplacebo] Memory types supported by device:
[3853.433][d][vo/gpu-next/libplacebo]     0: flags 0x0 heap 1
[3853.433][d][vo/gpu-next/libplacebo]     1: flags 0x1 heap 0
[3853.433][d][vo/gpu-next/libplacebo]     2: flags 0x6 heap 1
[3853.433][d][vo/gpu-next/libplacebo]     3: flags 0xe heap 1
[3853.433][d][vo/gpu-next/libplacebo]     4: flags 0x7 heap 0
[3853.433][d][vo/gpu-next/libplacebo] Spent 0.620 ms allocating slab
[3853.436][v][vo/gpu-next/wayland] Disabling the idle inhibitor
[3853.449][d][vo/gpu-next/libplacebo] Allocating 795648 memory of type 0x7 (id 4) in heap 0: ../src/gpu/utils.c:576
[3853.449][d][vo/gpu-next/libplacebo] Memory types supported by device:
[3853.449][d][vo/gpu-next/libplacebo]     0: flags 0x0 heap 1
[3853.449][d][vo/gpu-next/libplacebo]     1: flags 0x1 heap 0
[3853.449][d][vo/gpu-next/libplacebo]     2: flags 0x6 heap 1
[3853.449][d][vo/gpu-next/libplacebo]     3: flags 0xe heap 1
[3853.449][d][vo/gpu-next/libplacebo]     4: flags 0x7 heap 0
[3853.449][d][vo/gpu-next/libplacebo] Spent 0.566 ms allocating slab
[3853.465][d][vo/gpu-next/libplacebo] Allocating 860160 memory of type 0x7 (id 4) in heap 0: ../src/gpu/utils.c:576
[3853.466][d][vo/gpu-next/libplacebo] Memory types supported by device:
[3853.466][d][vo/gpu-next/libplacebo]     0: flags 0x0 heap 1
[3853.466][d][vo/gpu-next/libplacebo]     1: flags 0x1 heap 0
[3853.466][d][vo/gpu-next/libplacebo]     2: flags 0x6 heap 1
[3853.466][d][vo/gpu-next/libplacebo]     3: flags 0xe heap 1
[3853.466][d][vo/gpu-next/libplacebo]     4: flags 0x7 heap 0
[3853.466][d][vo/gpu-next/libplacebo] Spent 0.568 ms allocating slab
[3853.482][d][vo/gpu-next/libplacebo] Allocating 927744 memory of type 0x7 (id 4) in heap 0: ../src/gpu/utils.c:576
[3853.483][d][vo/gpu-next/libplacebo] Memory types supported by device:
[3853.483][d][vo/gpu-next/libplacebo]     0: flags 0x0 heap 1
[3853.483][d][vo/gpu-next/libplacebo]     1: flags 0x1 heap 0
[3853.483][d][vo/gpu-next/libplacebo]     2: flags 0x6 heap 1
[3853.483][d][vo/gpu-next/libplacebo]     3: flags 0xe heap 1
[3853.483][d][vo/gpu-next/libplacebo]     4: flags 0x7 heap 0
[3853.483][d][vo/gpu-next/libplacebo] Spent 0.504 ms allocating slab
[3853.515][d][vo/gpu-next/libplacebo] Allocating 992256 memory of type 0x7 (id 4) in heap 0: ../src/gpu/utils.c:576
[3853.516][d][vo/gpu-next/libplacebo] Memory types supported by device:
[3853.516][d][vo/gpu-next/libplacebo]     0: flags 0x0 heap 1
[3853.516][d][vo/gpu-next/libplacebo]     1: flags 0x1 heap 0
[3853.516][d][vo/gpu-next/libplacebo]     2: flags 0x6 heap 1
[3853.516][d][vo/gpu-next/libplacebo]     3: flags 0xe heap 1
[3853.516][d][vo/gpu-next/libplacebo]     4: flags 0x7 heap 0
[3853.516][d][vo/gpu-next/libplacebo] Spent 0.524 ms allocating slab
[3853.565][d][vo/gpu-next/libplacebo] Allocating 1056768 memory of type 0x7 (id 4) in heap 0: ../src/gpu/utils.c:576
[3853.566][d][vo/gpu-next/libplacebo] Memory types supported by device:
[3853.566][d][vo/gpu-next/libplacebo]     0: flags 0x0 heap 1
[3853.566][d][vo/gpu-next/libplacebo]     1: flags 0x1 heap 0
[3853.566][d][vo/gpu-next/libplacebo]     2: flags 0x6 heap 1
[3853.566][d][vo/gpu-next/libplacebo]     3: flags 0xe heap 1
[3853.566][d][vo/gpu-next/libplacebo]     4: flags 0x7 heap 0
[3853.566][d][vo/gpu-next/libplacebo] Spent 0.526 ms allocating slab
[3853.699][d][vo/gpu-next/libplacebo] Garbage collected slab of size 4920K from pool 1
[3853.699][d][vo/gpu-next/libplacebo] Freeing slab of size 4920K
[3853.700][d][vo/gpu-next/libplacebo] Garbage collected slab of size 2460K from pool 1
[3853.700][d][vo/gpu-next/libplacebo] Freeing slab of size 2460K
[3853.700][d][vo/gpu-next/libplacebo] Garbage collected slab of size  648K from pool 1
[3853.700][d][vo/gpu-next/libplacebo] Freeing slab of size  648K
[3853.716][d][vo/gpu-next/libplacebo] Garbage collected slab of size  777K from pool 1
[3853.716][d][vo/gpu-next/libplacebo] Freeing slab of size  777K
[3853.733][d][vo/gpu-next/libplacebo] Garbage collected slab of size  840K from pool 1
[3853.733][d][vo/gpu-next/libplacebo] Freeing slab of size  840K
[3855.780][d][cplayer] Run command: list, flags=0, args=[]
[3855.780][d][cplayer] Run command: cycle, flags=73, args=[name="pause", value="1.000000"]
[3855.780][v][cplayer] Set property: pause -> 1
[3855.780][v][vo/gpu-next/wayland] Enabling idle inhibitor
[3855.780][d][cplayer] Run command: script-message-to, flags=73, args=[target="uosc", args="flash-pause-indicator"]
[3855.781][d][ao/pipewire] Stream state changed: old_state=paused state=streaming error=(null)
[3855.781][v][cplayer] Change display sync audio drift: -1
[3855.781][d][vo/gpu-next/libplacebo] Allocating 731136 memory of type 0x7 (id 4) in heap 0: ../src/gpu/utils.c:576
[3855.782][d][vo/gpu-next/libplacebo] Memory types supported by device:
[3855.782][d][vo/gpu-next/libplacebo]     0: flags 0x0 heap 1
[3855.782][d][vo/gpu-next/libplacebo]     1: flags 0x1 heap 0
[3855.782][d][vo/gpu-next/libplacebo]     2: flags 0x6 heap 1
[3855.782][d][vo/gpu-next/libplacebo]     3: flags 0xe heap 1
[3855.782][d][vo/gpu-next/libplacebo]     4: flags 0x7 heap 0
[3855.782][d][vo/gpu-next/libplacebo] Spent 0.672 ms allocating slab
[3855.782][d][vo/gpu-next/libplacebo] Garbage collected slab of size  906K from pool 1
[3855.782][d][vo/gpu-next/libplacebo] Freeing slab of size  906K
[3855.784][d][vo/gpu-next/libplacebo] Allocating 5038080 memory of type 0x7 (id 4) in heap 0: ../src/gpu/utils.c:576
[3855.784][d][vo/gpu-next/libplacebo] Memory types supported by device:
[3855.784][d][vo/gpu-next/libplacebo]     0: flags 0x0 heap 1
[3855.784][d][vo/gpu-next/libplacebo]     1: flags 0x1 heap 0
[3855.784][d][vo/gpu-next/libplacebo]     2: flags 0x6 heap 1
[3855.784][d][vo/gpu-next/libplacebo]     3: flags 0xe heap 1
[3855.784][d][vo/gpu-next/libplacebo]     4: flags 0x7 heap 0
[3855.784][d][vo/gpu-next/libplacebo] Spent 0.555 ms allocating slab
[3855.787][d][vo/gpu-next/libplacebo] Allocating 2519040 memory of type 0x7 (id 4) in heap 0: ../src/gpu/utils.c:576
[3855.787][d][vo/gpu-next/libplacebo] Memory types supported by device:
[3855.787][d][vo/gpu-next/libplacebo]     0: flags 0x0 heap 1
[3855.787][d][vo/gpu-next/libplacebo]     1: flags 0x1 heap 0
[3855.787][d][vo/gpu-next/libplacebo]     2: flags 0x6 heap 1
[3855.787][d][vo/gpu-next/libplacebo]     3: flags 0xe heap 1
[3855.787][d][vo/gpu-next/libplacebo]     4: flags 0x7 heap 0
[3855.787][d][vo/gpu-next/libplacebo] Spent 0.433 ms allocating slab
[3855.797][d][vo/gpu-next/libplacebo] Garbage collected slab of size  969K from pool 1
[3855.797][d][vo/gpu-next/libplacebo] Freeing slab of size  969K
[3855.811][d][vo/gpu-next/libplacebo] Allocating 795648 memory of type 0x7 (id 4) in heap 0: ../src/gpu/utils.c:576
[3855.812][d][vo/gpu-next/libplacebo] Memory types supported by device:
[3855.812][d][vo/gpu-next/libplacebo]     0: flags 0x0 heap 1
[3855.812][d][vo/gpu-next/libplacebo]     1: flags 0x1 heap 0
[3855.812][d][vo/gpu-next/libplacebo]     2: flags 0x6 heap 1
[3855.812][d][vo/gpu-next/libplacebo]     3: flags 0xe heap 1
[3855.812][d][vo/gpu-next/libplacebo]     4: flags 0x7 heap 0
[3855.812][d][vo/gpu-next/libplacebo] Spent 0.522 ms allocating slab
[3855.828][d][vo/gpu-next/libplacebo] Allocating 927744 memory of type 0x7 (id 4) in heap 0: ../src/gpu/utils.c:576
[3855.829][d][vo/gpu-next/libplacebo] Memory types supported by device:
[3855.829][d][vo/gpu-next/libplacebo]     0: flags 0x0 heap 1
[3855.829][d][vo/gpu-next/libplacebo]     1: flags 0x1 heap 0
[3855.829][d][vo/gpu-next/libplacebo]     2: flags 0x6 heap 1
[3855.829][d][vo/gpu-next/libplacebo]     3: flags 0xe heap 1
[3855.829][d][vo/gpu-next/libplacebo]     4: flags 0x7 heap 0
[3855.829][d][vo/gpu-next/libplacebo] Spent 0.534 ms allocating slab
[3855.862][d][vo/gpu-next/libplacebo] Allocating 992256 memory of type 0x7 (id 4) in heap 0: ../src/gpu/utils.c:576
[3855.862][d][vo/gpu-next/libplacebo] Memory types supported by device:
[3855.862][d][vo/gpu-next/libplacebo]     0: flags 0x0 heap 1
[3855.862][d][vo/gpu-next/libplacebo]     1: flags 0x1 heap 0
[3855.862][d][vo/gpu-next/libplacebo]     2: flags 0x6 heap 1
[3855.862][d][vo/gpu-next/libplacebo]     3: flags 0xe heap 1
[3855.862][d][vo/gpu-next/libplacebo]     4: flags 0x7 heap 0
[3855.862][d][vo/gpu-next/libplacebo] Spent 0.509 ms allocating slab
[3855.928][d][vo/gpu-next/libplacebo] Allocating 1124352 memory of type 0x7 (id 4) in heap 0: ../src/gpu/utils.c:576
[3855.929][d][vo/gpu-next/libplacebo] Memory types supported by device:
[3855.929][d][vo/gpu-next/libplacebo]     0: flags 0x0 heap 1
[3855.929][d][vo/gpu-next/libplacebo]     1: flags 0x1 heap 0
[3855.929][d][vo/gpu-next/libplacebo]     2: flags 0x6 heap 1
[3855.929][d][vo/gpu-next/libplacebo]     3: flags 0xe heap 1
[3855.929][d][vo/gpu-next/libplacebo]     4: flags 0x7 heap 0
[3855.929][d][vo/gpu-next/libplacebo] Spent 0.508 ms allocating slab
[3856.063][d][vo/gpu-next/libplacebo] Garbage collected slab of size  714K from pool 1
[3856.063][d][vo/gpu-next/libplacebo] Freeing slab of size  714K
[3856.079][d][vo/gpu-next/libplacebo] Garbage collected slab of size  777K from pool 1
[3856.079][d][vo/gpu-next/libplacebo] Freeing slab of size  777K
[3856.113][d][vo/gpu-next/libplacebo] Garbage collected slab of size  906K from pool 1
[3856.113][d][vo/gpu-next/libplacebo] Freeing slab of size  906K
[3856.128][d][vo/gpu-next/libplacebo] Garbage collected slab of size  969K from pool 1
[3856.128][d][vo/gpu-next/libplacebo] Freeing slab of size  969K
[3856.180][d][vo/gpu-next/libplacebo] Garbage collected slab of size 1032K from pool 1
[3856.180][d][vo/gpu-next/libplacebo] Freeing slab of size 1032K
[3856.346][d][vo/gpu-next/libplacebo] Garbage collected slab of size 1098K from pool 1
[3856.346][d][vo/gpu-next/libplacebo] Freeing slab of size 1098K
[3868.516][v][cplayer] Change display sync audio drift: 0
[3868.516][v][cplayer] Compensation factor: 0.999921
[3900.492][d][lavf] stream 1: resize index to 512
[3985.948][v][cplayer] Change display sync audio drift: -1
[3993.080][v][cplayer] Change display sync audio drift: 0
[3993.080][v][cplayer] Compensation factor: 1.000036
[4041.352][d][lavf] stream 0: resize index to 256
[4157.169][d][lavf] stream 1: resize index to 1024
[4240.148][v][cplayer] Change display sync audio drift: 1
[4247.030][v][cplayer] Change display sync audio drift: 0
[4247.030][v][cplayer] Compensation factor: 1.000007
[4450.439][d][lavf] stream 0: resize index to 512
[4670.513][d][lavf] stream 1: resize index to 2048
[4843.427][d][cplayer] Run command: seek, flags=73, args=[target="30.000000", flags="relative", legacy="unused"]
[4843.427][v][lavf] queuing seek to 1197.400000
[4843.427][v][lavf] cached range 0: 0.000000 <-> 1197.320000 (bof=1, eof=0)
[4843.427][v][lavf] execute seek (to 1197.400000 flags 32)
[4843.427][v][lavf] seek done
[4843.427][v][cplayer] hr-seek, skipping to 1197.400000
[4843.427][d][ao/pipewire] Stream state changed: old_state=streaming state=paused error=(null)
[4843.428][v][file] stream level seek from 1289129732 to 1286325097
[4843.428][d][lavf] stream 1: resize index to 128
[4843.429][d][ffmpeg/video] h264: Reinit context to 2624x1920, pix_fmt: cuda
[4843.438][d][lavf] stream 0: resize index to 128
[4843.439][v][vd] Decoder format: 2624x1920 nv12 auto/auto/auto/auto/auto CL=mpeg2/4/h264 crop=2624x1920+0+0 A=none
[4843.439][v][vd] Using container aspect ratio.
[4843.442][d][vo/gpu-next/libplacebo] Allocating 374784 memory of type 0x7 (id 4) in heap 0: ../src/gpu/utils.c:576
[4843.442][d][vo/gpu-next/libplacebo] Memory types supported by device:
[4843.443][d][vo/gpu-next/libplacebo]     0: flags 0x0 heap 1
[4843.443][d][vo/gpu-next/libplacebo]     1: flags 0x1 heap 0
[4843.443][d][vo/gpu-next/libplacebo]     2: flags 0x6 heap 1
[4843.443][d][vo/gpu-next/libplacebo]     3: flags 0xe heap 1
[4843.443][d][vo/gpu-next/libplacebo]     4: flags 0x7 heap 0
[4843.443][d][vo/gpu-next/libplacebo] Spent 0.511 ms allocating slab
[4843.443][d][vo/gpu-next/libplacebo] Allocating 5907456 memory of type 0x7 (id 4) in heap 0: ../src/gpu/utils.c:576
[4843.443][d][vo/gpu-next/libplacebo] Memory types supported by device:
[4843.443][d][vo/gpu-next/libplacebo]     0: flags 0x0 heap 1
[4843.443][d][vo/gpu-next/libplacebo]     1: flags 0x1 heap 0
[4843.443][d][vo/gpu-next/libplacebo]     2: flags 0x6 heap 1
[4843.443][d][vo/gpu-next/libplacebo]     3: flags 0xe heap 1
[4843.443][d][vo/gpu-next/libplacebo]     4: flags 0x7 heap 0
[4843.443][d][vo/gpu-next/libplacebo] Spent 0.328 ms allocating slab
[4843.445][v][vo/gpu-next/wayland] Disabling the idle inhibitor
[4843.445][d][vo/gpu-next/libplacebo] First frame received with non-zero PTS 1197.400000
[4843.459][d][vo/gpu-next/libplacebo] Freeing slab of size   23M
[4843.477][v][cplayer] first video frame after restart shown
[4843.480][v][cplayer] audio ready
[4843.480][d][cplayer] starting video playback
[4843.480][v][cplayer] starting audio playback
[4843.480][v][cplayer] playback restart complete @ 1197.400000, audio=playing, video=playing
[4843.480][v][vo/gpu-next/wayland] Enabling idle inhibitor
[4843.482][d][ao/pipewire] Stream state changed: old_state=paused state=streaming error=(null)
[4843.484][v][cplayer] Change display sync audio drift: -1
[4843.493][v][vo/gpu-next/libplacebo] Detected fps ratio 0.0000 below threshold 0.0100, disabling interpolation
[4843.493][d][vo/gpu-next/libplacebo] (Re)creating 2624x1920x0 texture with format r8: ../src/utils/upload.c:239
[4843.494][d][vo/gpu-next/libplacebo] (Re)creating 1312x960x0 texture with format rg8: ../src/utils/upload.c:239
[4843.495][d][vo/gpu-next/libplacebo] (Re)creating 1968x1440x0 texture with format rgba16hf: src/renderer.c:3863
[4843.495][d][vo/gpu-next/libplacebo] Allocating 24182784 memory of type 0x1 (id 1) in heap 0: src/renderer.c:3863
[4843.495][d][vo/gpu-next/libplacebo] Memory types supported by device:
[4843.495][d][vo/gpu-next/libplacebo]     0: flags 0x0 heap 1
[4843.495][d][vo/gpu-next/libplacebo]     1: flags 0x1 heap 0
[4843.495][d][vo/gpu-next/libplacebo]     2: flags 0x6 heap 1
[4843.495][d][vo/gpu-next/libplacebo]     3: flags 0xe heap 1
[4843.495][d][vo/gpu-next/libplacebo]     4: flags 0x7 heap 0
[4843.495][d][vo/gpu-next/libplacebo] Spent 0.507 ms allocating slab
[4843.541][d][vo/gpu-next/libplacebo] (Re)creating 2624x1920x0 texture with format r8: ../src/utils/upload.c:239
[4843.542][d][vo/gpu-next/libplacebo] (Re)creating 1312x960x0 texture with format rg8: ../src/utils/upload.c:239
[4843.660][v][vo/gpu-next/libplacebo] Estimated source FPS: 25.000, display FPS: 25.000
[4843.758][d][vo/gpu-next/libplacebo] Garbage collected slab of size 5769K from pool 1
[4843.758][d][vo/gpu-next/libplacebo] Freeing slab of size 5769K
[4843.910][d][cplayer] Run command: seek, flags=73, args=[target="30.000000", flags="relative", legacy="unused"]
[4843.910][v][lavf] queuing seek to 1227.840000
[4843.910][v][lavf] cached range 0: 0.000000 <-> 1197.320000 (bof=1, eof=0)
[4843.910][v][lavf] cached range 1: 1197.360000 <-> 1227.960000 (bof=0, eof=0)
[4843.910][v][lavf] ...using this range for in-cache seek.
[4843.910][v][lavf] seeking stream 0 (video) to packet 1224.440000/1224.360000
[4843.910][v][lavf] seeking stream 1 (audio) to packet 1227.840000/1227.840000
[4843.910][v][cplayer] hr-seek, skipping to 1227.840000
[4843.911][d][ao/pipewire] Stream state changed: old_state=streaming state=paused error=(null)
[4843.912][d][ffmpeg/video] h264: Reinit context to 2624x1920, pix_fmt: cuda
[4843.920][v][lavf] EOF reached.
[4843.923][v][vd] Decoder format: 2624x1920 nv12 auto/auto/auto/auto/auto CL=mpeg2/4/h264 crop=2624x1920+0+0 A=none
[4843.923][v][vd] Using container aspect ratio.
[4843.929][v][vo/gpu-next/wayland] Disabling the idle inhibitor
[4844.013][d][vo/gpu-next/libplacebo] First frame received with non-zero PTS 1197.840000
[4844.014][d][vo/gpu-next/libplacebo] Freeing slab of size   23M
[4844.061][d][vo/gpu-next/libplacebo] Discontinuous source PTS jump 1197.880000 -> 1227.840000
[4844.062][d][vo/gpu-next/libplacebo] (Re)creating 2624x1920x0 texture with format r8: ../src/utils/upload.c:239
[4844.063][d][vo/gpu-next/libplacebo] (Re)creating 1312x960x0 texture with format rg8: ../src/utils/upload.c:239
[4844.064][d][vo/gpu-next/libplacebo] (Re)creating 1968x1440x0 texture with format rgba16hf: src/renderer.c:3863
[4844.064][d][vo/gpu-next/libplacebo] Allocating 24182784 memory of type 0x1 (id 1) in heap 0: src/renderer.c:3863
[4844.065][d][vo/gpu-next/libplacebo] Memory types supported by device:
[4844.065][d][vo/gpu-next/libplacebo]     0: flags 0x0 heap 1
[4844.065][d][vo/gpu-next/libplacebo]     1: flags 0x1 heap 0
[4844.065][d][vo/gpu-next/libplacebo]     2: flags 0x6 heap 1
[4844.065][d][vo/gpu-next/libplacebo]     3: flags 0xe heap 1
[4844.065][d][vo/gpu-next/libplacebo]     4: flags 0x7 heap 0
[4844.065][d][vo/gpu-next/libplacebo] Spent 0.721 ms allocating slab
[4844.068][v][cplayer] first video frame after restart shown
[4844.069][v][cplayer] audio ready
[4844.069][d][cplayer] starting video playback
[4844.069][v][cplayer] delaying audio start 1227.840027 vs. 1227.840000, diff=0.000027
[4844.069][v][cplayer] playback restart complete @ 1227.840000, audio=ready, video=playing
[4844.069][v][vo/gpu-next/wayland] Enabling idle inhibitor
[4844.071][v][cplayer] starting audio playback
[4844.072][v][vo/gpu-next/libplacebo] Detected fps ratio 0.0000 below threshold 0.0100, disabling interpolation
[4844.072][d][vo/gpu-next/libplacebo] (Re)creating 2624x1920x0 texture with format r8: ../src/utils/upload.c:239
[4844.073][d][ao/pipewire] Stream state changed: old_state=paused state=streaming error=(null)
[4844.074][d][vo/gpu-next/libplacebo] (Re)creating 1312x960x0 texture with format rg8: ../src/utils/upload.c:239
[4844.077][v][cplayer] Change display sync audio drift: -1
[4844.252][v][vo/gpu-next/libplacebo] Estimated source FPS: 25.000, display FPS: 25.000
[4844.403][d][cplayer] Run command: seek, flags=73, args=[target="30.000000", flags="relative", legacy="unused"]
[4844.403][v][lavf] queuing seek to 1258.160000
[4844.403][v][lavf] cached range 0: 0.000000 <-> 1197.320000 (bof=1, eof=0)
[4844.403][v][lavf] cached range 1: 1197.360000 <-> 1234.112000 (bof=0, eof=1)
[4844.403][v][lavf] ...using this range for in-cache seek.
[4844.403][v][lavf] seeking stream 0 (video) to packet 1233.200000/1233.120000
[4844.403][v][lavf] seeking stream 1 (audio) to packet 1234.112000/1234.112000
[4844.404][v][cplayer] hr-seek, skipping to 1258.160000
[4844.404][v][lavf] EOF reached.
[4844.404][d][ffmpeg/video] h264: Reinit context to 2624x1920, pix_fmt: cuda
[4844.404][d][ao/pipewire] Stream state changed: old_state=streaming state=paused error=(null)
[4844.412][v][vd] Decoder format: 2624x1920 nv12 auto/auto/auto/auto/auto CL=mpeg2/4/h264 crop=2624x1920+0+0 A=none
[4844.412][v][vd] Using container aspect ratio.
[4844.417][v][vo/gpu-next/wayland] Disabling the idle inhibitor
[4844.445][v][vf] filter input EOF
[4844.445][v][vf] filter output EOF
[4844.445][d][vo/gpu-next/libplacebo] First frame received with non-zero PTS 1233.960000
[4844.446][d][vo/gpu-next/libplacebo] Freeing slab of size   23M
[4844.449][d][vo/gpu-next] Render queue underrun.
[4844.450][d][vo/gpu-next] Render queue underrun.
[4844.451][v][cplayer] first video frame after restart shown
[4844.452][v][af] filter input EOF
[4844.452][v][af] filter output EOF
[4844.452][v][cplayer] audio filter EOF
[4844.452][d][cplayer] video EOF (status=4)
[4844.452][v][cplayer] audio ready (and EOF)
[4844.452][d][cplayer] video EOF (status=4)
[4844.452][v][cplayer] starting audio playback
[4844.452][v][cplayer] audio draining
[4844.452][v][cplayer] playback restart complete @ -9223372036854775808.000000, audio=draining, video=eof
[4844.452][v][cplayer] audio EOF reached
[4844.452][d][cplayer] video EOF (status=4)
[4844.452][v][cplayer] EOF code: 1  
[4844.452][d][ad] Uninit decoder.
[4844.452][v][vo/gpu-next/wayland] Enabling idle inhibitor
[4844.452][v][vo/gpu-next/wayland] Disabling the idle inhibitor
[4844.452][d][vd] Uninit decoder.
[4844.454][d][ao/pipewire] Stream state changed: old_state=paused state=streaming error=(null)
[4844.592][d][cplayer] Terminating demuxers...
[4844.638][d][cplayer] Done terminating demuxers.
[4844.638][v][cplayer] finished playback, success (reason 0)
[4844.638][v][cplayer] Running hook: ytdl_hook/on_after_end_file
[4844.639][d][cplayer] Run command: del, flags=64, args=[name="user-data/mpv/ytdl/json-subprocess-result"]
[4844.639][d][global] config path: 'cache/watch_later' -> '/home/beiming/.config/mpv/cache/watch_later'
[4844.639][d][global] user path: '~~/cache/watch_later' -> '/home/beiming/.config/mpv/cache/watch_later'
[4844.639][i][cplayer] Playing: /home/beiming/Videos/成龙历险记1-5季 4K修复版/[BASIGN]26.黑影兵团的女王.mp4
[4844.639][v][cplayer] Running hook: ytdl_hook/on_load
[4844.639][d][vo/gpu-next/libplacebo] First frame received with non-zero PTS 1233.960000
[4844.639][d][vo/gpu-next/libplacebo] Allocating 270336 memory of type 0x7 (id 4) in heap 0: ../src/gpu/utils.c:576
[4844.661][d][vo/gpu-next/libplacebo] Memory types supported by device:
[4844.661][d][vo/gpu-next/libplacebo]     0: flags 0x0 heap 1
[4844.661][d][vo/gpu-next/libplacebo]     1: flags 0x1 heap 0
[4844.661][d][vo/gpu-next/libplacebo]     2: flags 0x6 heap 1
[4844.661][d][vo/gpu-next/libplacebo]     3: flags 0xe heap 1
[4844.661][d][vo/gpu-next/libplacebo]     4: flags 0x7 heap 0
[4844.661][v][vo/gpu-next/libplacebo] Spent 21.667 ms allocating slab
[4844.661][d][vo/gpu-next/libplacebo] Freeing slab of size   23M
[4844.665][d][vo/gpu-next/libplacebo] (Re)creating 2624x1920x0 texture with format r8: ../src/utils/upload.c:239
[4844.665][d][vo/gpu-next/libplacebo] (Re)creating 1312x960x0 texture with format rg8: ../src/utils/upload.c:239
[4844.666][d][vo/gpu-next] Render queue underrun.
[4844.666][d][vo/gpu-next/libplacebo] (Re)creating 1968x1440x0 texture with format rgba16hf: src/renderer.c:3863
[4844.666][d][vo/gpu-next/libplacebo] Allocating 24182784 memory of type 0x1 (id 1) in heap 0: src/renderer.c:3863
[4844.666][d][vo/gpu-next/libplacebo] Memory types supported by device:
[4844.666][d][vo/gpu-next/libplacebo]     0: flags 0x0 heap 1
[4844.666][d][vo/gpu-next/libplacebo]     1: flags 0x1 heap 0
[4844.666][d][vo/gpu-next/libplacebo]     2: flags 0x6 heap 1
[4844.666][d][vo/gpu-next/libplacebo]     3: flags 0xe heap 1
[4844.666][d][vo/gpu-next/libplacebo]     4: flags 0x7 heap 0
[4844.666][d][vo/gpu-next/libplacebo] Spent 0.617 ms allocating slab
[4844.671][v][cplayer] Running hook: ytdl_hook/on_load
[4844.671][v][ytdl_hook] playlist hook
[4844.672][v][ifo_dvdnav] Opening /home/beiming/Videos/成龙历险记1-5季 4K修复版/[BASIGN]26.黑影兵团的女王.mp4
[4844.672][v][bdmv/bluray] Opening /home/beiming/Videos/成龙历险记1-5季 4K修复版/[BASIGN]26.黑影兵团的女王.mp4
[4844.672][v][file] Opening /home/beiming/Videos/成龙历险记1-5季 4K修复版/[BASIGN]26.黑影兵团的女王.mp4
[4844.672][d][file] resize stream to 131072 bytes, drop 0 bytes
[4844.672][d][file] Stream opened successfully.
[4844.672][v][demux] Trying demuxers for level=normal.
[4844.672][d][demux] Trying demuxer: directory (force-level: normal)
[4844.673][d][demux] Trying demuxer: disc (force-level: normal)
[4844.673][d][demux] Trying demuxer: edl (force-level: normal)
[4844.673][d][demux] Trying demuxer: cue (force-level: normal)
[4844.673][d][demux] Trying demuxer: rawaudio (force-level: normal)
[4844.673][d][demux] Trying demuxer: rawvideo (force-level: normal)
[4844.673][d][demux] Trying demuxer: mkv (force-level: normal)
[4844.673][d][demux] Trying demuxer: libarchive (force-level: normal)
[4844.674][d][demux] Trying demuxer: lavf (force-level: normal)
[4844.675][v][lavf] Found 'mov,mp4,m4a,3gp,3g2,mj2' at score=100 size=2048.
[4844.675][v][file] stream level seek from 131072 to 1040666865
[4844.693][v][demux] Detected file format: mov,mp4,m4a,3gp,3g2,mj2 (libavformat)
[4844.693][d][global] config path: 'cache/stream_cache' -> '/home/beiming/.config/mpv/cache/stream_cache'
[4844.693][d][global] user path: '~~/cache/stream_cache' -> '/home/beiming/.config/mpv/cache/stream_cache'
[4844.693][v][cplayer] Opening done: /home/beiming/Videos/成龙历险记1-5季 4K修复版/[BASIGN]26.黑影兵团的女王.mp4
[4844.694][v][find_files] Loading external files in /home/beiming/Videos/成龙历险记1-5季 4K修复版/
[4844.694][d][global] config path: 'sub' -/-> '/home/beiming/.config/mpv/sub'
[4844.694][d][global] config path: 'sub' -/-> '/home/beiming/.mpv/sub'
[4844.694][d][global] config path: 'sub' -/-> '/etc/mpv/sub'
[4844.694][v][cplayer] Running hook: ytdl_hook/on_preloaded
[4844.694][v][lavf] select track 0
[4844.694][v][lavf] select track 1
[4844.694][i][cplayer]  ● Video  --vid=1  (h264 2560x1920 25 fps) [default]
[4844.694][i][cplayer]  ● Audio  --aid=1  (aac 2ch 48000 Hz 192 kbps) [default]
[4844.695][v][vd] Container reported FPS: 25.000000
[4844.695][v][vd] Codec list:
[4844.695][v][vd]     h264 - H.264 / AVC / MPEG-4 AVC / MPEG-4 part 10
[4844.695][v][vd]     h264_v4l2m2m (h264) - V4L2 mem2mem H.264 decoder wrapper
[4844.695][v][vd]     h264_qsv (h264) - H264 video (Intel Quick Sync Video acceleration)
[4844.695][v][vd]     h264_amf (h264) - H264 AMD AMF video decoder
[4844.695][v][vd]     h264_cuvid (h264) - Nvidia CUVID H264 decoder
[4844.695][v][vd] Opening decoder h264
[4844.695][v][vd] Looking at hwdec h264-vulkan...
[4844.695][v][vd] Not using this for auto-copy.
[4844.695][v][vd] Looking at hwdec h264-nvdec...
[4844.695][v][vd] Not using this for auto-copy.
[4844.695][v][vd] Looking at hwdec h264-vaapi...
[4844.695][v][vd] Not using this for auto-copy.
[4844.695][v][vd] Looking at hwdec h264-vulkan-copy...
[4844.696][d][ffmpeg] Vulkan: Supported layers:
[4844.696][d][ffmpeg] Vulkan: 	VK_LAYER_VALVE_steam_overlay_32
[4844.696][d][ffmpeg] Vulkan: 	VK_LAYER_VALVE_steam_overlay_64
[4844.696][d][ffmpeg] Vulkan: 	VK_LAYER_VALVE_steam_fossilize_32
[4844.696][d][ffmpeg] Vulkan: 	VK_LAYER_VALVE_steam_fossilize_64
[4844.696][d][ffmpeg] Vulkan: 	VK_LAYER_MESA_anti_lag
[4844.696][d][ffmpeg] Vulkan: 	VK_LAYER_MESA_device_select
[4844.696][d][ffmpeg] Vulkan: 	VK_LAYER_MANGOHUD_overlay_x86_64
[4844.696][d][ffmpeg] Vulkan: 	VK_LAYER_NV_optimus
[4844.696][d][ffmpeg] Vulkan: 	VK_LAYER_NV_present
[4844.750][v][thumbfast] Subprocess failed: killed
[4844.761][d][ffmpeg] Vulkan: GPU listing:
[4844.761][d][ffmpeg] Vulkan:     0: Intel(R) Graphics (RPL-S) (integrated) (0xa788)
[4844.761][d][ffmpeg] Vulkan:     1: NVIDIA GeForce RTX 5060 Laptop GPU (discrete) (0x2d19)
[4844.761][d][ffmpeg] Vulkan: Device 0 selected: Intel(R) Graphics (RPL-S) (integrated) (0xa788)
[4844.761][d][ffmpeg] Vulkan: Using device extension VK_KHR_push_descriptor
[4844.761][d][ffmpeg] Vulkan: Using device extension VK_EXT_physical_device_drm
[4844.761][d][ffmpeg] Vulkan: Using device extension VK_EXT_shader_atomic_float
[4844.761][d][ffmpeg] Vulkan: Using device extension VK_EXT_shader_object
[4844.761][d][ffmpeg] Vulkan: Using device extension VK_KHR_shader_subgroup_rotate
[4844.761][d][ffmpeg] Vulkan: Using device extension VK_EXT_host_image_copy
[4844.761][d][ffmpeg] Vulkan: Using device extension VK_KHR_workgroup_memory_explicit_layout
[4844.761][d][ffmpeg] Vulkan: Using device extension VK_KHR_shader_relaxed_extended_instruction
[4844.761][d][ffmpeg] Vulkan: Using device extension VK_EXT_shader_replicated_composites
[4844.761][d][ffmpeg] Vulkan: Using device extension VK_KHR_shader_expect_assume
[4844.761][d][ffmpeg] Vulkan: Using device extension VK_KHR_internally_synchronized_queues
[4844.761][d][ffmpeg] Vulkan: Using device extension VK_KHR_external_memory_fd
[4844.761][d][ffmpeg] Vulkan: Using device extension VK_EXT_external_memory_dma_buf
[4844.761][d][ffmpeg] Vulkan: Using device extension VK_EXT_image_drm_format_modifier
[4844.761][d][ffmpeg] Vulkan: Using device extension VK_KHR_external_semaphore_fd
[4844.761][d][ffmpeg] Vulkan: Using device extension VK_EXT_external_memory_host
[4844.761][d][ffmpeg] Vulkan: Queue families:
[4844.761][d][ffmpeg] Vulkan:     0: graphics compute transfer sparse (queues: 1)
[4844.784][d][ffmpeg] Vulkan: Using device: Intel(R) Graphics (RPL-S)
[4844.784][d][ffmpeg] Vulkan: Alignments:
[4844.784][d][ffmpeg] Vulkan:     optimalBufferCopyRowPitchAlignment: 64
[4844.784][d][ffmpeg] Vulkan:     minMemoryMapAlignment:              4096
[4844.784][d][ffmpeg] Vulkan:     nonCoherentAtomSize:                64
[4844.784][d][ffmpeg] Vulkan:     minImportedHostPointerAlignment:    4096
[4844.784][v][vd] Trying hardware decoding via h264-vulkan-copy.
[4844.784][v][vd] Requesting 4 threads for decoding.
[4844.785][v][vd] Selected decoder: h264 - H.264 / AVC / MPEG-4 AVC / MPEG-4 part 10
[4844.785][v][vf] User filter list:
[4844.785][v][vf]   (empty)
[4844.786][v][ad] Codec list:
[4844.786][v][ad]     aac - AAC (Advanced Audio Coding)
[4844.786][v][ad]     aac_fixed (aac) - AAC (Advanced Audio Coding)
[4844.786][v][ad] Opening decoder aac
[4844.786][v][ad] Requesting 1 threads for decoding.
[4844.787][v][ad] Selected decoder: aac - AAC (Advanced Audio Coding)
[4844.787][v][af] User filter list:
[4844.787][v][af]   (empty)
[4844.787][v][cplayer] Starting playback...
[4844.788][v][file] stream level seek from 1041575997 to 48
[4844.788][d][vo/gpu-next/libplacebo] First frame received with non-zero PTS 1233.960000
[4844.788][d][vo/gpu-next/libplacebo] Freeing slab of size   23M
[4844.788][d][lavf] stream 1: resize index to 128
[4844.788][d][vo/gpu-next/libplacebo] (Re)creating 2624x1920x0 texture with format r8: ../src/utils/upload.c:239
[4844.789][d][vo/gpu-next/libplacebo] (Re)creating 1312x960x0 texture with format rg8: ../src/utils/upload.c:239
[4844.790][d][vo/gpu-next] Render queue underrun.
[4844.790][d][vo/gpu-next/libplacebo] (Re)creating 1968x1440x0 texture with format rgba16hf: src/renderer.c:3863
[4844.790][d][vo/gpu-next/libplacebo] Allocating 24182784 memory of type 0x1 (id 1) in heap 0: src/renderer.c:3863
[4844.790][d][vo/gpu-next/libplacebo] Memory types supported by device:
[4844.790][d][vo/gpu-next/libplacebo]     0: flags 0x0 heap 1
[4844.790][d][vo/gpu-next/libplacebo]     1: flags 0x1 heap 0
[4844.790][d][vo/gpu-next/libplacebo]     2: flags 0x6 heap 1
[4844.790][d][vo/gpu-next/libplacebo]     3: flags 0xe heap 1
[4844.790][d][vo/gpu-next/libplacebo]     4: flags 0x7 heap 0
[4844.790][d][vo/gpu-next/libplacebo] Spent 0.483 ms allocating slab
[4844.794][d][cplayer] Run command: overlay-remove, flags=64, args=[id="42"]
[4844.794][d][cplayer] Run command: script-message, flags=64, args=[args="thumbfast-info", args="{\"width\":320,\"available\":true,\"thumbnail\":\"/tmp/thumbfast.out5290\",\"height\":234,\"overlay_id\":42,\"scale_factor\":1,\"disabled\":false,\"socket\":\"/tmp/thumbfast5290\"}"]
[4844.794][v][af] [in] 48000Hz stereo 2ch floatp
[4844.794][v][af] [userspeed] 48000Hz stereo 2ch floatp
[4844.794][v][af] [userspeed] (disabled)
[4844.794][v][af] [convert] 48000Hz stereo 2ch floatp
[4844.794][v][vd] Pixel formats supported by decoder: vdpau vulkan cuda vaapi yuv420p
[4844.794][v][vd] Codec profile: High (0x64)
[4844.795][v][vd] Requesting pixfmt 'vulkan' from decoder.
[4844.795][e][ffmpeg/video] h264: Device does not support the VK_KHR_video_decode_queue extension!
[4844.795][e][ffmpeg/video] h264: Failed setup for format vulkan: hwaccel initialisation returned error.
[4844.795][v][vd] Pixel formats supported by decoder: vdpau cuda vaapi yuv420p yuv420p
[4844.795][v][vd] Codec profile: High (0x64)
[4844.795][v][vd] Requesting pixfmt '-' from decoder.
[4844.795][e][ffmpeg/video] h264: no frame!
[4844.795][v][vd] Pixel formats supported by decoder: vdpau vulkan cuda vaapi yuv420p
[4844.795][v][vd] Codec profile: High (0x64)
[4844.795][v][vd] Requesting pixfmt 'vulkan' from decoder.
[4844.795][e][ffmpeg/video] h264: Device does not support the VK_KHR_video_decode_queue extension!
[4844.795][e][ffmpeg/video] h264: Failed setup for format vulkan: hwaccel initialisation returned error.
[4844.795][v][vd] Pixel formats supported by decoder: vdpau cuda vaapi yuv420p yuv420p
[4844.795][v][vd] Codec profile: High (0x64)
[4844.795][v][vd] Requesting pixfmt '-' from decoder.
[4844.795][e][ffmpeg/video] h264: no frame!
[4844.798][v][vd] Attempting next decoding method after failure of h264-vulkan-copy.
[4844.798][d][vd] Skipping previously attempted hwdec: h264-vulkan
[4844.798][d][vd] Skipping previously attempted hwdec: h264-nvdec
[4844.798][d][vd] Skipping previously attempted hwdec: h264-vaapi
[4844.798][d][vd] Skipping previously attempted hwdec: h264-vulkan-copy
[4844.798][v][vd] Looking at hwdec h264-nvdec-copy...
[4844.802][d][lavf] stream 0: resize index to 128
[4844.898][v][vd] Trying hardware decoding via h264-nvdec-copy.
[4844.898][v][vd] Requesting 4 threads for decoding.
[4844.898][v][vd] Pixel formats supported by decoder: vdpau vulkan cuda vaapi yuv420p
[4844.898][v][vd] Codec profile: High (0x64)
[4844.898][v][vd] Requesting pixfmt 'cuda' from decoder.
[4844.898][d][vo/gpu-next] Render queue underrun.
[4844.906][d][ffmpeg/video] h264: NVDEC capabilities:
[4844.906][d][ffmpeg/video] h264: format supported: yes, max_mb_count: 262144
[4844.906][d][ffmpeg/video] h264: min_width: 48, max_width: 8192
[4844.906][d][ffmpeg/video] h264: min_height: 64, max_height: 8192
[4844.928][d][ffmpeg/video] h264: Reinit context to 2560x1920, pix_fmt: cuda
[4844.935][i][vd] Using hardware decoding (nvdec-copy).
[4844.935][v][vd] Decoder format: 2560x1920 nv12 auto/auto/auto/auto/auto CL=mpeg2/4/h264 crop=2560x1920+0+0 A=none
[4844.935][v][vd] Using container aspect ratio.
[4844.935][v][vf] [in] 2560x1920 nv12 bt.709/bt.709/bt.1886/limited/display CL=mpeg2/4/h264 crop=2560x1920+0+0 A=none
[4844.935][v][vf] [userdeint] 2560x1920 nv12 bt.709/bt.709/bt.1886/limited/display CL=mpeg2/4/h264 crop=2560x1920+0+0 A=none
[4844.935][v][vf] [userdeint] (disabled)
[4844.935][v][vf] [autovflip] 2560x1920 nv12 bt.709/bt.709/bt.1886/limited/display CL=mpeg2/4/h264 crop=2560x1920+0+0 A=none
[4844.935][v][vf] [autovflip] (disabled)
[4844.935][v][vf] [autorotate] 2560x1920 nv12 bt.709/bt.709/bt.1886/limited/display CL=mpeg2/4/h264 crop=2560x1920+0+0 A=none
[4844.935][v][vf] [autorotate] (disabled)
[4844.935][v][vf] [convert] 2560x1920 nv12 bt.709/bt.709/bt.1886/limited/display CL=mpeg2/4/h264 crop=2560x1920+0+0 A=none
[4844.935][v][vf] [convert] (disabled)
[4844.935][v][vf] [out] 2560x1920 nv12 bt.709/bt.709/bt.1886/limited/display CL=mpeg2/4/h264 crop=2560x1920+0+0 A=none
[4844.935][d][cplayer] Run command: script-message, flags=64, args=[args="thumbfast-info", args="{\"width\":320,\"available\":true,\"thumbnail\":\"/tmp/thumbfast.out5290\",\"height\":234,\"overlay_id\":42,\"scale_factor\":1,\"disabled\":false,\"socket\":\"/tmp/thumbfast5290\"}"]
[4844.935][v][af] [convert] (disabled)
[4844.935][v][af] [out] 48000Hz stereo 2ch floatp
[4844.937][i][cplayer] VO: [gpu-next] 2560x1920 nv12
[4844.937][v][cplayer] VO: Description: Video output based on libplacebo
[4844.937][v][vo/gpu-next] reconfig to 2560x1920 nv12 bt.709/bt.709/bt.1886/limited/display CL=mpeg2/4/h264 crop=2560x1920+0+0 A=none
[4844.937][v][vo/gpu-next/wayland] Reconfiguring!
[4844.937][d][vo/gpu-next] max content size: 2560x1440
[4844.937][d][vo/gpu-next] monitor size: 2560x1440
[4844.937][v][vo/gpu-next] Window size: 1728x1296 (Borders: l=0 t=0 r=0 b=0)
[4844.937][v][vo/gpu-next] Video source: 2560x1920 (1:1)
[4844.937][v][vo/gpu-next] Video display: (0, 0) 2560x1920 -> (0, 0) 1728x1296
[4844.937][v][vo/gpu-next] Video scale: 0.675000/0.675000
[4844.937][v][vo/gpu-next] OSD borders: l=0 t=0 r=0 b=0
[4844.937][v][vo/gpu-next] Video borders: l=0 t=0 r=0 b=0
[4844.937][v][vo/gpu-next/wayland] Handling resize on the vk side
[4844.937][v][vo/gpu-next] Window size: 2560x1440 (Borders: l=0 t=0 r=0 b=0)
[4844.937][v][vo/gpu-next] Video source: 2560x1920 (1:1)
[4844.937][v][vo/gpu-next] Video display: (0, 0) 2560x1920 -> (320, 0) 1920x1440
[4844.937][v][vo/gpu-next] Video scale: 0.750000/0.750000
[4844.937][v][vo/gpu-next] OSD borders: l=320 t=0 r=320 b=0
[4844.937][v][vo/gpu-next] Video borders: l=320 t=0 r=320 b=0
[4844.937][v][vo/gpu-next] Forcing queue refill, PTS(0.080000 + 0.000000 | 0.016667) < VPTS(1233.960000)
[4844.937][d][vo/gpu-next/libplacebo] First frame received with non-zero PTS 0.080000
[4844.937][d][vo/gpu-next/libplacebo] Freeing slab of size   23M
[4844.937][d][vo/gpu-next/libplacebo] (Re)creating 2560x1920x0 texture with format r8: ../src/utils/upload.c:239
[4844.937][d][vo/gpu-next/libplacebo] Allocating 4915200 memory of type 0x1 (id 1) in heap 0: ../src/utils/upload.c:239
[4844.938][d][vo/gpu-next/libplacebo] Memory types supported by device:
[4844.938][d][vo/gpu-next/libplacebo]     0: flags 0x0 heap 1
[4844.938][d][vo/gpu-next/libplacebo]     1: flags 0x1 heap 0
[4844.938][d][vo/gpu-next/libplacebo]     2: flags 0x6 heap 1
[4844.938][d][vo/gpu-next/libplacebo]     3: flags 0xe heap 1
[4844.938][d][vo/gpu-next/libplacebo]     4: flags 0x7 heap 0
[4844.938][d][vo/gpu-next/libplacebo] Spent 0.234 ms allocating slab
[4844.938][d][vo/gpu-next/libplacebo] Allocating 4915200 memory of type 0x7 (id 4) in heap 0: ../src/gpu/utils.c:576
[4844.938][d][vo/gpu-next/libplacebo] Memory types supported by device:
[4844.938][d][vo/gpu-next/libplacebo]     0: flags 0x0 heap 1
[4844.938][d][vo/gpu-next/libplacebo]     1: flags 0x1 heap 0
[4844.938][d][vo/gpu-next/libplacebo]     2: flags 0x6 heap 1
[4844.938][d][vo/gpu-next/libplacebo]     3: flags 0xe heap 1
[4844.938][d][vo/gpu-next/libplacebo]     4: flags 0x7 heap 0
[4844.938][d][vo/gpu-next/libplacebo] Spent 0.228 ms allocating slab
[4844.939][d][vo/gpu-next/libplacebo] (Re)creating 1280x960x0 texture with format rg8: ../src/utils/upload.c:239
[4844.939][d][vo/gpu-next/libplacebo] Allocating 2621440 memory of type 0x1 (id 1) in heap 0: ../src/utils/upload.c:239
[4844.939][d][vo/gpu-next/libplacebo] Memory types supported by device:
[4844.939][d][vo/gpu-next/libplacebo]     0: flags 0x0 heap 1
[4844.939][d][vo/gpu-next/libplacebo]     1: flags 0x1 heap 0
[4844.939][d][vo/gpu-next/libplacebo]     2: flags 0x6 heap 1
[4844.939][d][vo/gpu-next/libplacebo]     3: flags 0xe heap 1
[4844.939][d][vo/gpu-next/libplacebo]     4: flags 0x7 heap 0
[4844.939][d][vo/gpu-next/libplacebo] Spent 0.130 ms allocating slab
[4844.939][d][vo/gpu-next/libplacebo] Allocating 2457600 memory of type 0x7 (id 4) in heap 0: ../src/gpu/utils.c:576
[4844.939][d][vo/gpu-next/libplacebo] Memory types supported by device:
[4844.939][d][vo/gpu-next/libplacebo]     0: flags 0x0 heap 1
[4844.939][d][vo/gpu-next/libplacebo]     1: flags 0x1 heap 0
[4844.939][d][vo/gpu-next/libplacebo]     2: flags 0x6 heap 1
[4844.939][d][vo/gpu-next/libplacebo]     3: flags 0xe heap 1
[4844.939][d][vo/gpu-next/libplacebo]     4: flags 0x7 heap 0
[4844.939][d][vo/gpu-next/libplacebo] Spent 0.164 ms allocating slab
[4844.939][d][vo/gpu-next/libplacebo] (Re)creating 2560x1920x0 texture with format r8: ../src/utils/upload.c:239
[4844.939][d][vo/gpu-next/libplacebo] Allocating 9830400 memory of type 0x1 (id 1) in heap 0: ../src/utils/upload.c:239
[4844.940][d][vo/gpu-next/libplacebo] Memory types supported by device:
[4844.940][d][vo/gpu-next/libplacebo]     0: flags 0x0 heap 1
[4844.940][d][vo/gpu-next/libplacebo]     1: flags 0x1 heap 0
[4844.940][d][vo/gpu-next/libplacebo]     2: flags 0x6 heap 1
[4844.940][d][vo/gpu-next/libplacebo]     3: flags 0xe heap 1
[4844.940][d][vo/gpu-next/libplacebo]     4: flags 0x7 heap 0
[4844.940][d][vo/gpu-next/libplacebo] Spent 0.212 ms allocating slab
[4844.940][d][vo/gpu-next/libplacebo] Allocating 9830400 memory of type 0x7 (id 4) in heap 0: ../src/gpu/utils.c:576
[4844.940][d][vo/gpu-next/libplacebo] Memory types supported by device:
[4844.940][d][vo/gpu-next/libplacebo]     0: flags 0x0 heap 1
[4844.940][d][vo/gpu-next/libplacebo]     1: flags 0x1 heap 0
[4844.940][d][vo/gpu-next/libplacebo]     2: flags 0x6 heap 1
[4844.940][d][vo/gpu-next/libplacebo]     3: flags 0xe heap 1
[4844.940][d][vo/gpu-next/libplacebo]     4: flags 0x7 heap 0
[4844.940][d][vo/gpu-next/libplacebo] Spent 0.234 ms allocating slab
[4844.941][d][vo/gpu-next/libplacebo] (Re)creating 1280x960x0 texture with format rg8: ../src/utils/upload.c:239
[4844.941][d][vo/gpu-next/libplacebo] Allocating 5242880 memory of type 0x1 (id 1) in heap 0: ../src/utils/upload.c:239
[4844.941][d][vo/gpu-next/libplacebo] Memory types supported by device:
[4844.941][d][vo/gpu-next/libplacebo]     0: flags 0x0 heap 1
[4844.941][d][vo/gpu-next/libplacebo]     1: flags 0x1 heap 0
[4844.941][d][vo/gpu-next/libplacebo]     2: flags 0x6 heap 1
[4844.941][d][vo/gpu-next/libplacebo]     3: flags 0xe heap 1
[4844.941][d][vo/gpu-next/libplacebo]     4: flags 0x7 heap 0
[4844.941][d][vo/gpu-next/libplacebo] Spent 0.191 ms allocating slab
[4844.941][d][vo/gpu-next/libplacebo] Allocating 4915200 memory of type 0x7 (id 4) in heap 0: ../src/gpu/utils.c:576
[4844.941][d][vo/gpu-next/libplacebo] Memory types supported by device:
[4844.941][d][vo/gpu-next/libplacebo]     0: flags 0x0 heap 1
[4844.941][d][vo/gpu-next/libplacebo]     1: flags 0x1 heap 0
[4844.941][d][vo/gpu-next/libplacebo]     2: flags 0x6 heap 1
[4844.941][d][vo/gpu-next/libplacebo]     3: flags 0xe heap 1
[4844.941][d][vo/gpu-next/libplacebo]     4: flags 0x7 heap 0
[4844.941][d][vo/gpu-next/libplacebo] Spent 0.153 ms allocating slab
[4844.941][d][vo/gpu-next/libplacebo] (Re)creating 1920x1440x0 texture with format rgba16hf: src/renderer.c:3863
[4844.941][d][vo/gpu-next/libplacebo] Allocating 23592960 memory of type 0x1 (id 1) in heap 0: src/renderer.c:3863
[4844.942][d][vo/gpu-next/libplacebo] Memory types supported by device:
[4844.942][d][vo/gpu-next/libplacebo]     0: flags 0x0 heap 1
[4844.942][d][vo/gpu-next/libplacebo]     1: flags 0x1 heap 0
[4844.942][d][vo/gpu-next/libplacebo]     2: flags 0x6 heap 1
[4844.942][d][vo/gpu-next/libplacebo]     3: flags 0xe heap 1
[4844.942][d][vo/gpu-next/libplacebo]     4: flags 0x7 heap 0
[4844.942][d][vo/gpu-next/libplacebo] Spent 0.105 ms allocating slab
[4844.942][d][vo/gpu-next/libplacebo] (Re)creating 1280x1920x0 texture with format rg16hf: src/renderer.c:768
[4844.942][d][vo/gpu-next/libplacebo] Freeing slab of size 9840K
[4844.942][d][vo/gpu-next/libplacebo] Allocating 9830400 memory of type 0x1 (id 1) in heap 0: src/renderer.c:768
[4844.942][d][vo/gpu-next/libplacebo] Memory types supported by device:
[4844.942][d][vo/gpu-next/libplacebo]     0: flags 0x0 heap 1
[4844.942][d][vo/gpu-next/libplacebo]     1: flags 0x1 heap 0
[4844.942][d][vo/gpu-next/libplacebo]     2: flags 0x6 heap 1
[4844.942][d][vo/gpu-next/libplacebo]     3: flags 0xe heap 1
[4844.942][d][vo/gpu-next/libplacebo]     4: flags 0x7 heap 0
[4844.942][d][vo/gpu-next/libplacebo] Spent 0.058 ms allocating slab
[4844.942][d][vo/gpu-next/libplacebo] (Re)creating 2560x1920x0 texture with format rgba16hf: src/renderer.c:2058
[4844.942][d][vo/gpu-next/libplacebo] Freeing slab of size   38M
[4844.942][d][vo/gpu-next/libplacebo] Allocating 39321600 memory of type 0x1 (id 1) in heap 0: src/renderer.c:2058
[4844.942][d][vo/gpu-next/libplacebo] Memory types supported by device:
[4844.942][d][vo/gpu-next/libplacebo]     0: flags 0x0 heap 1
[4844.942][d][vo/gpu-next/libplacebo]     1: flags 0x1 heap 0
[4844.942][d][vo/gpu-next/libplacebo]     2: flags 0x6 heap 1
[4844.942][d][vo/gpu-next/libplacebo]     3: flags 0xe heap 1
[4844.942][d][vo/gpu-next/libplacebo]     4: flags 0x7 heap 0
[4844.942][d][vo/gpu-next/libplacebo] Spent 0.087 ms allocating slab
[4844.942][d][vo/gpu-next/libplacebo] (Re)creating 2560x1440x0 texture with format rgba16hf: src/renderer.c:768
[4844.942][d][vo/gpu-next/libplacebo] Freeing slab of size   30M
[4844.942][d][vo/gpu-next/libplacebo] Allocating 31457280 memory of type 0x1 (id 1) in heap 0: src/renderer.c:768
[4844.942][d][vo/gpu-next/libplacebo] Memory types supported by device:
[4844.942][d][vo/gpu-next/libplacebo]     0: flags 0x0 heap 1
[4844.942][d][vo/gpu-next/libplacebo]     1: flags 0x1 heap 0
[4844.942][d][vo/gpu-next/libplacebo]     2: flags 0x6 heap 1
[4844.942][d][vo/gpu-next/libplacebo]     3: flags 0xe heap 1
[4844.942][d][vo/gpu-next/libplacebo]     4: flags 0x7 heap 0
[4844.942][d][vo/gpu-next/libplacebo] Spent 0.069 ms allocating slab
[4844.942][d][vo/gpu-next/libplacebo] Allocating 540672 memory of type 0x7 (id 4) in heap 0: ../src/gpu/utils.c:576
[4844.943][d][vo/gpu-next/libplacebo] Memory types supported by device:
[4844.943][d][vo/gpu-next/libplacebo]     0: flags 0x0 heap 1
[4844.943][d][vo/gpu-next/libplacebo]     1: flags 0x1 heap 0
[4844.943][d][vo/gpu-next/libplacebo]     2: flags 0x6 heap 1
[4844.943][d][vo/gpu-next/libplacebo]     3: flags 0xe heap 1
[4844.943][d][vo/gpu-next/libplacebo]     4: flags 0x7 heap 0
[4844.943][d][vo/gpu-next/libplacebo] Spent 0.120 ms allocating slab
[4844.943][v][cplayer] first video frame after restart shown
[4844.944][d][cplayer] Run command: script-message, flags=64, args=[args="thumbfast-info", args="{\"width\":320,\"available\":true,\"thumbnail\":\"/tmp/thumbfast.out5290\",\"height\":240,\"overlay_id\":42,\"scale_factor\":1,\"disabled\":false,\"socket\":\"/tmp/thumbfast5290\"}"]
[4844.944][v][cplayer] audio ready
[4844.944][d][cplayer] starting video playback
[4844.944][v][cplayer] delaying audio start 0.080000 vs. 0.080000, diff=0.000000
[4844.944][v][cplayer] playback restart complete @ 0.080000, audio=ready, video=playing
[4844.945][d][vo/gpu-next/libplacebo] Allocating 402432 memory of type 0x7 (id 4) in heap 0: ../src/gpu/utils.c:576
[4844.946][d][vo/gpu-next/libplacebo] Memory types supported by device:
[4844.946][d][vo/gpu-next/libplacebo]     0: flags 0x0 heap 1
[4844.946][d][vo/gpu-next/libplacebo]     1: flags 0x1 heap 0
[4844.946][d][vo/gpu-next/libplacebo]     2: flags 0x6 heap 1
[4844.946][d][vo/gpu-next/libplacebo]     3: flags 0xe heap 1
[4844.946][d][vo/gpu-next/libplacebo]     4: flags 0x7 heap 0
[4844.946][d][vo/gpu-next/libplacebo] Spent 0.167 ms allocating slab
[4844.946][v][vo/gpu-next/wayland] Enabling idle inhibitor
[4844.946][v][cplayer] starting audio playback
[4844.946][d][cplayer] Run command: subprocess, flags=64, args=[args="mpv,--no-config,--msg-level=all=no,--idle,--pause,--keep-open=always,--really-quiet,--no-terminal,--load-scripts=no,--osc=no,--ytdl=no,--load-stats-overlay=no,--load-osd-console=no,--load-auto-profiles=no,--edition=auto,--vid=1,--no-sub,--no-audio,--start=0,--hr-seek=no,--ytdl-format=worst,--demuxer-readahead-secs=0,--demuxer-max-bytes=128KiB,--vd-lavc-skiploopfilter=all,--vd-lavc-software-fallback=1,--vd-lavc-fast,--vd-lavc-threads=2,--hwdec=auto,--vf=scale=w=320:h=240:force_original_aspect_ratio=decrease,pad=w=320:h=240:x=-1:y=-1,format=bgra,--sws-scaler=fast-bilinear,--video-rotate=0,--ovc=rawvideo,--of=image2,--ofopts=update=1,--o=/tmp/thumbfast.out5290,--sws-allow-zimg=no,--media-controls=no,--scripts=/tmp/thumbfast5290.run,--,/home/beiming/Videos/成龙历险记1-5季 4K修复版/[BASIGN]26.黑影兵团的女王.mp4", playback_only="yes", capture_size="67108864", capture_stdout="no", capture_stderr="no", detach="no", env="PATH=/usr/local/bin:/usr/bin:/bin:/usr/local/sbin:/opt/cuda/bin:/var/lib/flatpak/exports/bin:/usr/lib/jvm/default/bin:/usr/bin/site_perl:/usr/bin/vendor_perl:/usr/bin/core_perl", stdin_data="", passthrough_stdin="no"]
[4844.947][v][vo/gpu-next/libplacebo] Detected fps ratio 0.0000 below threshold 0.0100, disabling interpolation
[4844.947][d][vo/gpu-next/libplacebo] (Re)creating 1920x1440x0 texture with format rgba16hf: src/renderer.c:3863
[4844.947][d][vo/gpu-next/libplacebo] Allocating 23592960 memory of type 0x1 (id 1) in heap 0: src/renderer.c:3863
[4844.947][d][vo/gpu-next/libplacebo] Memory types supported by device:
[4844.947][d][vo/gpu-next/libplacebo]     0: flags 0x0 heap 1
[4844.947][d][vo/gpu-next/libplacebo]     1: flags 0x1 heap 0
[4844.947][d][vo/gpu-next/libplacebo]     2: flags 0x6 heap 1
[4844.947][d][vo/gpu-next/libplacebo]     3: flags 0xe heap 1
[4844.947][d][vo/gpu-next/libplacebo]     4: flags 0x7 heap 0
[4844.947][d][vo/gpu-next/libplacebo] Spent 0.155 ms allocating slab
[4844.949][v][thumbfast] Starting subprocess: [mpv, --no-config, --msg-level=all=no, --idle, --pause, --keep-open=always, --really-quiet, --no-terminal, --load-scripts=no, --osc=no, --ytdl=no, --load-stats-overlay=no, --load-osd-console=no, --load-auto-profiles=no, --edition=auto, --vid=1, --no-sub, --no-audio, --start=0, --hr-seek=no, --ytdl-format=worst, --demuxer-readahead-secs=0, --demuxer-max-bytes=128KiB, --vd-lavc-skiploopfilter=all, --vd-lavc-software-fallback=1, --vd-lavc-fast, --vd-lavc-threads=2, --hwdec=auto, --vf=scale=w=320:h=240:force_original_aspect_ratio=decrease,pad=w=320:h=240:x=-1:y=-1,format=bgra, --sws-scaler=fast-bilinear, --video-rotate=0, --ovc=rawvideo, --of=image2, --ofopts=update=1, --o=/tmp/thumbfast.out5290, --sws-allow-zimg=no, --media-controls=no, --scripts=/tmp/thumbfast5290.run, --, /home/beiming/Videos/成龙历险记1-5季 4K修复版/[BASIGN]26.黑影兵团的女王.mp4]
[4844.967][v][cplayer] Change display sync audio drift: -1
[4844.976][v][autoconvert] inserting resampler
[4844.976][v][swresample] format change, reinitializing resampler
[4844.976][v][swresample] 48060Hz stereo floatp -> 48000Hz stereo floatp
[4844.977][v][af] [convert] (enabled)
[4845.000][d][vo/gpu-next/libplacebo] (Re)creating 2560x1920x0 texture with format r8: ../src/utils/upload.c:239
[4845.001][d][vo/gpu-next/libplacebo] (Re)creating 1280x960x0 texture with format rg8: ../src/utils/upload.c:239
[4845.035][v][vo/gpu-next/libplacebo] Estimated source FPS: 25.000, display FPS: 25.000
[4845.100][d][vo/gpu-next/libplacebo] Garbage collected slab of size  366K from pool 1
[4845.100][d][vo/gpu-next/libplacebo] Freeing slab of size  366K
[4845.117][d][vo/gpu-next/libplacebo] Garbage collected slab of size 9840K from pool 0
[4845.117][d][vo/gpu-next/libplacebo] Freeing slab of size 9840K
[4845.119][d][vo/gpu-next/libplacebo] Garbage collected slab of size 5248K from pool 0
[4845.119][d][vo/gpu-next/libplacebo] Freeing slab of size 5248K
[4845.134][d][vo/gpu-next/libplacebo] Garbage collected slab of size 4920K from pool 1
[4845.134][d][vo/gpu-next/libplacebo] Freeing slab of size 4920K
[4845.135][d][vo/gpu-next/libplacebo] Garbage collected slab of size 2460K from pool 1
[4845.135][d][vo/gpu-next/libplacebo] Freeing slab of size 2460K
[4845.149][e][thumbfast] MESA: warning: Support for this platform is experimental with Xe KMD, bug reports may be ignored.
[4845.168][d][vo/gpu-next/libplacebo] Garbage collected slab of size 4920K from pool 0
[4845.168][d][vo/gpu-next/libplacebo] Freeing slab of size 4920K
[4845.177][d][vo/gpu-next/libplacebo] Garbage collected slab of size 2624K from pool 0
[4845.177][d][vo/gpu-next/libplacebo] Freeing slab of size 2624K
[4845.183][d][vo/gpu-next/libplacebo] Garbage collected slab of size 9600K from pool 1
[4845.183][d][vo/gpu-next/libplacebo] Freeing slab of size 9600K
[4845.184][d][vo/gpu-next/libplacebo] Garbage collected slab of size 4800K from pool 1
[4845.184][d][vo/gpu-next/libplacebo] Freeing slab of size 4800K
[4845.449][d][cplayer] Run command: script-message, flags=64, args=[args="thumbfast-info", args="{\"width\":320,\"available\":true,\"thumbnail\":\"/tmp/thumbfast.out5290\",\"height\":240,\"overlay_id\":42,\"scale_factor\":1,\"disabled\":false,\"socket\":\"/tmp/thumbfast5290\"}"]
[4845.619][d][vo/gpu-next/libplacebo] Garbage collected slab of size  528K from pool 1
[4845.619][d][vo/gpu-next/libplacebo] Freeing slab of size  528K
[4845.687][d][vo/gpu-next/libplacebo] Garbage collected slab of size  264K from pool 1
[4845.687][d][vo/gpu-next/libplacebo] Freeing slab of size  264K
[4846.151][d][vo/gpu-next/libplacebo] Garbage collected slab of size  393K from pool 1
[4846.151][d][vo/gpu-next/libplacebo] Freeing slab of size  393K
[4847.818][v][cplayer] Change display sync audio drift: 0
[4847.818][v][cplayer] Compensation factor: 0.998363
[4855.303][v][cplayer] Change display sync audio drift: -1
[4862.103][v][cplayer] Change display sync audio drift: 0
[4862.103][v][cplayer] Compensation factor: 0.999949
[4879.854][d][cplayer] Run command: seek, flags=73, args=[target="30.000000", flags="relative", legacy="unused"]
[4879.854][v][lavf] queuing seek to 65.000000
[4879.854][v][lavf] cached range 0: 0.000000 <-> 65.720000 (bof=1, eof=0)
[4879.854][v][lavf] ...using this range for in-cache seek.
[4879.854][v][lavf] seeking stream 0 (video) to packet 64.680000/64.600000
[4879.854][v][lavf] seeking stream 1 (audio) to packet 64.981333/64.981333
[4879.855][v][cplayer] hr-seek, skipping to 65.000000
[4879.855][d][ao/pipewire] Stream state changed: old_state=streaming state=paused error=(null)
[4879.856][d][ffmpeg/video] h264: Reinit context to 2560x1920, pix_fmt: cuda
[4879.868][d][vo/gpu-next/libplacebo] (Re)creating 2040x182x0 texture with format r8: unknown
[4879.868][d][vo/gpu-next/libplacebo] Allocating 270336 memory of type 0x7 (id 4) in heap 0: ../src/gpu/utils.c:576
[4879.868][d][vo/gpu-next/libplacebo] Memory types supported by device:
[4879.868][d][vo/gpu-next/libplacebo]     0: flags 0x0 heap 1
[4879.868][d][vo/gpu-next/libplacebo]     1: flags 0x1 heap 0
[4879.868][d][vo/gpu-next/libplacebo]     2: flags 0x6 heap 1
[4879.868][d][vo/gpu-next/libplacebo]     3: flags 0xe heap 1
[4879.868][d][vo/gpu-next/libplacebo]     4: flags 0x7 heap 0
[4879.868][d][vo/gpu-next/libplacebo] Spent 0.624 ms allocating slab
[4879.869][v][vo/gpu-next/wayland] Disabling the idle inhibitor
[4879.871][v][vd] Decoder format: 2560x1920 nv12 auto/auto/auto/auto/auto CL=mpeg2/4/h264 crop=2560x1920+0+0 A=none
[4879.871][v][vd] Using container aspect ratio.
[4879.890][d][vo/gpu-next/libplacebo] First frame received with non-zero PTS 65.000000
[4879.890][d][vo/gpu-next/libplacebo] Allocating 374784 memory of type 0x7 (id 4) in heap 0: ../src/gpu/utils.c:576
[4879.890][d][vo/gpu-next/libplacebo] Memory types supported by device:
[4879.890][d][vo/gpu-next/libplacebo]     0: flags 0x0 heap 1
[4879.890][d][vo/gpu-next/libplacebo]     1: flags 0x1 heap 0
[4879.890][d][vo/gpu-next/libplacebo]     2: flags 0x6 heap 1
[4879.890][d][vo/gpu-next/libplacebo]     3: flags 0xe heap 1
[4879.890][d][vo/gpu-next/libplacebo]     4: flags 0x7 heap 0
[4879.890][d][vo/gpu-next/libplacebo] Spent 0.320 ms allocating slab
[4879.890][d][vo/gpu-next/libplacebo] Freeing slab of size   22M
[4879.900][v][cplayer] first video frame after restart shown
[4879.900][v][cplayer] audio ready
[4879.900][d][cplayer] starting video playback
[4879.900][v][cplayer] starting audio playback
[4879.900][v][cplayer] playback restart complete @ 65.000000, audio=playing, video=playing
[4879.901][v][vo/gpu-next/wayland] Enabling idle inhibitor
[4879.901][d][ao/pipewire] Stream state changed: old_state=paused state=streaming error=(null)
[4879.902][v][cplayer] Change display sync audio drift: -1
[4879.917][v][vo/gpu-next/libplacebo] Detected fps ratio 0.0000 below threshold 0.0100, disabling interpolation
[4879.917][d][vo/gpu-next/libplacebo] (Re)creating 2560x1920x0 texture with format r8: ../src/utils/upload.c:239
[4879.918][d][vo/gpu-next/libplacebo] (Re)creating 1280x960x0 texture with format rg8: ../src/utils/upload.c:239
[4879.918][d][vo/gpu-next/libplacebo] (Re)creating 1920x1440x0 texture with format rgba16hf: src/renderer.c:3863
[4879.918][d][vo/gpu-next/libplacebo] Allocating 23592960 memory of type 0x1 (id 1) in heap 0: src/renderer.c:3863
[4879.918][d][vo/gpu-next/libplacebo] Memory types supported by device:
[4879.918][d][vo/gpu-next/libplacebo]     0: flags 0x0 heap 1
[4879.918][d][vo/gpu-next/libplacebo]     1: flags 0x1 heap 0
[4879.918][d][vo/gpu-next/libplacebo]     2: flags 0x6 heap 1
[4879.918][d][vo/gpu-next/libplacebo]     3: flags 0xe heap 1
[4879.918][d][vo/gpu-next/libplacebo]     4: flags 0x7 heap 0
[4879.918][d][vo/gpu-next/libplacebo] Spent 0.367 ms allocating slab
[4879.967][d][vo/gpu-next/libplacebo] (Re)creating 2560x1920x0 texture with format r8: ../src/utils/upload.c:239
[4879.968][d][vo/gpu-next/libplacebo] (Re)creating 1280x960x0 texture with format rg8: ../src/utils/upload.c:239
[4880.085][v][vo/gpu-next/libplacebo] Estimated source FPS: 25.000, display FPS: 25.000
[4880.134][d][vo/gpu-next/libplacebo] Garbage collected slab of size  264K from pool 1
[4880.134][d][vo/gpu-next/libplacebo] Freeing slab of size  264K
[4881.153][d][vo/gpu-next/libplacebo] Garbage collected slab of size  366K from pool 1
[4881.153][d][vo/gpu-next/libplacebo] Freeing slab of size  366K
[4886.451][v][cplayer] Change display sync audio drift: 0
[4886.451][v][cplayer] Compensation factor: 1.000041
[4911.020][d][lavf] stream 1: resize index to 256
[5039.334][d][lavf] stream 1: resize index to 512
[5060.252][v][cplayer] Change display sync audio drift: 1
[5067.170][v][cplayer] Change display sync audio drift: 0
[5067.170][v][cplayer] Compensation factor: 1.000005
[5103.638][d][cplayer] Run command: seek, flags=73, args=[target="30.000000", flags="relative", legacy="unused"]
[5103.639][v][lavf] queuing seek to 318.720000
[5103.639][v][lavf] cached range 0: 0.000000 <-> 320.480000 (bof=1, eof=0)
[5103.639][v][lavf] ...using this range for in-cache seek.
[5103.639][v][lavf] seeking stream 0 (video) to packet 317.120000/317.040000
[5103.639][v][lavf] seeking stream 1 (audio) to packet 318.720000/318.720000
[5103.639][v][cplayer] hr-seek, skipping to 318.720000
[5103.640][d][ao/pipewire] Stream state changed: old_state=streaming state=paused error=(null)
[5103.640][d][ffmpeg/video] h264: Reinit context to 2560x1920, pix_fmt: cuda
[5103.651][v][vd] Decoder format: 2560x1920 nv12 auto/auto/auto/auto/auto CL=mpeg2/4/h264 crop=2560x1920+0+0 A=none
[5103.651][v][vd] Using container aspect ratio.
[5103.651][d][vo/gpu-next/libplacebo] Allocating 374784 memory of type 0x7 (id 4) in heap 0: ../src/gpu/utils.c:576
[5103.652][d][vo/gpu-next/libplacebo] Memory types supported by device:
[5103.652][d][vo/gpu-next/libplacebo]     0: flags 0x0 heap 1
[5103.652][d][vo/gpu-next/libplacebo]     1: flags 0x1 heap 0
[5103.652][d][vo/gpu-next/libplacebo]     2: flags 0x6 heap 1
[5103.652][d][vo/gpu-next/libplacebo]     3: flags 0xe heap 1
[5103.652][d][vo/gpu-next/libplacebo]     4: flags 0x7 heap 0
[5103.652][d][vo/gpu-next/libplacebo] Spent 0.295 ms allocating slab
[5103.652][v][vo/gpu-next/wayland] Disabling the idle inhibitor
[5103.670][d][lavf] stream 0: resize index to 256
[5103.714][d][vo/gpu-next/libplacebo] First frame received with non-zero PTS 318.720000
[5103.714][d][vo/gpu-next/libplacebo] Freeing slab of size   22M
[5103.719][v][cplayer] first video frame after restart shown
[5103.720][v][cplayer] audio ready
[5103.720][d][cplayer] starting video playback
[5103.720][v][cplayer] delaying audio start 318.720000 vs. 318.720000, diff=0.000000
[5103.720][v][cplayer] playback restart complete @ 318.720000, audio=ready, video=playing
[5103.720][v][vo/gpu-next/wayland] Enabling idle inhibitor
[5103.724][v][cplayer] starting audio playback
[5103.724][v][vo/gpu-next/libplacebo] Detected fps ratio 0.0000 below threshold 0.0100, disabling interpolation
[5103.724][d][vo/gpu-next/libplacebo] (Re)creating 2560x1920x0 texture with format r8: ../src/utils/upload.c:239
[5103.725][d][vo/gpu-next/libplacebo] (Re)creating 1280x960x0 texture with format rg8: ../src/utils/upload.c:239
[5103.725][d][ao/pipewire] Stream state changed: old_state=paused state=streaming error=(null)
[5103.726][d][vo/gpu-next/libplacebo] (Re)creating 1920x1440x0 texture with format rgba16hf: src/renderer.c:3863
[5103.726][d][vo/gpu-next/libplacebo] Allocating 23592960 memory of type 0x1 (id 1) in heap 0: src/renderer.c:3863
[5103.726][d][vo/gpu-next/libplacebo] Memory types supported by device:
[5103.726][d][vo/gpu-next/libplacebo]     0: flags 0x0 heap 1
[5103.726][d][vo/gpu-next/libplacebo]     1: flags 0x1 heap 0
[5103.726][d][vo/gpu-next/libplacebo]     2: flags 0x6 heap 1
[5103.726][d][vo/gpu-next/libplacebo]     3: flags 0xe heap 1
[5103.726][d][vo/gpu-next/libplacebo]     4: flags 0x7 heap 0
[5103.726][d][vo/gpu-next/libplacebo] Spent 0.532 ms allocating slab
[5103.728][v][cplayer] Change display sync audio drift: -1
[5103.750][d][vo/gpu-next/libplacebo] (Re)creating 2560x1920x0 texture with format r8: ../src/utils/upload.c:239
[5103.751][d][vo/gpu-next/libplacebo] (Re)creating 1280x960x0 texture with format rg8: ../src/utils/upload.c:239
[5103.901][v][vo/gpu-next/libplacebo] Estimated source FPS: 25.000, display FPS: 25.000
[5104.935][d][vo/gpu-next/libplacebo] Garbage collected slab of size  366K from pool 1
[5104.935][d][vo/gpu-next/libplacebo] Freeing slab of size  366K
[5114.020][d][cplayer] Run command: seek, flags=73, args=[target="30.000000", flags="relative", legacy="unused"]
[5114.020][v][lavf] queuing seek to 359.040000
[5114.020][v][lavf] cached range 0: 0.000000 <-> 359.840000 (bof=1, eof=0)
[5114.020][v][lavf] ...using this range for in-cache seek.
[5114.020][v][lavf] seeking stream 0 (video) to packet 356.840000/356.760000
[5114.020][v][lavf] seeking stream 1 (audio) to packet 359.040000/359.040000
[5114.021][v][cplayer] hr-seek, skipping to 359.040000
[5114.021][d][ao/pipewire] Stream state changed: old_state=streaming state=paused error=(null)
[5114.022][d][ffmpeg/video] h264: Reinit context to 2560x1920, pix_fmt: cuda
[5114.031][v][vd] Decoder format: 2560x1920 nv12 auto/auto/auto/auto/auto CL=mpeg2/4/h264 crop=2560x1920+0+0 A=none
[5114.031][v][vd] Using container aspect ratio.
[5114.034][d][vo/gpu-next/libplacebo] Allocating 374784 memory of type 0x7 (id 4) in heap 0: ../src/gpu/utils.c:576
[5114.034][d][vo/gpu-next/libplacebo] Memory types supported by device:
[5114.034][d][vo/gpu-next/libplacebo]     0: flags 0x0 heap 1
[5114.034][d][vo/gpu-next/libplacebo]     1: flags 0x1 heap 0
[5114.034][d][vo/gpu-next/libplacebo]     2: flags 0x6 heap 1
[5114.034][d][vo/gpu-next/libplacebo]     3: flags 0xe heap 1
[5114.034][d][vo/gpu-next/libplacebo]     4: flags 0x7 heap 0
[5114.034][d][vo/gpu-next/libplacebo] Spent 0.429 ms allocating slab
[5114.035][v][vo/gpu-next/wayland] Disabling the idle inhibitor
[5114.095][d][vo/gpu-next/libplacebo] First frame received with non-zero PTS 359.040000
[5114.095][d][vo/gpu-next/libplacebo] Freeing slab of size   22M
[5114.099][v][cplayer] first video frame after restart shown
[5114.099][v][cplayer] audio ready
[5114.099][d][cplayer] starting video playback
[5114.099][v][cplayer] delaying audio start 359.040027 vs. 359.040000, diff=0.000027
[5114.099][v][cplayer] playback restart complete @ 359.040000, audio=ready, video=playing
[5114.100][v][vo/gpu-next/wayland] Enabling idle inhibitor
[5114.102][v][cplayer] starting audio playback
[5114.102][v][vo/gpu-next/libplacebo] Detected fps ratio 0.0000 below threshold 0.0100, disabling interpolation
[5114.102][d][vo/gpu-next/libplacebo] (Re)creating 2560x1920x0 texture with format r8: ../src/utils/upload.c:239
[5114.103][d][ao/pipewire] Stream state changed: old_state=paused state=streaming error=(null)
[5114.104][d][vo/gpu-next/libplacebo] (Re)creating 1280x960x0 texture with format rg8: ../src/utils/upload.c:239
[5114.105][d][vo/gpu-next/libplacebo] (Re)creating 1920x1440x0 texture with format rgba16hf: src/renderer.c:3863
[5114.105][d][vo/gpu-next/libplacebo] Allocating 23592960 memory of type 0x1 (id 1) in heap 0: src/renderer.c:3863
[5114.105][d][vo/gpu-next/libplacebo] Memory types supported by device:
[5114.105][d][vo/gpu-next/libplacebo]     0: flags 0x0 heap 1
[5114.105][d][vo/gpu-next/libplacebo]     1: flags 0x1 heap 0
[5114.105][d][vo/gpu-next/libplacebo]     2: flags 0x6 heap 1
[5114.105][d][vo/gpu-next/libplacebo]     3: flags 0xe heap 1
[5114.105][d][vo/gpu-next/libplacebo]     4: flags 0x7 heap 0
[5114.105][d][vo/gpu-next/libplacebo] Spent 0.453 ms allocating slab
[5114.107][v][cplayer] Change display sync audio drift: -1
[5114.134][d][vo/gpu-next/libplacebo] (Re)creating 2560x1920x0 texture with format r8: ../src/utils/upload.c:239
[5114.134][d][vo/gpu-next/libplacebo] (Re)creating 1280x960x0 texture with format rg8: ../src/utils/upload.c:239
[5114.268][v][vo/gpu-next/libplacebo] Estimated source FPS: 25.000, display FPS: 25.000
[5115.318][d][vo/gpu-next/libplacebo] Garbage collected slab of size  366K from pool 1
[5115.318][d][vo/gpu-next/libplacebo] Freeing slab of size  366K
[5118.486][d][cplayer] Run command: seek, flags=73, args=[target="-30.000000", flags="relative", legacy="unused"]
[5118.486][v][lavf] queuing seek to 333.440000
[5118.486][v][lavf] cached range 0: 0.000000 <-> 393.920000 (bof=1, eof=0)
[5118.486][v][lavf] ...using this range for in-cache seek.
[5118.486][v][lavf] seeking stream 0 (video) to packet 331.160000/331.080000
[5118.486][v][lavf] seeking stream 1 (audio) to packet 333.440000/333.440000
[5118.486][v][cplayer] hr-seek, skipping to 333.440000
[5118.487][d][ao/pipewire] Stream state changed: old_state=streaming state=paused error=(null)
[5118.488][d][ffmpeg/video] h264: Reinit context to 2560x1920, pix_fmt: cuda
[5118.496][v][vd] Decoder format: 2560x1920 nv12 auto/auto/auto/auto/auto CL=mpeg2/4/h264 crop=2560x1920+0+0 A=none
[5118.496][v][vd] Using container aspect ratio.
[5118.500][d][vo/gpu-next/libplacebo] Allocating 374784 memory of type 0x7 (id 4) in heap 0: ../src/gpu/utils.c:576
[5118.501][d][vo/gpu-next/libplacebo] Memory types supported by device:
[5118.501][d][vo/gpu-next/libplacebo]     0: flags 0x0 heap 1
[5118.501][d][vo/gpu-next/libplacebo]     1: flags 0x1 heap 0
[5118.501][d][vo/gpu-next/libplacebo]     2: flags 0x6 heap 1
[5118.501][d][vo/gpu-next/libplacebo]     3: flags 0xe heap 1
[5118.501][d][vo/gpu-next/libplacebo]     4: flags 0x7 heap 0
[5118.501][d][vo/gpu-next/libplacebo] Spent 0.598 ms allocating slab
[5118.502][v][vo/gpu-next/wayland] Disabling the idle inhibitor
[5118.589][d][vo/gpu-next/libplacebo] First frame received with non-zero PTS 363.400000
[5118.590][d][vo/gpu-next/libplacebo] Freeing slab of size   22M
[5118.600][v][vo/gpu-next] Forcing queue refill, PTS(333.440000 + 0.000000 | 0.016667) < VPTS(363.400000)
[5118.600][d][vo/gpu-next/libplacebo] First frame received with non-zero PTS 333.440000
[5118.601][d][vo/gpu-next/libplacebo] Freeing slab of size   22M
[5118.601][d][vo/gpu-next/libplacebo] (Re)creating 2560x1920x0 texture with format r8: ../src/utils/upload.c:239
[5118.602][d][vo/gpu-next/libplacebo] (Re)creating 1280x960x0 texture with format rg8: ../src/utils/upload.c:239
[5118.602][d][vo/gpu-next/libplacebo] (Re)creating 1920x1440x0 texture with format rgba16hf: src/renderer.c:3863
[5118.602][d][vo/gpu-next/libplacebo] Allocating 23592960 memory of type 0x1 (id 1) in heap 0: src/renderer.c:3863
[5118.603][d][vo/gpu-next/libplacebo] Memory types supported by device:
[5118.603][d][vo/gpu-next/libplacebo]     0: flags 0x0 heap 1
[5118.603][d][vo/gpu-next/libplacebo]     1: flags 0x1 heap 0
[5118.603][d][vo/gpu-next/libplacebo]     2: flags 0x6 heap 1
[5118.603][d][vo/gpu-next/libplacebo]     3: flags 0xe heap 1
[5118.603][d][vo/gpu-next/libplacebo]     4: flags 0x7 heap 0
[5118.603][d][vo/gpu-next/libplacebo] Spent 0.507 ms allocating slab
[5118.605][v][cplayer] first video frame after restart shown
[5118.606][v][cplayer] audio ready
[5118.606][d][cplayer] starting video playback
[5118.606][v][cplayer] delaying audio start 333.440027 vs. 333.440000, diff=0.000027
[5118.606][v][cplayer] playback restart complete @ 333.440000, audio=ready, video=playing
[5118.606][v][vo/gpu-next/wayland] Enabling idle inhibitor
[5118.610][v][cplayer] starting audio playback
[5118.610][v][vo/gpu-next/libplacebo] Detected fps ratio 0.0000 below threshold 0.0100, disabling interpolation
[5118.610][d][vo/gpu-next/libplacebo] (Re)creating 2560x1920x0 texture with format r8: ../src/utils/upload.c:239
[5118.611][d][vo/gpu-next/libplacebo] (Re)creating 1280x960x0 texture with format rg8: ../src/utils/upload.c:239
[5118.611][d][ao/pipewire] Stream state changed: old_state=paused state=streaming error=(null)
[5118.612][d][vo/gpu-next/libplacebo] (Re)creating 1920x1440x0 texture with format rgba16hf: src/renderer.c:3863
[5118.612][d][vo/gpu-next/libplacebo] Allocating 23592960 memory of type 0x1 (id 1) in heap 0: src/renderer.c:3863
[5118.612][d][vo/gpu-next/libplacebo] Memory types supported by device:
[5118.612][d][vo/gpu-next/libplacebo]     0: flags 0x0 heap 1
[5118.612][d][vo/gpu-next/libplacebo]     1: flags 0x1 heap 0
[5118.612][d][vo/gpu-next/libplacebo]     2: flags 0x6 heap 1
[5118.612][d][vo/gpu-next/libplacebo]     3: flags 0xe heap 1
[5118.612][d][vo/gpu-next/libplacebo]     4: flags 0x7 heap 0
[5118.612][d][vo/gpu-next/libplacebo] Spent 0.651 ms allocating slab
[5118.622][v][cplayer] Change display sync audio drift: -1
[5118.654][d][vo/gpu-next/libplacebo] (Re)creating 2560x1920x0 texture with format r8: ../src/utils/upload.c:239
[5118.656][d][vo/gpu-next/libplacebo] (Re)creating 1280x960x0 texture with format rg8: ../src/utils/upload.c:239
[5118.789][v][vo/gpu-next/libplacebo] Estimated source FPS: 25.000, display FPS: 25.000
[5119.771][d][vo/gpu-next/libplacebo] Garbage collected slab of size  366K from pool 1
[5119.771][d][vo/gpu-next/libplacebo] Freeing slab of size  366K
[5129.425][v][cplayer] Change display sync audio drift: 0
[5129.425][v][cplayer] Compensation factor: 0.999899
[5222.425][v][cplayer] Change display sync audio drift: -1
[5229.508][v][cplayer] Change display sync audio drift: 0
[5229.509][v][cplayer] Compensation factor: 1.000016
[5266.289][d][lavf] stream 1: resize index to 1024
[5387.508][d][cplayer] Run command: seek, flags=73, args=[target="30.000000", flags="relative", legacy="unused"]
[5387.508][v][lavf] queuing seek to 632.360000
[5387.508][v][lavf] cached range 0: 0.000000 <-> 629.240000 (bof=1, eof=0)
[5387.508][v][lavf] execute seek (to 632.360000 flags 32)
[5387.508][v][lavf] seek done
[5387.508][v][cplayer] hr-seek, skipping to 632.360000
[5387.509][v][file] stream level seek from 574221832 to 570119027
[5387.509][d][ao/pipewire] Stream state changed: old_state=streaming state=paused error=(null)
[5387.510][d][lavf] stream 1: resize index to 128
[5387.511][d][ffmpeg/video] h264: Reinit context to 2560x1920, pix_fmt: cuda
[5387.520][v][vd] Decoder format: 2560x1920 nv12 auto/auto/auto/auto/auto CL=mpeg2/4/h264 crop=2560x1920+0+0 A=none
[5387.520][v][vd] Using container aspect ratio.
[5387.524][d][vo/gpu-next/libplacebo] Allocating 374784 memory of type 0x7 (id 4) in heap 0: ../src/gpu/utils.c:576
[5387.525][d][lavf] stream 0: resize index to 128
[5387.528][d][vo/gpu-next/libplacebo] Memory types supported by device:
[5387.528][d][vo/gpu-next/libplacebo]     0: flags 0x0 heap 1
[5387.528][d][vo/gpu-next/libplacebo]     1: flags 0x1 heap 0
[5387.528][d][vo/gpu-next/libplacebo]     2: flags 0x6 heap 1
[5387.528][d][vo/gpu-next/libplacebo]     3: flags 0xe heap 1
[5387.528][d][vo/gpu-next/libplacebo]     4: flags 0x7 heap 0
[5387.528][d][vo/gpu-next/libplacebo] Spent 4.125 ms allocating slab
[5387.528][d][vo/gpu-next/libplacebo] Allocating 5907456 memory of type 0x7 (id 4) in heap 0: ../src/gpu/utils.c:576
[5387.529][d][vo/gpu-next/libplacebo] Memory types supported by device:
[5387.529][d][vo/gpu-next/libplacebo]     0: flags 0x0 heap 1
[5387.529][d][vo/gpu-next/libplacebo]     1: flags 0x1 heap 0
[5387.529][d][vo/gpu-next/libplacebo]     2: flags 0x6 heap 1
[5387.529][d][vo/gpu-next/libplacebo]     3: flags 0xe heap 1
[5387.529][d][vo/gpu-next/libplacebo]     4: flags 0x7 heap 0
[5387.529][d][vo/gpu-next/libplacebo] Spent 0.722 ms allocating slab
[5387.533][v][vo/gpu-next/wayland] Disabling the idle inhibitor
[5387.605][d][vo/gpu-next/libplacebo] First frame received with non-zero PTS 632.360000
[5387.607][d][vo/gpu-next/libplacebo] Freeing slab of size   22M
[5387.614][v][cplayer] first video frame after restart shown
[5387.616][d][vo/gpu-next/libplacebo] Allocating 749568 memory of type 0x7 (id 4) in heap 0: ../src/gpu/utils.c:576
[5387.617][d][vo/gpu-next/libplacebo] Memory types supported by device:
[5387.617][d][vo/gpu-next/libplacebo]     0: flags 0x0 heap 1
[5387.617][d][vo/gpu-next/libplacebo]     1: flags 0x1 heap 0
[5387.617][d][vo/gpu-next/libplacebo]     2: flags 0x6 heap 1
[5387.617][d][vo/gpu-next/libplacebo]     3: flags 0xe heap 1
[5387.617][d][vo/gpu-next/libplacebo]     4: flags 0x7 heap 0
[5387.617][d][vo/gpu-next/libplacebo] Spent 0.668 ms allocating slab
[5387.627][v][cplayer] audio ready
[5387.627][d][cplayer] starting video playback
[5387.627][v][cplayer] starting audio playback
[5387.627][v][cplayer] playback restart complete @ 632.360000, audio=playing, video=playing
[5387.627][v][vo/gpu-next/wayland] Enabling idle inhibitor
[5387.628][d][ao/pipewire] Stream state changed: old_state=paused state=streaming error=(null)
[5387.631][v][cplayer] Change display sync audio drift: -1
[5387.631][v][vo/gpu-next/libplacebo] Detected fps ratio 0.0000 below threshold 0.0100, disabling interpolation
[5387.632][d][vo/gpu-next/libplacebo] (Re)creating 2560x1920x0 texture with format r8: ../src/utils/upload.c:239
[5387.633][d][vo/gpu-next/libplacebo] (Re)creating 1280x960x0 texture with format rg8: ../src/utils/upload.c:239
[5387.634][d][vo/gpu-next/libplacebo] (Re)creating 1920x1440x0 texture with format rgba16hf: src/renderer.c:3863
[5387.634][d][vo/gpu-next/libplacebo] Allocating 23592960 memory of type 0x1 (id 1) in heap 0: src/renderer.c:3863
[5387.635][d][vo/gpu-next/libplacebo] Memory types supported by device:
[5387.635][d][vo/gpu-next/libplacebo]     0: flags 0x0 heap 1
[5387.635][d][vo/gpu-next/libplacebo]     1: flags 0x1 heap 0
[5387.635][d][vo/gpu-next/libplacebo]     2: flags 0x6 heap 1
[5387.635][d][vo/gpu-next/libplacebo]     3: flags 0xe heap 1
[5387.635][d][vo/gpu-next/libplacebo]     4: flags 0x7 heap 0
[5387.635][d][vo/gpu-next/libplacebo] Spent 0.682 ms allocating slab
[5387.674][d][vo/gpu-next/libplacebo] (Re)creating 2560x1920x0 texture with format r8: ../src/utils/upload.c:239
[5387.676][d][vo/gpu-next/libplacebo] (Re)creating 1280x960x0 texture with format rg8: ../src/utils/upload.c:239
[5387.810][v][vo/gpu-next/libplacebo] Estimated source FPS: 25.000, display FPS: 25.000
[5387.877][d][vo/gpu-next/libplacebo] Garbage collected slab of size 5769K from pool 1
[5387.877][d][vo/gpu-next/libplacebo] Freeing slab of size 5769K
[5387.878][d][vo/gpu-next/libplacebo] Garbage collected slab of size  732K from pool 1
[5387.878][d][vo/gpu-next/libplacebo] Freeing slab of size  732K
[5388.791][d][vo/gpu-next/libplacebo] Garbage collected slab of size  366K from pool 1
[5388.791][d][vo/gpu-next/libplacebo] Freeing slab of size  366K
[5397.842][v][cplayer] Change display sync audio drift: 0
[5397.842][v][cplayer] Compensation factor: 0.999927
[5480.534][d][lavf] stream 1: resize index to 256
[5525.609][v][cplayer] Change display sync audio drift: -1
[5532.775][v][cplayer] Change display sync audio drift: 0
[5532.775][v][cplayer] Compensation factor: 1.000013
[5608.908][d][lavf] stream 1: resize index to 512
[5772.193][d][lavf] stream 0: resize index to 256
[5865.584][d][lavf] stream 1: resize index to 1024
[5932.558][d][cplayer] Run command: seek, flags=73, args=[target="30.000000", flags="relative", legacy="unused"]
[5932.558][v][lavf] queuing seek to 1207.280000
[5932.558][v][lavf] cached range 0: 0.000000 <-> 629.240000 (bof=1, eof=0)
[5932.558][v][lavf] cached range 1: 629.280000 <-> 1204.960000 (bof=0, eof=0)
[5932.558][v][lavf] execute seek (to 1207.280000 flags 32)
[5932.558][v][lavf] seek done
[5932.558][v][cplayer] hr-seek, skipping to 1207.280000
[5932.558][v][file] stream level seek from 1034694667 to 1030311116
[5932.559][d][ao/pipewire] Stream state changed: old_state=streaming state=paused error=(null)
[5932.559][d][lavf] stream 1: resize index to 128
[5932.560][d][ffmpeg/video] h264: Reinit context to 2560x1920, pix_fmt: cuda
[5932.571][v][vd] Decoder format: 2560x1920 nv12 auto/auto/auto/auto/auto CL=mpeg2/4/h264 crop=2560x1920+0+0 A=none
[5932.571][v][vd] Using container aspect ratio.
[5932.574][d][vo/gpu-next/libplacebo] Allocating 374784 memory of type 0x7 (id 4) in heap 0: ../src/gpu/utils.c:576
[5932.574][d][lavf] stream 0: resize index to 128
[5932.574][d][vo/gpu-next/libplacebo] Memory types supported by device:
[5932.575][d][vo/gpu-next/libplacebo]     0: flags 0x0 heap 1
[5932.575][d][vo/gpu-next/libplacebo]     1: flags 0x1 heap 0
[5932.575][d][vo/gpu-next/libplacebo]     2: flags 0x6 heap 1
[5932.575][d][vo/gpu-next/libplacebo]     3: flags 0xe heap 1
[5932.575][d][vo/gpu-next/libplacebo]     4: flags 0x7 heap 0
[5932.575][d][vo/gpu-next/libplacebo] Spent 0.702 ms allocating slab
[5932.575][d][vo/gpu-next/libplacebo] Allocating 5907456 memory of type 0x7 (id 4) in heap 0: ../src/gpu/utils.c:576
[5932.575][d][vo/gpu-next/libplacebo] Memory types supported by device:
[5932.575][d][vo/gpu-next/libplacebo]     0: flags 0x0 heap 1
[5932.575][d][vo/gpu-next/libplacebo]     1: flags 0x1 heap 0
[5932.575][d][vo/gpu-next/libplacebo]     2: flags 0x6 heap 1
[5932.575][d][vo/gpu-next/libplacebo]     3: flags 0xe heap 1
[5932.575][d][vo/gpu-next/libplacebo]     4: flags 0x7 heap 0
[5932.575][d][vo/gpu-next/libplacebo] Spent 0.517 ms allocating slab
[5932.579][v][vo/gpu-next/wayland] Disabling the idle inhibitor
[5932.589][v][lavf] EOF reached.
[5932.660][d][vo/gpu-next/libplacebo] First frame received with non-zero PTS 1177.280000
[5932.662][d][vo/gpu-next/libplacebo] Allocating 749568 memory of type 0x7 (id 4) in heap 0: ../src/gpu/utils.c:576
[5932.662][d][vo/gpu-next/libplacebo] Memory types supported by device:
[5932.662][d][vo/gpu-next/libplacebo]     0: flags 0x0 heap 1
[5932.662][d][vo/gpu-next/libplacebo]     1: flags 0x1 heap 0
[5932.662][d][vo/gpu-next/libplacebo]     2: flags 0x6 heap 1
[5932.662][d][vo/gpu-next/libplacebo]     3: flags 0xe heap 1
[5932.662][d][vo/gpu-next/libplacebo]     4: flags 0x7 heap 0
[5932.662][d][vo/gpu-next/libplacebo] Spent 0.605 ms allocating slab
[5932.662][d][vo/gpu-next/libplacebo] Freeing slab of size   22M
[5932.671][d][vo/gpu-next/libplacebo] Discontinuous source PTS jump 1177.320000 -> 1207.280000
[5932.673][d][vo/gpu-next/libplacebo] (Re)creating 2560x1920x0 texture with format r8: ../src/utils/upload.c:239
[5932.674][d][vo/gpu-next/libplacebo] (Re)creating 1280x960x0 texture with format rg8: ../src/utils/upload.c:239
[5932.675][d][vo/gpu-next/libplacebo] (Re)creating 1920x1440x0 texture with format rgba16hf: src/renderer.c:3863
[5932.675][d][vo/gpu-next/libplacebo] Allocating 23592960 memory of type 0x1 (id 1) in heap 0: src/renderer.c:3863
[5932.675][d][vo/gpu-next/libplacebo] Memory types supported by device:
[5932.675][d][vo/gpu-next/libplacebo]     0: flags 0x0 heap 1
[5932.675][d][vo/gpu-next/libplacebo]     1: flags 0x1 heap 0
[5932.675][d][vo/gpu-next/libplacebo]     2: flags 0x6 heap 1
[5932.675][d][vo/gpu-next/libplacebo]     3: flags 0xe heap 1
[5932.675][d][vo/gpu-next/libplacebo]     4: flags 0x7 heap 0
[5932.675][d][vo/gpu-next/libplacebo] Spent 0.514 ms allocating slab
[5932.676][v][cplayer] first video frame after restart shown
[5932.684][v][cplayer] audio ready
[5932.684][d][cplayer] starting video playback
[5932.684][v][cplayer] starting audio playback
[5932.684][v][cplayer] playback restart complete @ 1207.280000, audio=playing, video=playing
[5932.684][v][vo/gpu-next/wayland] Enabling idle inhibitor
[5932.685][d][ao/pipewire] Stream state changed: old_state=paused state=streaming error=(null)
[5932.689][v][cplayer] Change display sync audio drift: -1
[5932.692][v][vo/gpu-next/libplacebo] Detected fps ratio 0.0000 below threshold 0.0100, disabling interpolation
[5932.692][d][vo/gpu-next/libplacebo] (Re)creating 2560x1920x0 texture with format r8: ../src/utils/upload.c:239
[5932.692][d][vo/gpu-next/libplacebo] (Re)creating 1280x960x0 texture with format rg8: ../src/utils/upload.c:239
[5932.861][v][vo/gpu-next/libplacebo] Estimated source FPS: 25.000, display FPS: 25.000
[5932.943][d][vo/gpu-next/libplacebo] Garbage collected slab of size 5769K from pool 1
[5932.943][d][vo/gpu-next/libplacebo] Freeing slab of size 5769K
[5932.943][d][vo/gpu-next/libplacebo] Garbage collected slab of size  732K from pool 1
[5932.943][d][vo/gpu-next/libplacebo] Freeing slab of size  732K
[5933.012][d][cplayer] Run command: seek, flags=73, args=[target="30.000000", flags="relative", legacy="unused"]
[5933.012][v][lavf] queuing seek to 1237.600000
[5933.012][v][lavf] cached range 0: 0.000000 <-> 629.240000 (bof=1, eof=0)
[5933.012][v][lavf] cached range 1: 629.280000 <-> 1204.960000 (bof=0, eof=0)
[5933.012][v][lavf] cached range 2: 1205.000000 <-> 1226.666667 (bof=0, eof=1)
[5933.012][v][lavf] ...using this range for in-cache seek.
[5933.012][v][lavf] seeking stream 0 (video) to packet 1225.720000/1225.640000
[5933.012][v][lavf] seeking stream 1 (audio) to packet 1226.666667/1226.666667
[5933.012][v][cplayer] hr-seek, skipping to 1237.600000
[5933.012][d][ao/pipewire] Stream state changed: old_state=streaming state=paused error=(null)
[5933.012][d][ffmpeg/video] h264: Reinit context to 2560x1920, pix_fmt: cuda
[5933.012][v][lavf] EOF reached.
[5933.021][v][vd] Decoder format: 2560x1920 nv12 auto/auto/auto/auto/auto CL=mpeg2/4/h264 crop=2560x1920+0+0 A=none
[5933.021][v][vd] Using container aspect ratio.
[5933.027][v][vo/gpu-next/wayland] Disabling the idle inhibitor
[5933.048][v][vf] filter input EOF
[5933.048][v][vf] filter output EOF
[5933.048][d][vo/gpu-next/libplacebo] First frame received with non-zero PTS 1226.480000
[5933.049][d][vo/gpu-next/libplacebo] Freeing slab of size   22M
[5933.051][d][vo/gpu-next] Render queue underrun.
[5933.059][d][vo/gpu-next] Render queue underrun.
[5933.060][v][cplayer] first video frame after restart shown
[5933.060][v][af] filter input EOF
[5933.060][v][af] filter output EOF
[5933.060][v][cplayer] audio filter EOF
[5933.060][d][cplayer] video EOF (status=4)
[5933.060][v][cplayer] audio ready (and EOF)
[5933.060][d][cplayer] video EOF (status=4)
[5933.060][v][cplayer] starting audio playback
[5933.060][v][cplayer] audio draining
[5933.060][v][cplayer] playback restart complete @ -9223372036854775808.000000, audio=draining, video=eof
[5933.060][v][cplayer] audio EOF reached
[5933.060][d][cplayer] video EOF (status=4)
[5933.060][v][cplayer] EOF code: 1  
[5933.060][d][ad] Uninit decoder.
[5933.061][v][vo/gpu-next/wayland] Enabling idle inhibitor
[5933.061][v][vo/gpu-next/wayland] Disabling the idle inhibitor
[5933.061][d][vd] Uninit decoder.
[5933.062][d][ao/pipewire] Stream state changed: old_state=paused state=streaming error=(null)
[5933.181][d][cplayer] Terminating demuxers...
[5933.216][d][cplayer] Done terminating demuxers.
[5933.216][v][cplayer] finished playback, success (reason 0)
[5933.216][v][cplayer] Running hook: ytdl_hook/on_after_end_file
[5933.217][d][cplayer] Run command: del, flags=64, args=[name="user-data/mpv/ytdl/json-subprocess-result"]
[5933.218][d][global] config path: 'cache/watch_later' -> '/home/beiming/.config/mpv/cache/watch_later'
[5933.218][d][global] user path: '~~/cache/watch_later' -> '/home/beiming/.config/mpv/cache/watch_later'
[5933.218][i][cplayer] Playing: /home/beiming/Videos/成龙历险记1-5季 4K修复版/[BASIGN]27.折纸神偷.mp4
[5933.218][v][cplayer] Running hook: ytdl_hook/on_load
[5933.218][d][vo/gpu-next/libplacebo] First frame received with non-zero PTS 1226.480000
[5933.218][d][vo/gpu-next/libplacebo] Allocating 270336 memory of type 0x7 (id 4) in heap 0: ../src/gpu/utils.c:576
[5933.225][d][vo/gpu-next/libplacebo] Memory types supported by device:
[5933.225][d][vo/gpu-next/libplacebo]     0: flags 0x0 heap 1
[5933.225][d][vo/gpu-next/libplacebo]     1: flags 0x1 heap 0
[5933.225][d][vo/gpu-next/libplacebo]     2: flags 0x6 heap 1
[5933.225][d][vo/gpu-next/libplacebo]     3: flags 0xe heap 1
[5933.225][d][vo/gpu-next/libplacebo]     4: flags 0x7 heap 0
[5933.225][d][vo/gpu-next/libplacebo] Spent 7.166 ms allocating slab
[5933.225][d][vo/gpu-next/libplacebo] Freeing slab of size   22M
[5933.227][d][vo/gpu-next/libplacebo] (Re)creating 2560x1920x0 texture with format r8: ../src/utils/upload.c:239
[5933.227][d][vo/gpu-next/libplacebo] (Re)creating 1280x960x0 texture with format rg8: ../src/utils/upload.c:239
[5933.227][d][vo/gpu-next] Render queue underrun.
[5933.227][d][vo/gpu-next/libplacebo] (Re)creating 1920x1440x0 texture with format rgba16hf: src/renderer.c:3863
[5933.227][d][vo/gpu-next/libplacebo] Allocating 23592960 memory of type 0x1 (id 1) in heap 0: src/renderer.c:3863
[5933.231][d][vo/gpu-next/libplacebo] Memory types supported by device:
[5933.232][d][vo/gpu-next/libplacebo]     0: flags 0x0 heap 1
[5933.232][d][vo/gpu-next/libplacebo]     1: flags 0x1 heap 0
[5933.232][d][vo/gpu-next/libplacebo]     2: flags 0x6 heap 1
[5933.232][d][vo/gpu-next/libplacebo]     3: flags 0xe heap 1
[5933.232][d][vo/gpu-next/libplacebo]     4: flags 0x7 heap 0
[5933.232][d][vo/gpu-next/libplacebo] Spent 4.129 ms allocating slab
[5933.235][v][cplayer] Running hook: ytdl_hook/on_load
[5933.235][v][ytdl_hook] playlist hook
[5933.236][v][ifo_dvdnav] Opening /home/beiming/Videos/成龙历险记1-5季 4K修复版/[BASIGN]27.折纸神偷.mp4
[5933.236][v][bdmv/bluray] Opening /home/beiming/Videos/成龙历险记1-5季 4K修复版/[BASIGN]27.折纸神偷.mp4
[5933.236][v][file] Opening /home/beiming/Videos/成龙历险记1-5季 4K修复版/[BASIGN]27.折纸神偷.mp4
[5933.236][d][file] resize stream to 131072 bytes, drop 0 bytes
[5933.236][d][file] Stream opened successfully.
[5933.236][v][demux] Trying demuxers for level=normal.
[5933.236][d][demux] Trying demuxer: directory (force-level: normal)
[5933.237][d][demux] Trying demuxer: disc (force-level: normal)
[5933.237][d][demux] Trying demuxer: edl (force-level: normal)
[5933.237][d][demux] Trying demuxer: cue (force-level: normal)
[5933.237][d][demux] Trying demuxer: rawaudio (force-level: normal)
[5933.237][d][demux] Trying demuxer: rawvideo (force-level: normal)
[5933.237][d][demux] Trying demuxer: mkv (force-level: normal)
[5933.237][d][demux] Trying demuxer: libarchive (force-level: normal)
[5933.237][d][demux] Trying demuxer: lavf (force-level: normal)
[5933.239][v][lavf] Found 'mov,mp4,m4a,3gp,3g2,mj2' at score=100 size=2048.
[5933.239][v][file] stream level seek from 131072 to 922308407
[5933.248][v][demux] Detected file format: mov,mp4,m4a,3gp,3g2,mj2 (libavformat)
[5933.248][d][global] config path: 'cache/stream_cache' -> '/home/beiming/.config/mpv/cache/stream_cache'
[5933.248][d][global] user path: '~~/cache/stream_cache' -> '/home/beiming/.config/mpv/cache/stream_cache'
[5933.248][v][cplayer] Opening done: /home/beiming/Videos/成龙历险记1-5季 4K修复版/[BASIGN]27.折纸神偷.mp4
[5933.249][v][find_files] Loading external files in /home/beiming/Videos/成龙历险记1-5季 4K修复版/
[5933.249][d][global] config path: 'sub' -/-> '/home/beiming/.config/mpv/sub'
[5933.249][d][global] config path: 'sub' -/-> '/home/beiming/.mpv/sub'
[5933.249][d][global] config path: 'sub' -/-> '/etc/mpv/sub'
[5933.249][v][cplayer] Running hook: ytdl_hook/on_preloaded
[5933.249][v][lavf] select track 0
[5933.249][v][lavf] select track 1
[5933.249][i][cplayer]  ● Video  --vid=1  (h264 2624x1920 25 fps) [default]
[5933.249][i][cplayer]  ● Audio  --aid=1  (aac 2ch 48000 Hz 192 kbps) [default]
[5933.249][v][vd] Container reported FPS: 25.000000
[5933.249][v][vd] Codec list:
[5933.249][v][vd]     h264 - H.264 / AVC / MPEG-4 AVC / MPEG-4 part 10
[5933.249][v][vd]     h264_v4l2m2m (h264) - V4L2 mem2mem H.264 decoder wrapper
[5933.249][v][vd]     h264_qsv (h264) - H264 video (Intel Quick Sync Video acceleration)
[5933.249][v][vd]     h264_amf (h264) - H264 AMD AMF video decoder
[5933.249][v][vd]     h264_cuvid (h264) - Nvidia CUVID H264 decoder
[5933.249][v][vd] Opening decoder h264
[5933.249][v][vd] Looking at hwdec h264-vulkan...
[5933.249][v][vd] Not using this for auto-copy.
[5933.249][v][vd] Looking at hwdec h264-nvdec...
[5933.249][v][vd] Not using this for auto-copy.
[5933.249][v][vd] Looking at hwdec h264-vaapi...
[5933.249][v][vd] Not using this for auto-copy.
[5933.249][v][vd] Looking at hwdec h264-vulkan-copy...
[5933.250][d][ffmpeg] Vulkan: Supported layers:
[5933.250][d][ffmpeg] Vulkan: 	VK_LAYER_VALVE_steam_overlay_32
[5933.250][d][ffmpeg] Vulkan: 	VK_LAYER_VALVE_steam_overlay_64
[5933.250][d][ffmpeg] Vulkan: 	VK_LAYER_VALVE_steam_fossilize_32
[5933.250][d][ffmpeg] Vulkan: 	VK_LAYER_VALVE_steam_fossilize_64
[5933.250][d][ffmpeg] Vulkan: 	VK_LAYER_MESA_anti_lag
[5933.250][d][ffmpeg] Vulkan: 	VK_LAYER_MESA_device_select
[5933.250][d][ffmpeg] Vulkan: 	VK_LAYER_MANGOHUD_overlay_x86_64
[5933.250][d][ffmpeg] Vulkan: 	VK_LAYER_NV_optimus
[5933.250][d][ffmpeg] Vulkan: 	VK_LAYER_NV_present
[5933.264][d][ffmpeg] Vulkan: GPU listing:
[5933.264][d][ffmpeg] Vulkan:     0: Intel(R) Graphics (RPL-S) (integrated) (0xa788)
[5933.264][d][ffmpeg] Vulkan:     1: NVIDIA GeForce RTX 5060 Laptop GPU (discrete) (0x2d19)
[5933.264][d][ffmpeg] Vulkan: Device 0 selected: Intel(R) Graphics (RPL-S) (integrated) (0xa788)
[5933.264][d][ffmpeg] Vulkan: Using device extension VK_KHR_push_descriptor
[5933.264][d][ffmpeg] Vulkan: Using device extension VK_EXT_physical_device_drm
[5933.264][d][ffmpeg] Vulkan: Using device extension VK_EXT_shader_atomic_float
[5933.264][d][ffmpeg] Vulkan: Using device extension VK_EXT_shader_object
[5933.264][d][ffmpeg] Vulkan: Using device extension VK_KHR_shader_subgroup_rotate
[5933.264][d][ffmpeg] Vulkan: Using device extension VK_EXT_host_image_copy
[5933.264][d][ffmpeg] Vulkan: Using device extension VK_KHR_workgroup_memory_explicit_layout
[5933.264][d][ffmpeg] Vulkan: Using device extension VK_KHR_shader_relaxed_extended_instruction
[5933.264][d][ffmpeg] Vulkan: Using device extension VK_EXT_shader_replicated_composites
[5933.264][d][ffmpeg] Vulkan: Using device extension VK_KHR_shader_expect_assume
[5933.264][d][ffmpeg] Vulkan: Using device extension VK_KHR_internally_synchronized_queues
[5933.264][d][ffmpeg] Vulkan: Using device extension VK_KHR_external_memory_fd
[5933.264][d][ffmpeg] Vulkan: Using device extension VK_EXT_external_memory_dma_buf
[5933.264][d][ffmpeg] Vulkan: Using device extension VK_EXT_image_drm_format_modifier
[5933.264][d][ffmpeg] Vulkan: Using device extension VK_KHR_external_semaphore_fd
[5933.264][d][ffmpeg] Vulkan: Using device extension VK_EXT_external_memory_host
[5933.264][d][ffmpeg] Vulkan: Queue families:
[5933.264][d][ffmpeg] Vulkan:     0: graphics compute transfer sparse (queues: 1)
[5933.271][d][ffmpeg] Vulkan: Using device: Intel(R) Graphics (RPL-S)
[5933.271][d][ffmpeg] Vulkan: Alignments:
[5933.271][d][ffmpeg] Vulkan:     optimalBufferCopyRowPitchAlignment: 64
[5933.271][d][ffmpeg] Vulkan:     minMemoryMapAlignment:              4096
[5933.271][d][ffmpeg] Vulkan:     nonCoherentAtomSize:                64
[5933.271][d][ffmpeg] Vulkan:     minImportedHostPointerAlignment:    4096
[5933.271][v][vd] Trying hardware decoding via h264-vulkan-copy.
[5933.271][v][vd] Requesting 4 threads for decoding.
[5933.271][v][vd] Selected decoder: h264 - H.264 / AVC / MPEG-4 AVC / MPEG-4 part 10
[5933.271][v][vf] User filter list:
[5933.271][v][vf]   (empty)
[5933.271][v][ad] Codec list:
[5933.271][v][ad]     aac - AAC (Advanced Audio Coding)
[5933.271][v][ad]     aac_fixed (aac) - AAC (Advanced Audio Coding)
[5933.271][v][ad] Opening decoder aac
[5933.271][v][ad] Requesting 1 threads for decoding.
[5933.271][v][ad] Selected decoder: aac - AAC (Advanced Audio Coding)
[5933.271][v][af] User filter list:
[5933.271][v][af]   (empty)
[5933.271][v][cplayer] Starting playback...
[5933.272][v][file] stream level seek from 923217035 to 48
[5933.272][d][vo/gpu-next/libplacebo] First frame received with non-zero PTS 1226.480000
[5933.272][d][vo/gpu-next/libplacebo] Freeing slab of size   22M
[5933.272][d][lavf] stream 1: resize index to 128
[5933.281][d][lavf] stream 0: resize index to 128
[5933.308][v][thumbfast] Subprocess failed: killed
[5933.308][d][vo/gpu-next/libplacebo] (Re)creating 2560x1920x0 texture with format r8: ../src/utils/upload.c:239
[5933.309][d][vo/gpu-next/libplacebo] (Re)creating 1280x960x0 texture with format rg8: ../src/utils/upload.c:239
[5933.309][d][vo/gpu-next] Render queue underrun.
[5933.309][d][vo/gpu-next/libplacebo] (Re)creating 1920x1440x0 texture with format rgba16hf: src/renderer.c:3863
[5933.309][d][vo/gpu-next/libplacebo] Allocating 23592960 memory of type 0x1 (id 1) in heap 0: src/renderer.c:3863
[5933.309][d][vo/gpu-next/libplacebo] Memory types supported by device:
[5933.309][d][vo/gpu-next/libplacebo]     0: flags 0x0 heap 1
[5933.309][d][vo/gpu-next/libplacebo]     1: flags 0x1 heap 0
[5933.309][d][vo/gpu-next/libplacebo]     2: flags 0x6 heap 1
[5933.309][d][vo/gpu-next/libplacebo]     3: flags 0xe heap 1
[5933.309][d][vo/gpu-next/libplacebo]     4: flags 0x7 heap 0
[5933.309][d][vo/gpu-next/libplacebo] Spent 0.120 ms allocating slab
[5933.310][d][cplayer] Run command: overlay-remove, flags=64, args=[id="42"]
[5933.310][d][cplayer] Run command: script-message, flags=64, args=[args="thumbfast-info", args="{\"width\":320,\"available\":true,\"thumbnail\":\"/tmp/thumbfast.out5290\",\"height\":240,\"overlay_id\":42,\"scale_factor\":1,\"disabled\":false,\"socket\":\"/tmp/thumbfast5290\"}"]
[5933.310][v][af] [in] 48000Hz stereo 2ch floatp
[5933.311][v][af] [userspeed] 48000Hz stereo 2ch floatp
[5933.311][v][af] [userspeed] (disabled)
[5933.311][v][af] [convert] 48000Hz stereo 2ch floatp
[5933.311][v][vd] Pixel formats supported by decoder: vdpau vulkan cuda vaapi yuv420p
[5933.311][v][vd] Codec profile: High (0x64)
[5933.311][v][vd] Requesting pixfmt 'vulkan' from decoder.
[5933.311][e][ffmpeg/video] h264: Device does not support the VK_KHR_video_decode_queue extension!
[5933.311][e][ffmpeg/video] h264: Failed setup for format vulkan: hwaccel initialisation returned error.
[5933.311][v][vd] Pixel formats supported by decoder: vdpau cuda vaapi yuv420p yuv420p
[5933.311][v][vd] Codec profile: High (0x64)
[5933.311][v][vd] Requesting pixfmt '-' from decoder.
[5933.311][e][ffmpeg/video] h264: no frame!
[5933.311][v][vd] Pixel formats supported by decoder: vdpau vulkan cuda vaapi yuv420p
[5933.311][v][vd] Codec profile: High (0x64)
[5933.311][v][vd] Requesting pixfmt 'vulkan' from decoder.
[5933.311][e][ffmpeg/video] h264: Device does not support the VK_KHR_video_decode_queue extension!
[5933.311][e][ffmpeg/video] h264: Failed setup for format vulkan: hwaccel initialisation returned error.
[5933.311][v][vd] Pixel formats supported by decoder: vdpau cuda vaapi yuv420p yuv420p
[5933.311][v][vd] Codec profile: High (0x64)
[5933.311][v][vd] Requesting pixfmt '-' from decoder.
[5933.311][e][ffmpeg/video] h264: no frame!
[5933.313][v][vd] Attempting next decoding method after failure of h264-vulkan-copy.
[5933.313][d][vd] Skipping previously attempted hwdec: h264-vulkan
[5933.313][d][vd] Skipping previously attempted hwdec: h264-nvdec
[5933.313][d][vd] Skipping previously attempted hwdec: h264-vaapi
[5933.313][d][vd] Skipping previously attempted hwdec: h264-vulkan-copy
[5933.313][v][vd] Looking at hwdec h264-nvdec-copy...
[5933.415][v][vd] Trying hardware decoding via h264-nvdec-copy.
[5933.415][v][vd] Requesting 4 threads for decoding.
[5933.416][v][vd] Pixel formats supported by decoder: vdpau vulkan cuda vaapi yuv420p
[5933.416][v][vd] Codec profile: High (0x64)
[5933.416][v][vd] Requesting pixfmt 'cuda' from decoder.
[5933.416][d][vo/gpu-next/libplacebo] Allocating 540672 memory of type 0x7 (id 4) in heap 0: ../src/gpu/utils.c:576
[5933.416][d][vo/gpu-next/libplacebo] Memory types supported by device:
[5933.416][d][vo/gpu-next/libplacebo]     0: flags 0x0 heap 1
[5933.416][d][vo/gpu-next/libplacebo]     1: flags 0x1 heap 0
[5933.416][d][vo/gpu-next/libplacebo]     2: flags 0x6 heap 1
[5933.416][d][vo/gpu-next/libplacebo]     3: flags 0xe heap 1
[5933.416][d][vo/gpu-next/libplacebo]     4: flags 0x7 heap 0
[5933.416][d][vo/gpu-next/libplacebo] Spent 0.188 ms allocating slab
[5933.416][d][vo/gpu-next] Render queue underrun.
[5933.425][d][ffmpeg/video] h264: NVDEC capabilities:
[5933.425][d][ffmpeg/video] h264: format supported: yes, max_mb_count: 262144
[5933.425][d][ffmpeg/video] h264: min_width: 48, max_width: 8192
[5933.425][d][ffmpeg/video] h264: min_height: 64, max_height: 8192
[5933.445][d][ffmpeg/video] h264: Reinit context to 2624x1920, pix_fmt: cuda
[5933.451][i][vd] Using hardware decoding (nvdec-copy).
[5933.451][v][vd] Decoder format: 2624x1920 nv12 auto/auto/auto/auto/auto CL=mpeg2/4/h264 crop=2624x1920+0+0 A=none
[5933.451][v][vd] Using container aspect ratio.
[5933.451][v][vf] [in] 2624x1920 nv12 bt.709/bt.709/bt.1886/limited/display CL=mpeg2/4/h264 crop=2624x1920+0+0 A=none
[5933.451][v][vf] [userdeint] 2624x1920 nv12 bt.709/bt.709/bt.1886/limited/display CL=mpeg2/4/h264 crop=2624x1920+0+0 A=none
[5933.451][v][vf] [userdeint] (disabled)
[5933.451][v][vf] [autovflip] 2624x1920 nv12 bt.709/bt.709/bt.1886/limited/display CL=mpeg2/4/h264 crop=2624x1920+0+0 A=none
[5933.451][v][vf] [autovflip] (disabled)
[5933.451][v][vf] [autorotate] 2624x1920 nv12 bt.709/bt.709/bt.1886/limited/display CL=mpeg2/4/h264 crop=2624x1920+0+0 A=none
[5933.451][v][vf] [autorotate] (disabled)
[5933.451][v][vf] [convert] 2624x1920 nv12 bt.709/bt.709/bt.1886/limited/display CL=mpeg2/4/h264 crop=2624x1920+0+0 A=none
[5933.451][v][vf] [convert] (disabled)
[5933.451][v][vf] [out] 2624x1920 nv12 bt.709/bt.709/bt.1886/limited/display CL=mpeg2/4/h264 crop=2624x1920+0+0 A=none
[5933.452][d][cplayer] Run command: script-message, flags=64, args=[args="thumbfast-info", args="{\"width\":320,\"available\":true,\"thumbnail\":\"/tmp/thumbfast.out5290\",\"height\":240,\"overlay_id\":42,\"scale_factor\":1,\"disabled\":false,\"socket\":\"/tmp/thumbfast5290\"}"]
[5933.452][v][af] [convert] (disabled)
[5933.452][v][af] [out] 48000Hz stereo 2ch floatp
[5933.454][i][cplayer] VO: [gpu-next] 2624x1920 nv12
[5933.454][v][cplayer] VO: Description: Video output based on libplacebo
[5933.454][v][vo/gpu-next] reconfig to 2624x1920 nv12 bt.709/bt.709/bt.1886/limited/display CL=mpeg2/4/h264 crop=2624x1920+0+0 A=none
[5933.454][v][vo/gpu-next/wayland] Reconfiguring!
[5933.454][d][vo/gpu-next] max content size: 2560x1440
[5933.454][d][vo/gpu-next] monitor size: 2560x1440
[5933.454][v][vo/gpu-next] Window size: 1771x1296 (Borders: l=0 t=0 r=0 b=0)
[5933.454][v][vo/gpu-next] Video source: 2624x1920 (1:1)
[5933.454][v][vo/gpu-next] Video display: (0, 0) 2624x1920 -> (0, 0) 1771x1296
[5933.454][v][vo/gpu-next] Video scale: 0.674924/0.675000
[5933.454][v][vo/gpu-next] OSD borders: l=0 t=0 r=0 b=0
[5933.454][v][vo/gpu-next] Video borders: l=0 t=0 r=0 b=0
[5933.454][v][vo/gpu-next/wayland] Handling resize on the vk side
[5933.454][v][vo/gpu-next] Window size: 2560x1440 (Borders: l=0 t=0 r=0 b=0)
[5933.454][v][vo/gpu-next] Video source: 2624x1920 (1:1)
[5933.454][v][vo/gpu-next] Video display: (0, 0) 2624x1920 -> (296, 0) 1968x1440
[5933.454][v][vo/gpu-next] Video scale: 0.750000/0.750000
[5933.454][v][vo/gpu-next] OSD borders: l=296 t=0 r=296 b=0
[5933.454][v][vo/gpu-next] Video borders: l=296 t=0 r=296 b=0
[5933.454][v][vo/gpu-next] Forcing queue refill, PTS(0.080000 + 0.000000 | 0.016667) < VPTS(1226.480000)
[5933.454][d][vo/gpu-next/libplacebo] First frame received with non-zero PTS 0.080000
[5933.455][d][vo/gpu-next/libplacebo] Freeing slab of size   22M
[5933.455][d][vo/gpu-next/libplacebo] Allocating 402432 memory of type 0x7 (id 4) in heap 0: ../src/gpu/utils.c:576
[5933.455][d][vo/gpu-next/libplacebo] Memory types supported by device:
[5933.455][d][vo/gpu-next/libplacebo]     0: flags 0x0 heap 1
[5933.455][d][vo/gpu-next/libplacebo]     1: flags 0x1 heap 0
[5933.455][d][vo/gpu-next/libplacebo]     2: flags 0x6 heap 1
[5933.455][d][vo/gpu-next/libplacebo]     3: flags 0xe heap 1
[5933.455][d][vo/gpu-next/libplacebo]     4: flags 0x7 heap 0
[5933.455][d][vo/gpu-next/libplacebo] Spent 0.161 ms allocating slab
[5933.455][d][vo/gpu-next/libplacebo] (Re)creating 2624x1920x0 texture with format r8: ../src/utils/upload.c:239
[5933.455][d][vo/gpu-next/libplacebo] Allocating 5038080 memory of type 0x1 (id 1) in heap 0: ../src/utils/upload.c:239
[5933.455][d][vo/gpu-next/libplacebo] Memory types supported by device:
[5933.455][d][vo/gpu-next/libplacebo]     0: flags 0x0 heap 1
[5933.455][d][vo/gpu-next/libplacebo]     1: flags 0x1 heap 0
[5933.455][d][vo/gpu-next/libplacebo]     2: flags 0x6 heap 1
[5933.455][d][vo/gpu-next/libplacebo]     3: flags 0xe heap 1
[5933.455][d][vo/gpu-next/libplacebo]     4: flags 0x7 heap 0
[5933.455][d][vo/gpu-next/libplacebo] Spent 0.134 ms allocating slab
[5933.455][d][vo/gpu-next/libplacebo] Allocating 5038080 memory of type 0x7 (id 4) in heap 0: ../src/gpu/utils.c:576
[5933.456][d][vo/gpu-next/libplacebo] Memory types supported by device:
[5933.456][d][vo/gpu-next/libplacebo]     0: flags 0x0 heap 1
[5933.456][d][vo/gpu-next/libplacebo]     1: flags 0x1 heap 0
[5933.456][d][vo/gpu-next/libplacebo]     2: flags 0x6 heap 1
[5933.456][d][vo/gpu-next/libplacebo]     3: flags 0xe heap 1
[5933.456][d][vo/gpu-next/libplacebo]     4: flags 0x7 heap 0
[5933.456][d][vo/gpu-next/libplacebo] Spent 0.156 ms allocating slab
[5933.457][d][vo/gpu-next/libplacebo] (Re)creating 1312x960x0 texture with format rg8: ../src/utils/upload.c:239
[5933.457][d][vo/gpu-next/libplacebo] Allocating 2686976 memory of type 0x1 (id 1) in heap 0: ../src/utils/upload.c:239
[5933.457][d][vo/gpu-next/libplacebo] Memory types supported by device:
[5933.457][d][vo/gpu-next/libplacebo]     0: flags 0x0 heap 1
[5933.457][d][vo/gpu-next/libplacebo]     1: flags 0x1 heap 0
[5933.457][d][vo/gpu-next/libplacebo]     2: flags 0x6 heap 1
[5933.457][d][vo/gpu-next/libplacebo]     3: flags 0xe heap 1
[5933.457][d][vo/gpu-next/libplacebo]     4: flags 0x7 heap 0
[5933.457][d][vo/gpu-next/libplacebo] Spent 0.196 ms allocating slab
[5933.457][d][vo/gpu-next/libplacebo] Allocating 2519040 memory of type 0x7 (id 4) in heap 0: ../src/gpu/utils.c:576
[5933.457][d][vo/gpu-next/libplacebo] Memory types supported by device:
[5933.457][d][vo/gpu-next/libplacebo]     0: flags 0x0 heap 1
[5933.457][d][vo/gpu-next/libplacebo]     1: flags 0x1 heap 0
[5933.457][d][vo/gpu-next/libplacebo]     2: flags 0x6 heap 1
[5933.457][d][vo/gpu-next/libplacebo]     3: flags 0xe heap 1
[5933.457][d][vo/gpu-next/libplacebo]     4: flags 0x7 heap 0
[5933.457][d][vo/gpu-next/libplacebo] Spent 0.178 ms allocating slab
[5933.458][d][vo/gpu-next/libplacebo] (Re)creating 2624x1920x0 texture with format r8: ../src/utils/upload.c:239
[5933.458][d][vo/gpu-next/libplacebo] Allocating 10076160 memory of type 0x1 (id 1) in heap 0: ../src/utils/upload.c:239
[5933.458][d][vo/gpu-next/libplacebo] Memory types supported by device:
[5933.458][d][vo/gpu-next/libplacebo]     0: flags 0x0 heap 1
[5933.458][d][vo/gpu-next/libplacebo]     1: flags 0x1 heap 0
[5933.458][d][vo/gpu-next/libplacebo]     2: flags 0x6 heap 1
[5933.458][d][vo/gpu-next/libplacebo]     3: flags 0xe heap 1
[5933.458][d][vo/gpu-next/libplacebo]     4: flags 0x7 heap 0
[5933.458][d][vo/gpu-next/libplacebo] Spent 0.206 ms allocating slab
[5933.458][d][vo/gpu-next/libplacebo] Allocating 10076160 memory of type 0x7 (id 4) in heap 0: ../src/gpu/utils.c:576
[5933.458][d][vo/gpu-next/libplacebo] Memory types supported by device:
[5933.458][d][vo/gpu-next/libplacebo]     0: flags 0x0 heap 1
[5933.458][d][vo/gpu-next/libplacebo]     1: flags 0x1 heap 0
[5933.458][d][vo/gpu-next/libplacebo]     2: flags 0x6 heap 1
[5933.458][d][vo/gpu-next/libplacebo]     3: flags 0xe heap 1
[5933.458][d][vo/gpu-next/libplacebo]     4: flags 0x7 heap 0
[5933.458][d][vo/gpu-next/libplacebo] Spent 0.218 ms allocating slab
[5933.459][d][vo/gpu-next/libplacebo] (Re)creating 1312x960x0 texture with format rg8: ../src/utils/upload.c:239
[5933.459][d][vo/gpu-next/libplacebo] Allocating 5373952 memory of type 0x1 (id 1) in heap 0: ../src/utils/upload.c:239
[5933.459][d][vo/gpu-next/libplacebo] Memory types supported by device:
[5933.459][d][vo/gpu-next/libplacebo]     0: flags 0x0 heap 1
[5933.459][d][vo/gpu-next/libplacebo]     1: flags 0x1 heap 0
[5933.459][d][vo/gpu-next/libplacebo]     2: flags 0x6 heap 1
[5933.459][d][vo/gpu-next/libplacebo]     3: flags 0xe heap 1
[5933.459][d][vo/gpu-next/libplacebo]     4: flags 0x7 heap 0
[5933.459][d][vo/gpu-next/libplacebo] Spent 0.158 ms allocating slab
[5933.459][d][vo/gpu-next/libplacebo] Allocating 5038080 memory of type 0x7 (id 4) in heap 0: ../src/gpu/utils.c:576
[5933.459][d][vo/gpu-next/libplacebo] Memory types supported by device:
[5933.459][d][vo/gpu-next/libplacebo]     0: flags 0x0 heap 1
[5933.459][d][vo/gpu-next/libplacebo]     1: flags 0x1 heap 0
[5933.459][d][vo/gpu-next/libplacebo]     2: flags 0x6 heap 1
[5933.459][d][vo/gpu-next/libplacebo]     3: flags 0xe heap 1
[5933.459][d][vo/gpu-next/libplacebo]     4: flags 0x7 heap 0
[5933.459][d][vo/gpu-next/libplacebo] Spent 0.147 ms allocating slab
[5933.460][d][vo/gpu-next/libplacebo] (Re)creating 1968x1440x0 texture with format rgba16hf: src/renderer.c:3863
[5933.460][d][vo/gpu-next/libplacebo] Allocating 24182784 memory of type 0x1 (id 1) in heap 0: src/renderer.c:3863
[5933.460][d][vo/gpu-next/libplacebo] Memory types supported by device:
[5933.460][d][vo/gpu-next/libplacebo]     0: flags 0x0 heap 1
[5933.460][d][vo/gpu-next/libplacebo]     1: flags 0x1 heap 0
[5933.460][d][vo/gpu-next/libplacebo]     2: flags 0x6 heap 1
[5933.460][d][vo/gpu-next/libplacebo]     3: flags 0xe heap 1
[5933.460][d][vo/gpu-next/libplacebo]     4: flags 0x7 heap 0
[5933.460][d][vo/gpu-next/libplacebo] Spent 0.114 ms allocating slab
[5933.460][d][vo/gpu-next/libplacebo] (Re)creating 1312x1920x0 texture with format rg16hf: src/renderer.c:768
[5933.460][d][vo/gpu-next/libplacebo] Freeing slab of size 9600K
[5933.460][d][vo/gpu-next/libplacebo] Allocating 10076160 memory of type 0x1 (id 1) in heap 0: src/renderer.c:768
[5933.460][d][vo/gpu-next/libplacebo] Memory types supported by device:
[5933.460][d][vo/gpu-next/libplacebo]     0: flags 0x0 heap 1
[5933.460][d][vo/gpu-next/libplacebo]     1: flags 0x1 heap 0
[5933.460][d][vo/gpu-next/libplacebo]     2: flags 0x6 heap 1
[5933.460][d][vo/gpu-next/libplacebo]     3: flags 0xe heap 1
[5933.460][d][vo/gpu-next/libplacebo]     4: flags 0x7 heap 0
[5933.460][d][vo/gpu-next/libplacebo] Spent 0.052 ms allocating slab
[5933.460][d][vo/gpu-next/libplacebo] (Re)creating 2624x1920x0 texture with format rgba16hf: src/renderer.c:2058
[5933.460][d][vo/gpu-next/libplacebo] Freeing slab of size   37M
[5933.460][d][vo/gpu-next/libplacebo] Allocating 40304640 memory of type 0x1 (id 1) in heap 0: src/renderer.c:2058
[5933.460][d][vo/gpu-next/libplacebo] Memory types supported by device:
[5933.460][d][vo/gpu-next/libplacebo]     0: flags 0x0 heap 1
[5933.460][d][vo/gpu-next/libplacebo]     1: flags 0x1 heap 0
[5933.460][d][vo/gpu-next/libplacebo]     2: flags 0x6 heap 1
[5933.460][d][vo/gpu-next/libplacebo]     3: flags 0xe heap 1
[5933.460][d][vo/gpu-next/libplacebo]     4: flags 0x7 heap 0
[5933.460][d][vo/gpu-next/libplacebo] Spent 0.090 ms allocating slab
[5933.460][d][vo/gpu-next/libplacebo] (Re)creating 2624x1440x0 texture with format rgba16hf: src/renderer.c:768
[5933.460][d][vo/gpu-next/libplacebo] Freeing slab of size   30M
[5933.460][d][vo/gpu-next/libplacebo] Allocating 32243712 memory of type 0x1 (id 1) in heap 0: src/renderer.c:768
[5933.461][d][vo/gpu-next/libplacebo] Memory types supported by device:
[5933.461][d][vo/gpu-next/libplacebo]     0: flags 0x0 heap 1
[5933.461][d][vo/gpu-next/libplacebo]     1: flags 0x1 heap 0
[5933.461][d][vo/gpu-next/libplacebo]     2: flags 0x6 heap 1
[5933.461][d][vo/gpu-next/libplacebo]     3: flags 0xe heap 1
[5933.461][d][vo/gpu-next/libplacebo]     4: flags 0x7 heap 0
[5933.461][d][vo/gpu-next/libplacebo] Spent 0.081 ms allocating slab
[5933.462][v][cplayer] first video frame after restart shown
[5933.462][d][cplayer] Run command: script-message, flags=64, args=[args="thumbfast-info", args="{\"width\":320,\"available\":true,\"thumbnail\":\"/tmp/thumbfast.out5290\",\"height\":234,\"overlay_id\":42,\"scale_factor\":1,\"disabled\":false,\"socket\":\"/tmp/thumbfast5290\"}"]
[5933.462][v][cplayer] audio ready
[5933.462][d][cplayer] starting video playback
[5933.462][v][cplayer] delaying audio start 0.080000 vs. 0.080000, diff=0.000000
[5933.462][v][cplayer] playback restart complete @ 0.080000, audio=ready, video=playing
[5933.463][v][vo/gpu-next/wayland] Enabling idle inhibitor
[5933.464][v][cplayer] starting audio playback
[5933.465][d][cplayer] Run command: subprocess, flags=64, args=[args="mpv,--no-config,--msg-level=all=no,--idle,--pause,--keep-open=always,--really-quiet,--no-terminal,--load-scripts=no,--osc=no,--ytdl=no,--load-stats-overlay=no,--load-osd-console=no,--load-auto-profiles=no,--edition=auto,--vid=1,--no-sub,--no-audio,--start=0,--hr-seek=no,--ytdl-format=worst,--demuxer-readahead-secs=0,--demuxer-max-bytes=128KiB,--vd-lavc-skiploopfilter=all,--vd-lavc-software-fallback=1,--vd-lavc-fast,--vd-lavc-threads=2,--hwdec=auto,--vf=scale=w=320:h=234:force_original_aspect_ratio=decrease,pad=w=320:h=234:x=-1:y=-1,format=bgra,--sws-scaler=fast-bilinear,--video-rotate=0,--ovc=rawvideo,--of=image2,--ofopts=update=1,--o=/tmp/thumbfast.out5290,--sws-allow-zimg=no,--media-controls=no,--scripts=/tmp/thumbfast5290.run,--,/home/beiming/Videos/成龙历险记1-5季 4K修复版/[BASIGN]27.折纸神偷.mp4", playback_only="yes", capture_size="67108864", capture_stdout="no", capture_stderr="no", detach="no", env="PATH=/usr/local/bin:/usr/bin:/bin:/usr/local/sbin:/opt/cuda/bin:/var/lib/flatpak/exports/bin:/usr/lib/jvm/default/bin:/usr/bin/site_perl:/usr/bin/vendor_perl:/usr/bin/core_perl", stdin_data="", passthrough_stdin="no"]
[5933.465][v][vo/gpu-next/libplacebo] Detected fps ratio 0.0000 below threshold 0.0100, disabling interpolation
[5933.465][d][vo/gpu-next/libplacebo] (Re)creating 1968x1440x0 texture with format rgba16hf: src/renderer.c:3863
[5933.465][d][vo/gpu-next/libplacebo] Allocating 24182784 memory of type 0x1 (id 1) in heap 0: src/renderer.c:3863
[5933.465][d][vo/gpu-next/libplacebo] Memory types supported by device:
[5933.465][d][vo/gpu-next/libplacebo]     0: flags 0x0 heap 1
[5933.465][d][vo/gpu-next/libplacebo]     1: flags 0x1 heap 0
[5933.465][d][vo/gpu-next/libplacebo]     2: flags 0x6 heap 1
[5933.465][d][vo/gpu-next/libplacebo]     3: flags 0xe heap 1
[5933.465][d][vo/gpu-next/libplacebo]     4: flags 0x7 heap 0
[5933.465][d][vo/gpu-next/libplacebo] Spent 0.118 ms allocating slab
[5933.467][v][thumbfast] Starting subprocess: [mpv, --no-config, --msg-level=all=no, --idle, --pause, --keep-open=always, --really-quiet, --no-terminal, --load-scripts=no, --osc=no, --ytdl=no, --load-stats-overlay=no, --load-osd-console=no, --load-auto-profiles=no, --edition=auto, --vid=1, --no-sub, --no-audio, --start=0, --hr-seek=no, --ytdl-format=worst, --demuxer-readahead-secs=0, --demuxer-max-bytes=128KiB, --vd-lavc-skiploopfilter=all, --vd-lavc-software-fallback=1, --vd-lavc-fast, --vd-lavc-threads=2, --hwdec=auto, --vf=scale=w=320:h=234:force_original_aspect_ratio=decrease,pad=w=320:h=234:x=-1:y=-1,format=bgra, --sws-scaler=fast-bilinear, --video-rotate=0, --ovc=rawvideo, --of=image2, --ofopts=update=1, --o=/tmp/thumbfast.out5290, --sws-allow-zimg=no, --media-controls=no, --scripts=/tmp/thumbfast5290.run, --, /home/beiming/Videos/成龙历险记1-5季 4K修复版/[BASIGN]27.折纸神偷.mp4]
[5933.487][v][cplayer] Change display sync audio drift: -1
[5933.494][v][autoconvert] inserting resampler
[5933.494][v][swresample] format change, reinitializing resampler
[5933.494][v][swresample] 48060Hz stereo floatp -> 48000Hz stereo floatp
[5933.494][v][af] [convert] (enabled)
[5933.518][d][vo/gpu-next/libplacebo] (Re)creating 2624x1920x0 texture with format r8: ../src/utils/upload.c:239
[5933.519][d][vo/gpu-next/libplacebo] (Re)creating 1312x960x0 texture with format rg8: ../src/utils/upload.c:239
[5933.553][v][vo/gpu-next/libplacebo] Estimated source FPS: 25.000, display FPS: 25.000
[5933.618][d][vo/gpu-next/libplacebo] Garbage collected slab of size  366K from pool 1
[5933.618][d][vo/gpu-next/libplacebo] Freeing slab of size  366K
[5933.635][d][vo/gpu-next/libplacebo] Garbage collected slab of size 9600K from pool 0
[5933.635][d][vo/gpu-next/libplacebo] Freeing slab of size 9600K
[5933.636][d][vo/gpu-next/libplacebo] Garbage collected slab of size 5120K from pool 0
[5933.636][d][vo/gpu-next/libplacebo] Freeing slab of size 5120K
[5933.668][d][vo/gpu-next/libplacebo] Garbage collected slab of size 4800K from pool 1
[5933.668][d][vo/gpu-next/libplacebo] Freeing slab of size 4800K
[5933.670][d][vo/gpu-next/libplacebo] Garbage collected slab of size 2400K from pool 1
[5933.670][d][vo/gpu-next/libplacebo] Freeing slab of size 2400K
[5933.670][e][thumbfast] MESA: warning: Support for this platform is experimental with Xe KMD, bug reports may be ignored.
[5933.686][d][vo/gpu-next/libplacebo] Garbage collected slab of size 4800K from pool 0
[5933.686][d][vo/gpu-next/libplacebo] Freeing slab of size 4800K
[5933.686][d][vo/gpu-next/libplacebo] Garbage collected slab of size 2560K from pool 0
[5933.686][d][vo/gpu-next/libplacebo] Freeing slab of size 2560K
[5933.702][d][vo/gpu-next/libplacebo] Garbage collected slab of size 9840K from pool 1
[5933.702][d][vo/gpu-next/libplacebo] Freeing slab of size 9840K
[5933.704][d][vo/gpu-next/libplacebo] Garbage collected slab of size 4920K from pool 1
[5933.704][d][vo/gpu-next/libplacebo] Freeing slab of size 4920K
[5933.933][d][cplayer] Run command: script-message, flags=64, args=[args="thumbfast-info", args="{\"width\":320,\"available\":true,\"thumbnail\":\"/tmp/thumbfast.out5290\",\"height\":234,\"overlay_id\":42,\"scale_factor\":1,\"disabled\":false,\"socket\":\"/tmp/thumbfast5290\"}"]
[5934.173][d][vo/gpu-next/libplacebo] Garbage collected slab of size  528K from pool 1
[5934.173][d][vo/gpu-next/libplacebo] Freeing slab of size  528K
[5934.288][d][vo/gpu-next/libplacebo] Garbage collected slab of size  264K from pool 1
[5934.288][d][vo/gpu-next/libplacebo] Freeing slab of size  264K
[5934.669][d][vo/gpu-next/libplacebo] Garbage collected slab of size  393K from pool 1
[5934.669][d][vo/gpu-next/libplacebo] Freeing slab of size  393K
[5936.136][v][cplayer] Change display sync audio drift: 0
[5936.136][v][cplayer] Compensation factor: 0.998268
[5936.386][d][vo/gpu-next/libplacebo] Allocating 712704 memory of type 0x7 (id 4) in heap 0: ../src/gpu/utils.c:576
[5936.387][d][vo/gpu-next/libplacebo] Memory types supported by device:
[5936.387][d][vo/gpu-next/libplacebo]     0: flags 0x0 heap 1
[5936.387][d][vo/gpu-next/libplacebo]     1: flags 0x1 heap 0
[5936.387][d][vo/gpu-next/libplacebo]     2: flags 0x6 heap 1
[5936.387][d][vo/gpu-next/libplacebo]     3: flags 0xe heap 1
[5936.387][d][vo/gpu-next/libplacebo]     4: flags 0x7 heap 0
[5936.387][d][vo/gpu-next/libplacebo] Spent 0.467 ms allocating slab
[5936.387][d][vo/gpu-next/libplacebo] Allocating 258048 memory of type 0x7 (id 4) in heap 0: ../src/gpu/utils.c:1175
[5936.388][d][vo/gpu-next/libplacebo] Memory types supported by device:
[5936.388][d][vo/gpu-next/libplacebo]     0: flags 0x0 heap 1
[5936.388][d][vo/gpu-next/libplacebo]     1: flags 0x1 heap 0
[5936.388][d][vo/gpu-next/libplacebo]     2: flags 0x6 heap 1
[5936.388][d][vo/gpu-next/libplacebo]     3: flags 0xe heap 1
[5936.388][d][vo/gpu-next/libplacebo]     4: flags 0x7 heap 0
[5936.388][d][vo/gpu-next/libplacebo] Spent 0.287 ms allocating slab
[5936.404][d][vo/gpu-next/libplacebo] (Re)creating 4096x1442x0 texture with format r8: unknown
[5936.404][d][vo/gpu-next/libplacebo] Allocating 12582912 memory of type 0x1 (id 1) in heap 0: ../src/utils/upload.c:239
[5936.405][d][vo/gpu-next/libplacebo] Memory types supported by device:
[5936.405][d][vo/gpu-next/libplacebo]     0: flags 0x0 heap 1
[5936.405][d][vo/gpu-next/libplacebo]     1: flags 0x1 heap 0
[5936.405][d][vo/gpu-next/libplacebo]     2: flags 0x6 heap 1
[5936.405][d][vo/gpu-next/libplacebo]     3: flags 0xe heap 1
[5936.405][d][vo/gpu-next/libplacebo]     4: flags 0x7 heap 0
[5936.405][d][vo/gpu-next/libplacebo] Spent 0.462 ms allocating slab
[5936.405][d][vo/gpu-next/libplacebo] Allocating 1115136 memory of type 0x7 (id 4) in heap 0: ../src/gpu/utils.c:576
[5936.405][d][vo/gpu-next/libplacebo] Memory types supported by device:
[5936.405][d][vo/gpu-next/libplacebo]     0: flags 0x0 heap 1
[5936.405][d][vo/gpu-next/libplacebo]     1: flags 0x1 heap 0
[5936.405][d][vo/gpu-next/libplacebo]     2: flags 0x6 heap 1
[5936.405][d][vo/gpu-next/libplacebo]     3: flags 0xe heap 1
[5936.405][d][vo/gpu-next/libplacebo]     4: flags 0x7 heap 0
[5936.405][d][vo/gpu-next/libplacebo] Spent 0.262 ms allocating slab
[5936.407][d][vo/gpu-next/libplacebo] Allocating 258048 memory of type 0x7 (id 4) in heap 0: ../src/gpu/utils.c:1175
[5936.408][d][vo/gpu-next/libplacebo] Memory types supported by device:
[5936.408][d][vo/gpu-next/libplacebo]     0: flags 0x0 heap 1
[5936.408][d][vo/gpu-next/libplacebo]     1: flags 0x1 heap 0
[5936.408][d][vo/gpu-next/libplacebo]     2: flags 0x6 heap 1
[5936.408][d][vo/gpu-next/libplacebo]     3: flags 0xe heap 1
[5936.408][d][vo/gpu-next/libplacebo]     4: flags 0x7 heap 0
[5936.408][d][vo/gpu-next/libplacebo] Spent 0.264 ms allocating slab
[5936.411][d][cplayer] Run command: enable-section, flags=64, args=[name="mbtn_left_dbl", flags=""]
[5936.411][d][cplayer] Run command: enable-section, flags=64, args=[name="mbtn_left", flags=""]
[5936.444][d][cplayer] Run command: disable-section, flags=64, args=[name="mbtn_left_dbl"]
[5936.444][d][cplayer] Run command: disable-section, flags=64, args=[name="mbtn_left"]
[5936.462][d][cplayer] Run command: script-message-to, flags=64, args=[target="thumbfast", args="thumb", args="0", args="18", args="1006"]
[5936.462][d][cplayer] Run command: enable-section, flags=64, args=[name="mbtn_left_dbl", flags=""]
[5936.462][d][cplayer] Run command: enable-section, flags=64, args=[name="wheel", flags="allow-hide-cursor+allow-vo-dragging"]
[5936.462][d][cplayer] Run command: enable-section, flags=64, args=[name="mbtn_left", flags=""]
[5936.462][d][cplayer] Run command: overlay-add, flags=64, args=[id="42", x="18", y="1006", file="/tmp/thumbfast.out5290.bgra", offset="0", fmt="bgra", w="320", h="234", stride="1280", dw="0", dh="0"]
[5936.470][d][vo/gpu-next/libplacebo] Allocating 1124352 memory of type 0x7 (id 4) in heap 0: ../src/gpu/utils.c:576
[5936.470][d][vo/gpu-next/libplacebo] Memory types supported by device:
[5936.470][d][vo/gpu-next/libplacebo]     0: flags 0x0 heap 1
[5936.470][d][vo/gpu-next/libplacebo]     1: flags 0x1 heap 0
[5936.470][d][vo/gpu-next/libplacebo]     2: flags 0x6 heap 1
[5936.470][d][vo/gpu-next/libplacebo]     3: flags 0xe heap 1
[5936.470][d][vo/gpu-next/libplacebo]     4: flags 0x7 heap 0
[5936.470][d][vo/gpu-next/libplacebo] Spent 0.370 ms allocating slab
[5936.471][d][vo/gpu-next/libplacebo] Allocating 485376 memory of type 0x7 (id 4) in heap 0: ../src/gpu/utils.c:576
[5936.471][d][vo/gpu-next/libplacebo] Memory types supported by device:
[5936.471][d][vo/gpu-next/libplacebo]     0: flags 0x0 heap 1
[5936.471][d][vo/gpu-next/libplacebo]     1: flags 0x1 heap 0
[5936.471][d][vo/gpu-next/libplacebo]     2: flags 0x6 heap 1
[5936.471][d][vo/gpu-next/libplacebo]     3: flags 0xe heap 1
[5936.471][d][vo/gpu-next/libplacebo]     4: flags 0x7 heap 0
[5936.471][d][vo/gpu-next/libplacebo] Spent 0.226 ms allocating slab
[5936.471][d][vo/gpu-next/libplacebo] Allocating 258048 memory of type 0x7 (id 4) in heap 0: ../src/gpu/utils.c:1175
[5936.471][d][vo/gpu-next/libplacebo] Memory types supported by device:
[5936.471][d][vo/gpu-next/libplacebo]     0: flags 0x0 heap 1
[5936.471][d][vo/gpu-next/libplacebo]     1: flags 0x1 heap 0
[5936.471][d][vo/gpu-next/libplacebo]     2: flags 0x6 heap 1
[5936.471][d][vo/gpu-next/libplacebo]     3: flags 0xe heap 1
[5936.471][d][vo/gpu-next/libplacebo]     4: flags 0x7 heap 0
[5936.471][d][vo/gpu-next/libplacebo] Spent 0.207 ms allocating slab
[5936.477][d][cplayer] Run command: script-message-to, flags=64, args=[target="thumbfast", args="thumb", args="0", args="18", args="1006"]
[5936.496][d][cplayer] Run command: script-message-to, flags=64, args=[target="thumbfast", args="thumb", args="0", args="18", args="1006"]
[5936.513][d][cplayer] Run command: script-message-to, flags=64, args=[target="thumbfast", args="thumb", args="0", args="18", args="1006"]
[5936.528][d][cplayer] Run command: script-message-to, flags=64, args=[target="thumbfast", args="thumb", args="0", args="18", args="1006"]
[5936.530][d][cplayer] Run command: overlay-add, flags=64, args=[id="42", x="18", y="1006", file="/tmp/thumbfast.out5290.bgra", offset="0", fmt="bgra", w="320", h="234", stride="1280", dw="0", dh="0"]
[5936.545][d][cplayer] Run command: script-message-to, flags=64, args=[target="thumbfast", args="clear"]
[5936.545][d][cplayer] Run command: overlay-remove, flags=64, args=[id="42"]
[5936.548][d][cplayer] Run command: disable-section, flags=64, args=[name="mbtn_left_dbl"]
[5936.548][d][cplayer] Run command: disable-section, flags=64, args=[name="wheel"]
[5936.548][d][cplayer] Run command: disable-section, flags=64, args=[name="mbtn_left"]
[5936.553][d][vo/gpu-next/libplacebo] Allocating 1105920 memory of type 0x7 (id 4) in heap 0: ../src/gpu/utils.c:576
[5936.554][d][vo/gpu-next/libplacebo] Memory types supported by device:
[5936.554][d][vo/gpu-next/libplacebo]     0: flags 0x0 heap 1
[5936.554][d][vo/gpu-next/libplacebo]     1: flags 0x1 heap 0
[5936.554][d][vo/gpu-next/libplacebo]     2: flags 0x6 heap 1
[5936.554][d][vo/gpu-next/libplacebo]     3: flags 0xe heap 1
[5936.554][d][vo/gpu-next/libplacebo]     4: flags 0x7 heap 0
[5936.554][d][vo/gpu-next/libplacebo] Spent 0.492 ms allocating slab
[5936.570][d][vo/gpu-next/libplacebo] Allocating 1050624 memory of type 0x7 (id 4) in heap 0: ../src/gpu/utils.c:576
[5936.571][d][vo/gpu-next/libplacebo] Memory types supported by device:
[5936.571][d][vo/gpu-next/libplacebo]     0: flags 0x0 heap 1
[5936.571][d][vo/gpu-next/libplacebo]     1: flags 0x1 heap 0
[5936.571][d][vo/gpu-next/libplacebo]     2: flags 0x6 heap 1
[5936.571][d][vo/gpu-next/libplacebo]     3: flags 0xe heap 1
[5936.571][d][vo/gpu-next/libplacebo]     4: flags 0x7 heap 0
[5936.571][d][vo/gpu-next/libplacebo] Spent 0.395 ms allocating slab
[5936.654][d][vo/gpu-next/libplacebo] Garbage collected slab of size  696K from pool 1
[5936.654][d][vo/gpu-next/libplacebo] Freeing slab of size  696K
[5936.669][d][vo/gpu-next/libplacebo] Garbage collected slab of size 6144K from pool 0
[5936.669][d][vo/gpu-next/libplacebo] Freeing slab of size 6144K
[5936.670][d][vo/gpu-next/libplacebo] Garbage collected slab of size  252K from pool 2
[5936.670][d][vo/gpu-next/libplacebo] Freeing slab of size  252K
[5936.721][d][vo/gpu-next/libplacebo] Garbage collected slab of size 1089K from pool 1
[5936.721][d][vo/gpu-next/libplacebo] Freeing slab of size 1089K
[5936.803][d][vo/gpu-next/libplacebo] Garbage collected slab of size 1098K from pool 1
[5936.803][d][vo/gpu-next/libplacebo] Freeing slab of size 1098K
[5936.803][d][vo/gpu-next/libplacebo] Garbage collected slab of size  474K from pool 1
[5936.803][d][vo/gpu-next/libplacebo] Freeing slab of size  474K
[5936.818][d][vo/gpu-next/libplacebo] Garbage collected slab of size 1080K from pool 1
[5936.818][d][vo/gpu-next/libplacebo] Freeing slab of size 1080K
[5936.819][d][vo/gpu-next/libplacebo] Garbage collected slab of size  252K from pool 2
[5936.819][d][vo/gpu-next/libplacebo] Freeing slab of size  252K
[5936.835][d][vo/gpu-next/libplacebo] Garbage collected slab of size 1026K from pool 1
[5936.835][d][vo/gpu-next/libplacebo] Freeing slab of size 1026K
[5936.853][d][vo/gpu-next/libplacebo] Garbage collected slab of size  252K from pool 2
[5936.853][d][vo/gpu-next/libplacebo] Freeing slab of size  252K
[5936.935][d][vo/gpu-next/libplacebo] Allocating 402432 memory of type 0x7 (id 4) in heap 0: ../src/gpu/utils.c:576
[5936.936][d][vo/gpu-next/libplacebo] Memory types supported by device:
[5936.936][d][vo/gpu-next/libplacebo]     0: flags 0x0 heap 1
[5936.936][d][vo/gpu-next/libplacebo]     1: flags 0x1 heap 0
[5936.936][d][vo/gpu-next/libplacebo]     2: flags 0x6 heap 1
[5936.936][d][vo/gpu-next/libplacebo]     3: flags 0xe heap 1
[5936.936][d][vo/gpu-next/libplacebo]     4: flags 0x7 heap 0
[5936.936][d][vo/gpu-next/libplacebo] Spent 0.466 ms allocating slab
[5941.005][d][vo/gpu-next/libplacebo] Garbage collected slab of size  393K from pool 1
[5941.005][d][vo/gpu-next/libplacebo] Freeing slab of size  393K
[5944.057][v][cplayer] Change display sync audio drift: -1
[5950.855][v][cplayer] Change display sync audio drift: 0
[5950.855][v][cplayer] Compensation factor: 0.999946
[6029.494][d][lavf] stream 1: resize index to 256
[6049.373][d][cplayer] Run command: seek, flags=73, args=[target="30.000000", flags="relative", legacy="unused"]
[6049.373][v][lavf] queuing seek to 146.000000
[6049.373][v][lavf] cached range 0: 0.000000 <-> 148.120000 (bof=1, eof=0)
[6049.373][v][lavf] ...using this range for in-cache seek.
[6049.373][v][lavf] seeking stream 0 (video) to packet 145.000000/144.920000
[6049.373][v][lavf] seeking stream 1 (audio) to packet 145.984000/145.984000
[6049.374][v][cplayer] hr-seek, skipping to 146.000000
[6049.374][d][ao/pipewire] Stream state changed: old_state=streaming state=paused error=(null)
[6049.375][d][ffmpeg/video] h264: Reinit context to 2624x1920, pix_fmt: cuda
[6049.386][d][vo/gpu-next/libplacebo] Allocating 374784 memory of type 0x7 (id 4) in heap 0: ../src/gpu/utils.c:576
[6049.387][d][vo/gpu-next/libplacebo] Memory types supported by device:
[6049.387][d][vo/gpu-next/libplacebo]     0: flags 0x0 heap 1
[6049.387][d][vo/gpu-next/libplacebo]     1: flags 0x1 heap 0
[6049.387][d][vo/gpu-next/libplacebo]     2: flags 0x6 heap 1
[6049.387][d][vo/gpu-next/libplacebo]     3: flags 0xe heap 1
[6049.387][d][vo/gpu-next/libplacebo]     4: flags 0x7 heap 0
[6049.387][d][vo/gpu-next/libplacebo] Spent 0.774 ms allocating slab
[6049.388][v][vo/gpu-next/wayland] Disabling the idle inhibitor
[6049.393][v][vd] Decoder format: 2624x1920 nv12 auto/auto/auto/auto/auto CL=mpeg2/4/h264 crop=2624x1920+0+0 A=none
[6049.393][v][vd] Using container aspect ratio.
[6049.456][d][vo/gpu-next/libplacebo] First frame received with non-zero PTS 146.000000
[6049.457][d][vo/gpu-next/libplacebo] Freeing slab of size   23M
[6049.460][v][cplayer] first video frame after restart shown
[6049.462][v][cplayer] audio ready
[6049.462][d][cplayer] starting video playback
[6049.462][v][cplayer] starting audio playback
[6049.462][v][cplayer] playback restart complete @ 146.000000, audio=playing, video=playing
[6049.462][v][vo/gpu-next/wayland] Enabling idle inhibitor
[6049.463][d][ao/pipewire] Stream state changed: old_state=paused state=streaming error=(null)
[6049.465][v][cplayer] Change display sync audio drift: -1
[6049.465][v][vo/gpu-next/libplacebo] Detected fps ratio 0.0000 below threshold 0.0100, disabling interpolation
[6049.466][d][vo/gpu-next/libplacebo] (Re)creating 2624x1920x0 texture with format r8: ../src/utils/upload.c:239
[6049.466][d][vo/gpu-next/libplacebo] (Re)creating 1312x960x0 texture with format rg8: ../src/utils/upload.c:239
[6049.467][d][vo/gpu-next/libplacebo] (Re)creating 1968x1440x0 texture with format rgba16hf: src/renderer.c:3863
[6049.467][d][vo/gpu-next/libplacebo] Allocating 24182784 memory of type 0x1 (id 1) in heap 0: src/renderer.c:3863
[6049.467][d][vo/gpu-next/libplacebo] Memory types supported by device:
[6049.467][d][vo/gpu-next/libplacebo]     0: flags 0x0 heap 1
[6049.467][d][vo/gpu-next/libplacebo]     1: flags 0x1 heap 0
[6049.467][d][vo/gpu-next/libplacebo]     2: flags 0x6 heap 1
[6049.467][d][vo/gpu-next/libplacebo]     3: flags 0xe heap 1
[6049.467][d][vo/gpu-next/libplacebo]     4: flags 0x7 heap 0
[6049.467][d][vo/gpu-next/libplacebo] Spent 0.401 ms allocating slab
[6049.506][d][vo/gpu-next/libplacebo] (Re)creating 2624x1920x0 texture with format r8: ../src/utils/upload.c:239
[6049.507][d][vo/gpu-next/libplacebo] (Re)creating 1312x960x0 texture with format rg8: ../src/utils/upload.c:239
[6049.540][v][cplayer] Change display sync audio drift: 0
[6049.657][v][vo/gpu-next/libplacebo] Estimated source FPS: 25.000, display FPS: 25.000
[6050.639][d][vo/gpu-next/libplacebo] Garbage collected slab of size  366K from pool 1
[6050.639][d][vo/gpu-next/libplacebo] Freeing slab of size  366K
[6127.910][d][lavf] stream 1: resize index to 512
[6312.466][d][lavf] stream 0: resize index to 256
[6384.593][d][lavf] stream 1: resize index to 1024
[6655.868][d][lavf] stream 0: resize index to 512
[6897.958][d][lavf] stream 1: resize index to 2048
[7067.721][d][cplayer] Run command: seek, flags=73, args=[target="30.000000", flags="relative", legacy="unused"]
[7067.721][v][lavf] queuing seek to 1194.240000
[7067.721][v][lavf] cached range 0: 0.000000 <-> 1194.080000 (bof=1, eof=0)
[7067.721][v][lavf] execute seek (to 1194.240000 flags 32)
[7067.721][v][lavf] seek done
[7067.722][v][cplayer] hr-seek, skipping to 1194.240000
[7067.722][v][file] stream level seek from 902923630 to 901668384
[7067.722][d][ao/pipewire] Stream state changed: old_state=streaming state=paused error=(null)
[7067.722][d][lavf] stream 1: resize index to 128
[7067.723][d][ffmpeg/video] h264: Reinit context to 2624x1920, pix_fmt: cuda
[7067.733][v][vd] Decoder format: 2624x1920 nv12 auto/auto/auto/auto/auto CL=mpeg2/4/h264 crop=2624x1920+0+0 A=none
[7067.733][v][vd] Using container aspect ratio.
[7067.733][d][lavf] stream 0: resize index to 128
[7067.736][d][vo/gpu-next/libplacebo] Allocating 374784 memory of type 0x7 (id 4) in heap 0: ../src/gpu/utils.c:576
[7067.736][d][vo/gpu-next/libplacebo] Memory types supported by device:
[7067.736][d][vo/gpu-next/libplacebo]     0: flags 0x0 heap 1
[7067.736][d][vo/gpu-next/libplacebo]     1: flags 0x1 heap 0
[7067.736][d][vo/gpu-next/libplacebo]     2: flags 0x6 heap 1
[7067.736][d][vo/gpu-next/libplacebo]     3: flags 0xe heap 1
[7067.736][d][vo/gpu-next/libplacebo]     4: flags 0x7 heap 0
[7067.736][d][vo/gpu-next/libplacebo] Spent 0.359 ms allocating slab
[7067.736][d][vo/gpu-next/libplacebo] Allocating 5907456 memory of type 0x7 (id 4) in heap 0: ../src/gpu/utils.c:576
[7067.736][d][vo/gpu-next/libplacebo] Memory types supported by device:
[7067.736][d][vo/gpu-next/libplacebo]     0: flags 0x0 heap 1
[7067.736][d][vo/gpu-next/libplacebo]     1: flags 0x1 heap 0
[7067.736][d][vo/gpu-next/libplacebo]     2: flags 0x6 heap 1
[7067.736][d][vo/gpu-next/libplacebo]     3: flags 0xe heap 1
[7067.736][d][vo/gpu-next/libplacebo]     4: flags 0x7 heap 0
[7067.736][d][vo/gpu-next/libplacebo] Spent 0.160 ms allocating slab
[7067.738][v][vo/gpu-next/wayland] Disabling the idle inhibitor
[7067.741][d][vo/gpu-next/libplacebo] First frame received with non-zero PTS 1194.240000
[7067.746][v][lavf] EOF reached.
[7067.752][d][vo/gpu-next/libplacebo] Freeing slab of size   23M
[7067.753][v][cplayer] first video frame after restart shown
[7067.754][v][cplayer] audio ready
[7067.754][d][cplayer] starting video playback
[7067.754][v][cplayer] starting audio playback
[7067.754][v][cplayer] playback restart complete @ 1194.240000, audio=playing, video=playing
[7067.755][d][ao/pipewire] Stream state changed: old_state=paused state=streaming error=(null)
[7067.756][v][cplayer] Change display sync audio drift: -1
[7067.768][d][vo/gpu-next/libplacebo] Allocating 749568 memory of type 0x7 (id 4) in heap 0: ../src/gpu/utils.c:576
[7067.772][d][vo/gpu-next/libplacebo] Memory types supported by device:
[7067.772][d][vo/gpu-next/libplacebo]     0: flags 0x0 heap 1
[7067.772][d][vo/gpu-next/libplacebo]     1: flags 0x1 heap 0
[7067.772][d][vo/gpu-next/libplacebo]     2: flags 0x6 heap 1
[7067.772][d][vo/gpu-next/libplacebo]     3: flags 0xe heap 1
[7067.772][d][vo/gpu-next/libplacebo]     4: flags 0x7 heap 0
[7067.772][d][vo/gpu-next/libplacebo] Spent 3.772 ms allocating slab
[7067.773][v][vo/gpu-next/wayland] Enabling idle inhibitor
[7067.785][v][vo/gpu-next/libplacebo] Detected fps ratio 0.0000 below threshold 0.0100, disabling interpolation
[7067.785][d][vo/gpu-next/libplacebo] (Re)creating 2624x1920x0 texture with format r8: ../src/utils/upload.c:239
[7067.786][d][vo/gpu-next/libplacebo] (Re)creating 1312x960x0 texture with format rg8: ../src/utils/upload.c:239
[7067.787][d][vo/gpu-next/libplacebo] (Re)creating 1968x1440x0 texture with format rgba16hf: src/renderer.c:3863
[7067.787][d][vo/gpu-next/libplacebo] Allocating 24182784 memory of type 0x1 (id 1) in heap 0: src/renderer.c:3863
[7067.787][d][vo/gpu-next/libplacebo] Memory types supported by device:
[7067.787][d][vo/gpu-next/libplacebo]     0: flags 0x0 heap 1
[7067.787][d][vo/gpu-next/libplacebo]     1: flags 0x1 heap 0
[7067.787][d][vo/gpu-next/libplacebo]     2: flags 0x6 heap 1
[7067.787][d][vo/gpu-next/libplacebo]     3: flags 0xe heap 1
[7067.787][d][vo/gpu-next/libplacebo]     4: flags 0x7 heap 0
[7067.787][d][vo/gpu-next/libplacebo] Spent 0.447 ms allocating slab
[7067.835][d][vo/gpu-next/libplacebo] (Re)creating 2624x1920x0 texture with format r8: ../src/utils/upload.c:239
[7067.836][d][vo/gpu-next/libplacebo] (Re)creating 1312x960x0 texture with format rg8: ../src/utils/upload.c:239
[7067.853][d][cplayer] Run command: seek, flags=73, args=[target="30.000000", flags="relative", legacy="unused"]
[7067.853][v][lavf] queuing seek to 1224.360000
[7067.853][v][lavf] cached range 0: 0.000000 <-> 1194.080000 (bof=1, eof=0)
[7067.853][v][lavf] cached range 1: 1194.120000 <-> 1224.832000 (bof=0, eof=1)
[7067.853][v][lavf] ...using this range for in-cache seek.
[7067.853][v][lavf] seeking stream 0 (video) to packet 1224.200000/1224.120000
[7067.853][v][lavf] seeking stream 1 (audio) to packet 1224.341333/1224.341333
[7067.854][v][cplayer] hr-seek, skipping to 1224.360000
[7067.854][v][lavf] EOF reached.
[7067.854][d][ao/pipewire] Stream state changed: old_state=streaming state=paused error=(null)
[7067.854][d][ffmpeg/video] h264: Reinit context to 2624x1920, pix_fmt: cuda
[7067.863][v][vd] Decoder format: 2624x1920 nv12 auto/auto/auto/auto/auto CL=mpeg2/4/h264 crop=2624x1920+0+0 A=none
[7067.863][v][vd] Using container aspect ratio.
[7067.875][v][vo/gpu-next/wayland] Disabling the idle inhibitor
[7067.875][d][vo/gpu-next/libplacebo] First frame received with non-zero PTS 1224.360000
[7067.887][d][vo/gpu-next/libplacebo] Freeing slab of size   23M
[7067.905][v][cplayer] first video frame after restart shown
[7067.906][v][cplayer] audio ready
[7067.906][d][cplayer] starting video playback
[7067.906][v][cplayer] starting audio playback
[7067.906][v][cplayer] playback restart complete @ 1224.360000, audio=playing, video=playing
[7067.906][v][vo/gpu-next/wayland] Enabling idle inhibitor
[7067.908][d][ao/pipewire] Stream state changed: old_state=paused state=streaming error=(null)
[7067.910][v][cplayer] Change display sync audio drift: -1
[7067.921][v][vo/gpu-next/libplacebo] Detected fps ratio 0.0000 below threshold 0.0100, disabling interpolation
[7067.921][d][vo/gpu-next/libplacebo] (Re)creating 2624x1920x0 texture with format r8: ../src/utils/upload.c:239
[7067.922][d][vo/gpu-next/libplacebo] (Re)creating 1312x960x0 texture with format rg8: ../src/utils/upload.c:239
[7067.922][d][vo/gpu-next/libplacebo] (Re)creating 1968x1440x0 texture with format rgba16hf: src/renderer.c:3863
[7067.922][d][vo/gpu-next/libplacebo] Allocating 24182784 memory of type 0x1 (id 1) in heap 0: src/renderer.c:3863
[7067.923][d][vo/gpu-next/libplacebo] Memory types supported by device:
[7067.923][d][vo/gpu-next/libplacebo]     0: flags 0x0 heap 1
[7067.923][d][vo/gpu-next/libplacebo]     1: flags 0x1 heap 0
[7067.923][d][vo/gpu-next/libplacebo]     2: flags 0x6 heap 1
[7067.923][d][vo/gpu-next/libplacebo]     3: flags 0xe heap 1
[7067.923][d][vo/gpu-next/libplacebo]     4: flags 0x7 heap 0
[7067.923][d][vo/gpu-next/libplacebo] Spent 0.523 ms allocating slab
[7067.969][d][vo/gpu-next/libplacebo] (Re)creating 2624x1920x0 texture with format r8: ../src/utils/upload.c:239
[7067.969][d][vo/gpu-next/libplacebo] (Re)creating 1312x960x0 texture with format rg8: ../src/utils/upload.c:239
[7068.037][d][vo/gpu-next/libplacebo] Garbage collected slab of size  732K from pool 1
[7068.037][d][vo/gpu-next/libplacebo] Freeing slab of size  732K
[7068.087][v][vo/gpu-next/libplacebo] Estimated source FPS: 25.000, display FPS: 25.000
[7068.124][v][vf] filter input EOF
[7068.124][v][vf] filter output EOF
[7068.170][d][cplayer] video EOF (status=4)
[7068.186][d][vo/gpu-next/libplacebo] Garbage collected slab of size 5769K from pool 1
[7068.186][d][vo/gpu-next/libplacebo] Freeing slab of size 5769K
[7068.187][v][af] filter input EOF
[7068.187][v][af] filter output EOF
[7068.187][v][cplayer] audio filter EOF
[7068.187][d][cplayer] video EOF (status=4)
[7068.187][v][cplayer] audio draining
[7068.187][v][cplayer] audio EOF reached
[7068.187][d][cplayer] video EOF (status=4)
[7068.187][v][cplayer] EOF code: 1  
[7068.187][d][ad] Uninit decoder.
[7068.188][d][vd] Uninit decoder.
[7068.203][d][vo/gpu-next] Render queue underrun.
[7068.204][v][vo/gpu-next/wayland] Disabling the idle inhibitor
[7068.323][d][cplayer] Terminating demuxers...
[7068.385][d][cplayer] Done terminating demuxers.
[7068.386][v][cplayer] finished playback, success (reason 0)
[7068.386][v][cplayer] Running hook: ytdl_hook/on_after_end_file
[7068.386][d][cplayer] Run command: del, flags=64, args=[name="user-data/mpv/ytdl/json-subprocess-result"]
[7068.386][d][global] config path: 'cache/watch_later' -> '/home/beiming/.config/mpv/cache/watch_later'
[7068.386][d][global] user path: '~~/cache/watch_later' -> '/home/beiming/.config/mpv/cache/watch_later'
[7068.386][i][cplayer] Playing: /home/beiming/Videos/成龙历险记1-5季 4K修复版/[BASIGN]28.太空里的争斗.mp4
[7068.386][v][cplayer] Running hook: ytdl_hook/on_load
[7068.387][d][vo/gpu-next/libplacebo] First frame received with non-zero PTS 1224.640000
[7068.387][d][vo/gpu-next/libplacebo] Allocating 270336 memory of type 0x7 (id 4) in heap 0: ../src/gpu/utils.c:576
[7068.393][d][vo/gpu-next/libplacebo] Memory types supported by device:
[7068.393][d][vo/gpu-next/libplacebo]     0: flags 0x0 heap 1
[7068.393][d][vo/gpu-next/libplacebo]     1: flags 0x1 heap 0
[7068.393][d][vo/gpu-next/libplacebo]     2: flags 0x6 heap 1
[7068.393][d][vo/gpu-next/libplacebo]     3: flags 0xe heap 1
[7068.393][d][vo/gpu-next/libplacebo]     4: flags 0x7 heap 0
[7068.393][d][vo/gpu-next/libplacebo] Spent 6.742 ms allocating slab
[7068.393][d][vo/gpu-next/libplacebo] Freeing slab of size   23M
[7068.396][d][vo/gpu-next] Render queue underrun.
[7068.402][v][cplayer] Running hook: ytdl_hook/on_load
[7068.402][v][ytdl_hook] playlist hook
[7068.403][v][ifo_dvdnav] Opening /home/beiming/Videos/成龙历险记1-5季 4K修复版/[BASIGN]28.太空里的争斗.mp4
[7068.403][v][bdmv/bluray] Opening /home/beiming/Videos/成龙历险记1-5季 4K修复版/[BASIGN]28.太空里的争斗.mp4
[7068.403][v][file] Opening /home/beiming/Videos/成龙历险记1-5季 4K修复版/[BASIGN]28.太空里的争斗.mp4
[7068.403][d][file] resize stream to 131072 bytes, drop 0 bytes
[7068.403][d][file] Stream opened successfully.
[7068.403][v][demux] Trying demuxers for level=normal.
[7068.403][d][demux] Trying demuxer: directory (force-level: normal)
[7068.405][d][demux] Trying demuxer: disc (force-level: normal)
[7068.405][d][demux] Trying demuxer: edl (force-level: normal)
[7068.405][d][demux] Trying demuxer: cue (force-level: normal)
[7068.405][d][demux] Trying demuxer: rawaudio (force-level: normal)
[7068.405][d][demux] Trying demuxer: rawvideo (force-level: normal)
[7068.405][d][demux] Trying demuxer: mkv (force-level: normal)
[7068.405][d][demux] Trying demuxer: libarchive (force-level: normal)
[7068.405][d][demux] Trying demuxer: lavf (force-level: normal)
[7068.411][v][lavf] Found 'mov,mp4,m4a,3gp,3g2,mj2' at score=100 size=2048.
[7068.411][v][file] stream level seek from 131072 to 1066112420
[7068.430][v][demux] Detected file format: mov,mp4,m4a,3gp,3g2,mj2 (libavformat)
[7068.430][d][global] config path: 'cache/stream_cache' -> '/home/beiming/.config/mpv/cache/stream_cache'
[7068.430][d][global] user path: '~~/cache/stream_cache' -> '/home/beiming/.config/mpv/cache/stream_cache'
[7068.430][v][cplayer] Opening done: /home/beiming/Videos/成龙历险记1-5季 4K修复版/[BASIGN]28.太空里的争斗.mp4
[7068.430][v][find_files] Loading external files in /home/beiming/Videos/成龙历险记1-5季 4K修复版/
[7068.431][d][global] config path: 'sub' -/-> '/home/beiming/.config/mpv/sub'
[7068.431][d][global] config path: 'sub' -/-> '/home/beiming/.mpv/sub'
[7068.431][d][global] config path: 'sub' -/-> '/etc/mpv/sub'
[7068.431][v][cplayer] Running hook: ytdl_hook/on_preloaded
[7068.431][v][lavf] select track 0
[7068.431][v][lavf] select track 1
[7068.431][i][cplayer]  ● Video  --vid=1  (h264 2560x1920 25 fps) [default]
[7068.431][i][cplayer]  ● Audio  --aid=1  (aac 2ch 48000 Hz 192 kbps) [default]
[7068.432][v][vd] Container reported FPS: 25.000000
[7068.432][v][vd] Codec list:
[7068.432][v][vd]     h264 - H.264 / AVC / MPEG-4 AVC / MPEG-4 part 10
[7068.432][v][vd]     h264_v4l2m2m (h264) - V4L2 mem2mem H.264 decoder wrapper
[7068.432][v][vd]     h264_qsv (h264) - H264 video (Intel Quick Sync Video acceleration)
[7068.432][v][vd]     h264_amf (h264) - H264 AMD AMF video decoder
[7068.432][v][vd]     h264_cuvid (h264) - Nvidia CUVID H264 decoder
[7068.432][v][vd] Opening decoder h264
[7068.432][v][vd] Looking at hwdec h264-vulkan...
[7068.432][v][vd] Not using this for auto-copy.
[7068.432][v][vd] Looking at hwdec h264-nvdec...
[7068.432][v][vd] Not using this for auto-copy.
[7068.432][v][vd] Looking at hwdec h264-vaapi...
[7068.432][v][vd] Not using this for auto-copy.
[7068.432][v][vd] Looking at hwdec h264-vulkan-copy...
[7068.433][d][ffmpeg] Vulkan: Supported layers:
[7068.433][d][ffmpeg] Vulkan: 	VK_LAYER_VALVE_steam_overlay_32
[7068.433][d][ffmpeg] Vulkan: 	VK_LAYER_VALVE_steam_overlay_64
[7068.433][d][ffmpeg] Vulkan: 	VK_LAYER_VALVE_steam_fossilize_32
[7068.433][d][ffmpeg] Vulkan: 	VK_LAYER_VALVE_steam_fossilize_64
[7068.433][d][ffmpeg] Vulkan: 	VK_LAYER_MESA_anti_lag
[7068.433][d][ffmpeg] Vulkan: 	VK_LAYER_MESA_device_select
[7068.433][d][ffmpeg] Vulkan: 	VK_LAYER_MANGOHUD_overlay_x86_64
[7068.433][d][ffmpeg] Vulkan: 	VK_LAYER_NV_optimus
[7068.433][d][ffmpeg] Vulkan: 	VK_LAYER_NV_present
[7068.444][d][ffmpeg] Vulkan: GPU listing:
[7068.444][d][ffmpeg] Vulkan:     0: Intel(R) Graphics (RPL-S) (integrated) (0xa788)
[7068.444][d][ffmpeg] Vulkan:     1: NVIDIA GeForce RTX 5060 Laptop GPU (discrete) (0x2d19)
[7068.444][d][ffmpeg] Vulkan: Device 0 selected: Intel(R) Graphics (RPL-S) (integrated) (0xa788)
[7068.444][d][ffmpeg] Vulkan: Using device extension VK_KHR_push_descriptor
[7068.444][d][ffmpeg] Vulkan: Using device extension VK_EXT_physical_device_drm
[7068.444][d][ffmpeg] Vulkan: Using device extension VK_EXT_shader_atomic_float
[7068.444][d][ffmpeg] Vulkan: Using device extension VK_EXT_shader_object
[7068.444][d][ffmpeg] Vulkan: Using device extension VK_KHR_shader_subgroup_rotate
[7068.444][d][ffmpeg] Vulkan: Using device extension VK_EXT_host_image_copy
[7068.444][d][ffmpeg] Vulkan: Using device extension VK_KHR_workgroup_memory_explicit_layout
[7068.444][d][ffmpeg] Vulkan: Using device extension VK_KHR_shader_relaxed_extended_instruction
[7068.444][d][ffmpeg] Vulkan: Using device extension VK_EXT_shader_replicated_composites
[7068.444][d][ffmpeg] Vulkan: Using device extension VK_KHR_shader_expect_assume
[7068.444][d][ffmpeg] Vulkan: Using device extension VK_KHR_internally_synchronized_queues
[7068.444][d][ffmpeg] Vulkan: Using device extension VK_KHR_external_memory_fd
[7068.444][d][ffmpeg] Vulkan: Using device extension VK_EXT_external_memory_dma_buf
[7068.444][d][ffmpeg] Vulkan: Using device extension VK_EXT_image_drm_format_modifier
[7068.444][d][ffmpeg] Vulkan: Using device extension VK_KHR_external_semaphore_fd
[7068.444][d][ffmpeg] Vulkan: Using device extension VK_EXT_external_memory_host
[7068.444][d][ffmpeg] Vulkan: Queue families:
[7068.444][d][ffmpeg] Vulkan:     0: graphics compute transfer sparse (queues: 1)
[7068.453][d][ffmpeg] Vulkan: Using device: Intel(R) Graphics (RPL-S)
[7068.453][d][ffmpeg] Vulkan: Alignments:
[7068.453][d][ffmpeg] Vulkan:     optimalBufferCopyRowPitchAlignment: 64
[7068.453][d][ffmpeg] Vulkan:     minMemoryMapAlignment:              4096
[7068.453][d][ffmpeg] Vulkan:     nonCoherentAtomSize:                64
[7068.453][d][ffmpeg] Vulkan:     minImportedHostPointerAlignment:    4096
[7068.453][v][vd] Trying hardware decoding via h264-vulkan-copy.
[7068.453][v][vd] Requesting 4 threads for decoding.
[7068.453][v][vd] Selected decoder: h264 - H.264 / AVC / MPEG-4 AVC / MPEG-4 part 10
[7068.453][v][vf] User filter list:
[7068.453][v][vf]   (empty)
[7068.453][v][ad] Codec list:
[7068.453][v][ad]     aac - AAC (Advanced Audio Coding)
[7068.453][v][ad]     aac_fixed (aac) - AAC (Advanced Audio Coding)
[7068.453][v][ad] Opening decoder aac
[7068.453][v][ad] Requesting 1 threads for decoding.
[7068.453][v][ad] Selected decoder: aac - AAC (Advanced Audio Coding)
[7068.453][v][af] User filter list:
[7068.453][v][af]   (empty)
[7068.453][v][cplayer] Starting playback...
[7068.453][d][vo/gpu-next/libplacebo] First frame received with non-zero PTS 1224.640000
[7068.453][v][file] stream level seek from 1067020908 to 48
[7068.453][d][vo/gpu-next/libplacebo] Freeing slab of size   23M
[7068.454][d][lavf] stream 1: resize index to 128
[7068.461][d][lavf] stream 0: resize index to 128
[7068.498][v][thumbfast] Subprocess failed: killed
[7068.500][d][vo/gpu-next] Render queue underrun.
[7068.500][d][vo/gpu-next/libplacebo] (Re)creating 1968x1440x0 texture with format rgba16hf: src/renderer.c:3863
[7068.500][d][vo/gpu-next/libplacebo] Allocating 24182784 memory of type 0x1 (id 1) in heap 0: src/renderer.c:3863
[7068.500][d][vo/gpu-next/libplacebo] Memory types supported by device:
[7068.500][d][vo/gpu-next/libplacebo]     0: flags 0x0 heap 1
[7068.500][d][vo/gpu-next/libplacebo]     1: flags 0x1 heap 0
[7068.500][d][vo/gpu-next/libplacebo]     2: flags 0x6 heap 1
[7068.500][d][vo/gpu-next/libplacebo]     3: flags 0xe heap 1
[7068.500][d][vo/gpu-next/libplacebo]     4: flags 0x7 heap 0
[7068.500][d][vo/gpu-next/libplacebo] Spent 0.219 ms allocating slab
[7068.501][d][cplayer] Run command: overlay-remove, flags=64, args=[id="42"]
[7068.501][d][cplayer] Run command: script-message, flags=64, args=[args="thumbfast-info", args="{\"width\":320,\"available\":true,\"thumbnail\":\"/tmp/thumbfast.out5290\",\"height\":234,\"overlay_id\":42,\"scale_factor\":1,\"disabled\":false,\"socket\":\"/tmp/thumbfast5290\"}"]
[7068.501][v][af] [in] 48000Hz stereo 2ch floatp
[7068.501][v][af] [userspeed] 48000Hz stereo 2ch floatp
[7068.501][v][af] [userspeed] (disabled)
[7068.501][v][af] [convert] 48000Hz stereo 2ch floatp
[7068.502][v][vd] Pixel formats supported by decoder: vdpau vulkan cuda vaapi yuv420p
[7068.502][v][vd] Codec profile: High (0x64)
[7068.502][v][vd] Requesting pixfmt 'vulkan' from decoder.
[7068.502][e][ffmpeg/video] h264: Device does not support the VK_KHR_video_decode_queue extension!
[7068.502][e][ffmpeg/video] h264: Failed setup for format vulkan: hwaccel initialisation returned error.
[7068.502][v][vd] Pixel formats supported by decoder: vdpau cuda vaapi yuv420p yuv420p
[7068.502][v][vd] Codec profile: High (0x64)
[7068.502][v][vd] Requesting pixfmt '-' from decoder.
[7068.502][e][ffmpeg/video] h264: no frame!
[7068.502][v][vd] Pixel formats supported by decoder: vdpau vulkan cuda vaapi yuv420p
[7068.502][v][vd] Codec profile: High (0x64)
[7068.502][v][vd] Requesting pixfmt 'vulkan' from decoder.
[7068.502][e][ffmpeg/video] h264: Device does not support the VK_KHR_video_decode_queue extension!
[7068.502][e][ffmpeg/video] h264: Failed setup for format vulkan: hwaccel initialisation returned error.
[7068.502][v][vd] Pixel formats supported by decoder: vdpau cuda vaapi yuv420p yuv420p
[7068.502][v][vd] Codec profile: High (0x64)
[7068.502][v][vd] Requesting pixfmt '-' from decoder.
[7068.502][e][ffmpeg/video] h264: no frame!
[7068.504][v][vd] Attempting next decoding method after failure of h264-vulkan-copy.
[7068.504][d][vd] Skipping previously attempted hwdec: h264-vulkan
[7068.504][d][vd] Skipping previously attempted hwdec: h264-nvdec
[7068.504][d][vd] Skipping previously attempted hwdec: h264-vaapi
[7068.504][d][vd] Skipping previously attempted hwdec: h264-vulkan-copy
[7068.504][v][vd] Looking at hwdec h264-nvdec-copy...
[7068.606][v][vd] Trying hardware decoding via h264-nvdec-copy.
[7068.606][v][vd] Requesting 4 threads for decoding.
[7068.606][v][vd] Pixel formats supported by decoder: vdpau vulkan cuda vaapi yuv420p
[7068.606][v][vd] Codec profile: High (0x64)
[7068.606][v][vd] Requesting pixfmt 'cuda' from decoder.
[7068.606][d][vo/gpu-next] Render queue underrun.
[7068.615][d][ffmpeg/video] h264: NVDEC capabilities:
[7068.615][d][ffmpeg/video] h264: format supported: yes, max_mb_count: 262144
[7068.615][d][ffmpeg/video] h264: min_width: 48, max_width: 8192
[7068.615][d][ffmpeg/video] h264: min_height: 64, max_height: 8192
[7068.635][d][ffmpeg/video] h264: Reinit context to 2560x1920, pix_fmt: cuda
[7068.646][i][vd] Using hardware decoding (nvdec-copy).
[7068.646][v][vd] Decoder format: 2560x1920 nv12 auto/auto/auto/auto/auto CL=mpeg2/4/h264 crop=2560x1920+0+0 A=none
[7068.646][v][vd] Using container aspect ratio.
[7068.646][v][vf] [in] 2560x1920 nv12 bt.709/bt.709/bt.1886/limited/display CL=mpeg2/4/h264 crop=2560x1920+0+0 A=none
[7068.646][v][vf] [userdeint] 2560x1920 nv12 bt.709/bt.709/bt.1886/limited/display CL=mpeg2/4/h264 crop=2560x1920+0+0 A=none
[7068.646][v][vf] [userdeint] (disabled)
[7068.646][v][vf] [autovflip] 2560x1920 nv12 bt.709/bt.709/bt.1886/limited/display CL=mpeg2/4/h264 crop=2560x1920+0+0 A=none
[7068.646][v][vf] [autovflip] (disabled)
[7068.646][v][vf] [autorotate] 2560x1920 nv12 bt.709/bt.709/bt.1886/limited/display CL=mpeg2/4/h264 crop=2560x1920+0+0 A=none
[7068.646][v][vf] [autorotate] (disabled)
[7068.646][v][vf] [convert] 2560x1920 nv12 bt.709/bt.709/bt.1886/limited/display CL=mpeg2/4/h264 crop=2560x1920+0+0 A=none
[7068.646][v][vf] [convert] (disabled)
[7068.646][v][vf] [out] 2560x1920 nv12 bt.709/bt.709/bt.1886/limited/display CL=mpeg2/4/h264 crop=2560x1920+0+0 A=none
[7068.646][d][cplayer] Run command: script-message, flags=64, args=[args="thumbfast-info", args="{\"width\":320,\"available\":true,\"thumbnail\":\"/tmp/thumbfast.out5290\",\"height\":234,\"overlay_id\":42,\"scale_factor\":1,\"disabled\":false,\"socket\":\"/tmp/thumbfast5290\"}"]
[7068.647][v][af] [convert] (disabled)
[7068.647][v][af] [out] 48000Hz stereo 2ch floatp
[7068.648][i][cplayer] VO: [gpu-next] 2560x1920 nv12
[7068.648][v][cplayer] VO: Description: Video output based on libplacebo
[7068.648][v][vo/gpu-next] reconfig to 2560x1920 nv12 bt.709/bt.709/bt.1886/limited/display CL=mpeg2/4/h264 crop=2560x1920+0+0 A=none
[7068.648][v][vo/gpu-next/wayland] Reconfiguring!
[7068.648][d][vo/gpu-next] max content size: 2560x1440
[7068.648][d][vo/gpu-next] monitor size: 2560x1440
[7068.648][v][vo/gpu-next] Window size: 1728x1296 (Borders: l=0 t=0 r=0 b=0)
[7068.648][v][vo/gpu-next] Video source: 2560x1920 (1:1)
[7068.648][v][vo/gpu-next] Video display: (0, 0) 2560x1920 -> (0, 0) 1728x1296
[7068.648][v][vo/gpu-next] Video scale: 0.675000/0.675000
[7068.648][v][vo/gpu-next] OSD borders: l=0 t=0 r=0 b=0
[7068.648][v][vo/gpu-next] Video borders: l=0 t=0 r=0 b=0
[7068.648][v][vo/gpu-next/wayland] Handling resize on the vk side
[7068.648][v][vo/gpu-next] Window size: 2560x1440 (Borders: l=0 t=0 r=0 b=0)
[7068.648][v][vo/gpu-next] Video source: 2560x1920 (1:1)
[7068.648][v][vo/gpu-next] Video display: (0, 0) 2560x1920 -> (320, 0) 1920x1440
[7068.648][v][vo/gpu-next] Video scale: 0.750000/0.750000
[7068.648][v][vo/gpu-next] OSD borders: l=320 t=0 r=320 b=0
[7068.648][v][vo/gpu-next] Video borders: l=320 t=0 r=320 b=0
[7068.648][v][vo/gpu-next] Forcing queue refill, PTS(0.080000 + 0.000000 | 0.016667) < VPTS(1224.640000)
[7068.648][d][vo/gpu-next/libplacebo] First frame received with non-zero PTS 0.080000
[7068.649][d][vo/gpu-next/libplacebo] Freeing slab of size   23M
[7068.649][d][vo/gpu-next/libplacebo] Allocating 402432 memory of type 0x7 (id 4) in heap 0: ../src/gpu/utils.c:576
[7068.649][d][vo/gpu-next/libplacebo] Memory types supported by device:
[7068.649][d][vo/gpu-next/libplacebo]     0: flags 0x0 heap 1
[7068.649][d][vo/gpu-next/libplacebo]     1: flags 0x1 heap 0
[7068.649][d][vo/gpu-next/libplacebo]     2: flags 0x6 heap 1
[7068.649][d][vo/gpu-next/libplacebo]     3: flags 0xe heap 1
[7068.649][d][vo/gpu-next/libplacebo]     4: flags 0x7 heap 0
[7068.649][d][vo/gpu-next/libplacebo] Spent 0.182 ms allocating slab
[7068.650][d][vo/gpu-next/libplacebo] (Re)creating 2560x1920x0 texture with format r8: ../src/utils/upload.c:239
[7068.650][d][vo/gpu-next/libplacebo] Allocating 4915200 memory of type 0x1 (id 1) in heap 0: ../src/utils/upload.c:239
[7068.650][d][vo/gpu-next/libplacebo] Memory types supported by device:
[7068.650][d][vo/gpu-next/libplacebo]     0: flags 0x0 heap 1
[7068.650][d][vo/gpu-next/libplacebo]     1: flags 0x1 heap 0
[7068.650][d][vo/gpu-next/libplacebo]     2: flags 0x6 heap 1
[7068.650][d][vo/gpu-next/libplacebo]     3: flags 0xe heap 1
[7068.650][d][vo/gpu-next/libplacebo]     4: flags 0x7 heap 0
[7068.650][d][vo/gpu-next/libplacebo] Spent 0.177 ms allocating slab
[7068.650][d][vo/gpu-next/libplacebo] Allocating 4915200 memory of type 0x7 (id 4) in heap 0: ../src/gpu/utils.c:576
[7068.650][d][vo/gpu-next/libplacebo] Memory types supported by device:
[7068.650][d][vo/gpu-next/libplacebo]     0: flags 0x0 heap 1
[7068.650][d][vo/gpu-next/libplacebo]     1: flags 0x1 heap 0
[7068.650][d][vo/gpu-next/libplacebo]     2: flags 0x6 heap 1
[7068.650][d][vo/gpu-next/libplacebo]     3: flags 0xe heap 1
[7068.650][d][vo/gpu-next/libplacebo]     4: flags 0x7 heap 0
[7068.650][d][vo/gpu-next/libplacebo] Spent 0.151 ms allocating slab
[7068.651][d][vo/gpu-next/libplacebo] (Re)creating 1280x960x0 texture with format rg8: ../src/utils/upload.c:239
[7068.651][d][vo/gpu-next/libplacebo] Allocating 2621440 memory of type 0x1 (id 1) in heap 0: ../src/utils/upload.c:239
[7068.651][d][vo/gpu-next/libplacebo] Memory types supported by device:
[7068.651][d][vo/gpu-next/libplacebo]     0: flags 0x0 heap 1
[7068.651][d][vo/gpu-next/libplacebo]     1: flags 0x1 heap 0
[7068.651][d][vo/gpu-next/libplacebo]     2: flags 0x6 heap 1
[7068.651][d][vo/gpu-next/libplacebo]     3: flags 0xe heap 1
[7068.651][d][vo/gpu-next/libplacebo]     4: flags 0x7 heap 0
[7068.651][d][vo/gpu-next/libplacebo] Spent 0.163 ms allocating slab
[7068.651][d][vo/gpu-next/libplacebo] Allocating 2457600 memory of type 0x7 (id 4) in heap 0: ../src/gpu/utils.c:576
[7068.651][d][vo/gpu-next/libplacebo] Memory types supported by device:
[7068.651][d][vo/gpu-next/libplacebo]     0: flags 0x0 heap 1
[7068.651][d][vo/gpu-next/libplacebo]     1: flags 0x1 heap 0
[7068.651][d][vo/gpu-next/libplacebo]     2: flags 0x6 heap 1
[7068.651][d][vo/gpu-next/libplacebo]     3: flags 0xe heap 1
[7068.651][d][vo/gpu-next/libplacebo]     4: flags 0x7 heap 0
[7068.651][d][vo/gpu-next/libplacebo] Spent 0.150 ms allocating slab
[7068.652][d][vo/gpu-next/libplacebo] (Re)creating 2560x1920x0 texture with format r8: ../src/utils/upload.c:239
[7068.652][d][vo/gpu-next/libplacebo] Allocating 9830400 memory of type 0x1 (id 1) in heap 0: ../src/utils/upload.c:239
[7068.652][d][vo/gpu-next/libplacebo] Memory types supported by device:
[7068.652][d][vo/gpu-next/libplacebo]     0: flags 0x0 heap 1
[7068.652][d][vo/gpu-next/libplacebo]     1: flags 0x1 heap 0
[7068.652][d][vo/gpu-next/libplacebo]     2: flags 0x6 heap 1
[7068.652][d][vo/gpu-next/libplacebo]     3: flags 0xe heap 1
[7068.652][d][vo/gpu-next/libplacebo]     4: flags 0x7 heap 0
[7068.652][d][vo/gpu-next/libplacebo] Spent 0.214 ms allocating slab
[7068.652][d][vo/gpu-next/libplacebo] Allocating 9830400 memory of type 0x7 (id 4) in heap 0: ../src/gpu/utils.c:576
[7068.652][d][vo/gpu-next/libplacebo] Memory types supported by device:
[7068.652][d][vo/gpu-next/libplacebo]     0: flags 0x0 heap 1
[7068.652][d][vo/gpu-next/libplacebo]     1: flags 0x1 heap 0
[7068.652][d][vo/gpu-next/libplacebo]     2: flags 0x6 heap 1
[7068.652][d][vo/gpu-next/libplacebo]     3: flags 0xe heap 1
[7068.652][d][vo/gpu-next/libplacebo]     4: flags 0x7 heap 0
[7068.652][d][vo/gpu-next/libplacebo] Spent 0.194 ms allocating slab
[7068.653][d][vo/gpu-next/libplacebo] (Re)creating 1280x960x0 texture with format rg8: ../src/utils/upload.c:239
[7068.653][d][vo/gpu-next/libplacebo] Allocating 5242880 memory of type 0x1 (id 1) in heap 0: ../src/utils/upload.c:239
[7068.653][d][vo/gpu-next/libplacebo] Memory types supported by device:
[7068.653][d][vo/gpu-next/libplacebo]     0: flags 0x0 heap 1
[7068.653][d][vo/gpu-next/libplacebo]     1: flags 0x1 heap 0
[7068.653][d][vo/gpu-next/libplacebo]     2: flags 0x6 heap 1
[7068.653][d][vo/gpu-next/libplacebo]     3: flags 0xe heap 1
[7068.653][d][vo/gpu-next/libplacebo]     4: flags 0x7 heap 0
[7068.653][d][vo/gpu-next/libplacebo] Spent 0.157 ms allocating slab
[7068.653][d][vo/gpu-next/libplacebo] Allocating 4915200 memory of type 0x7 (id 4) in heap 0: ../src/gpu/utils.c:576
[7068.653][d][vo/gpu-next/libplacebo] Memory types supported by device:
[7068.653][d][vo/gpu-next/libplacebo]     0: flags 0x0 heap 1
[7068.653][d][vo/gpu-next/libplacebo]     1: flags 0x1 heap 0
[7068.653][d][vo/gpu-next/libplacebo]     2: flags 0x6 heap 1
[7068.653][d][vo/gpu-next/libplacebo]     3: flags 0xe heap 1
[7068.653][d][vo/gpu-next/libplacebo]     4: flags 0x7 heap 0
[7068.653][d][vo/gpu-next/libplacebo] Spent 0.141 ms allocating slab
[7068.654][d][vo/gpu-next/libplacebo] (Re)creating 1920x1440x0 texture with format rgba16hf: src/renderer.c:3863
[7068.654][d][vo/gpu-next/libplacebo] Allocating 23592960 memory of type 0x1 (id 1) in heap 0: src/renderer.c:3863
[7068.654][d][vo/gpu-next/libplacebo] Memory types supported by device:
[7068.654][d][vo/gpu-next/libplacebo]     0: flags 0x0 heap 1
[7068.654][d][vo/gpu-next/libplacebo]     1: flags 0x1 heap 0
[7068.654][d][vo/gpu-next/libplacebo]     2: flags 0x6 heap 1
[7068.654][d][vo/gpu-next/libplacebo]     3: flags 0xe heap 1
[7068.654][d][vo/gpu-next/libplacebo]     4: flags 0x7 heap 0
[7068.654][d][vo/gpu-next/libplacebo] Spent 0.116 ms allocating slab
[7068.654][d][vo/gpu-next/libplacebo] (Re)creating 1280x1920x0 texture with format rg16hf: src/renderer.c:768
[7068.654][d][vo/gpu-next/libplacebo] Freeing slab of size 9840K
[7068.654][d][vo/gpu-next/libplacebo] Allocating 9830400 memory of type 0x1 (id 1) in heap 0: src/renderer.c:768
[7068.654][d][vo/gpu-next/libplacebo] Memory types supported by device:
[7068.654][d][vo/gpu-next/libplacebo]     0: flags 0x0 heap 1
[7068.654][d][vo/gpu-next/libplacebo]     1: flags 0x1 heap 0
[7068.654][d][vo/gpu-next/libplacebo]     2: flags 0x6 heap 1
[7068.654][d][vo/gpu-next/libplacebo]     3: flags 0xe heap 1
[7068.654][d][vo/gpu-next/libplacebo]     4: flags 0x7 heap 0
[7068.654][d][vo/gpu-next/libplacebo] Spent 0.048 ms allocating slab
[7068.654][d][vo/gpu-next/libplacebo] (Re)creating 2560x1920x0 texture with format rgba16hf: src/renderer.c:2058
[7068.654][d][vo/gpu-next/libplacebo] Freeing slab of size   38M
[7068.654][d][vo/gpu-next/libplacebo] Allocating 39321600 memory of type 0x1 (id 1) in heap 0: src/renderer.c:2058
[7068.654][d][vo/gpu-next/libplacebo] Memory types supported by device:
[7068.654][d][vo/gpu-next/libplacebo]     0: flags 0x0 heap 1
[7068.654][d][vo/gpu-next/libplacebo]     1: flags 0x1 heap 0
[7068.654][d][vo/gpu-next/libplacebo]     2: flags 0x6 heap 1
[7068.654][d][vo/gpu-next/libplacebo]     3: flags 0xe heap 1
[7068.654][d][vo/gpu-next/libplacebo]     4: flags 0x7 heap 0
[7068.654][d][vo/gpu-next/libplacebo] Spent 0.082 ms allocating slab
[7068.654][d][vo/gpu-next/libplacebo] (Re)creating 2560x1440x0 texture with format rgba16hf: src/renderer.c:768
[7068.654][d][vo/gpu-next/libplacebo] Freeing slab of size   30M
[7068.654][d][vo/gpu-next/libplacebo] Allocating 31457280 memory of type 0x1 (id 1) in heap 0: src/renderer.c:768
[7068.654][d][vo/gpu-next/libplacebo] Memory types supported by device:
[7068.654][d][vo/gpu-next/libplacebo]     0: flags 0x0 heap 1
[7068.654][d][vo/gpu-next/libplacebo]     1: flags 0x1 heap 0
[7068.654][d][vo/gpu-next/libplacebo]     2: flags 0x6 heap 1
[7068.654][d][vo/gpu-next/libplacebo]     3: flags 0xe heap 1
[7068.654][d][vo/gpu-next/libplacebo]     4: flags 0x7 heap 0
[7068.654][d][vo/gpu-next/libplacebo] Spent 0.069 ms allocating slab
[7068.655][d][vo/gpu-next/libplacebo] Allocating 540672 memory of type 0x7 (id 4) in heap 0: ../src/gpu/utils.c:576
[7068.655][d][vo/gpu-next/libplacebo] Memory types supported by device:
[7068.655][d][vo/gpu-next/libplacebo]     0: flags 0x0 heap 1
[7068.655][d][vo/gpu-next/libplacebo]     1: flags 0x1 heap 0
[7068.655][d][vo/gpu-next/libplacebo]     2: flags 0x6 heap 1
[7068.655][d][vo/gpu-next/libplacebo]     3: flags 0xe heap 1
[7068.655][d][vo/gpu-next/libplacebo]     4: flags 0x7 heap 0
[7068.655][d][vo/gpu-next/libplacebo] Spent 0.119 ms allocating slab
[7068.655][v][cplayer] first video frame after restart shown
[7068.656][d][cplayer] Run command: script-message, flags=64, args=[args="thumbfast-info", args="{\"width\":320,\"available\":true,\"thumbnail\":\"/tmp/thumbfast.out5290\",\"height\":240,\"overlay_id\":42,\"scale_factor\":1,\"disabled\":false,\"socket\":\"/tmp/thumbfast5290\"}"]
[7068.656][v][cplayer] audio ready
[7068.656][d][cplayer] starting video playback
[7068.656][v][cplayer] delaying audio start 0.080000 vs. 0.080000, diff=0.000000
[7068.656][v][cplayer] playback restart complete @ 0.080000, audio=ready, video=playing
[7068.657][v][vo/gpu-next/wayland] Enabling idle inhibitor
[7068.658][v][cplayer] starting audio playback
[7068.659][d][cplayer] Run command: subprocess, flags=64, args=[args="mpv,--no-config,--msg-level=all=no,--idle,--pause,--keep-open=always,--really-quiet,--no-terminal,--load-scripts=no,--osc=no,--ytdl=no,--load-stats-overlay=no,--load-osd-console=no,--load-auto-profiles=no,--edition=auto,--vid=1,--no-sub,--no-audio,--start=0,--hr-seek=no,--ytdl-format=worst,--demuxer-readahead-secs=0,--demuxer-max-bytes=128KiB,--vd-lavc-skiploopfilter=all,--vd-lavc-software-fallback=1,--vd-lavc-fast,--vd-lavc-threads=2,--hwdec=auto,--vf=scale=w=320:h=240:force_original_aspect_ratio=decrease,pad=w=320:h=240:x=-1:y=-1,format=bgra,--sws-scaler=fast-bilinear,--video-rotate=0,--ovc=rawvideo,--of=image2,--ofopts=update=1,--o=/tmp/thumbfast.out5290,--sws-allow-zimg=no,--media-controls=no,--scripts=/tmp/thumbfast5290.run,--,/home/beiming/Videos/成龙历险记1-5季 4K修复版/[BASIGN]28.太空里的争斗.mp4", playback_only="yes", capture_size="67108864", capture_stdout="no", capture_stderr="no", detach="no", env="PATH=/usr/local/bin:/usr/bin:/bin:/usr/local/sbin:/opt/cuda/bin:/var/lib/flatpak/exports/bin:/usr/lib/jvm/default/bin:/usr/bin/site_perl:/usr/bin/vendor_perl:/usr/bin/core_perl", stdin_data="", passthrough_stdin="no"]
[7068.659][v][vo/gpu-next/libplacebo] Detected fps ratio 0.0000 below threshold 0.0100, disabling interpolation
[7068.659][d][vo/gpu-next/libplacebo] (Re)creating 1920x1440x0 texture with format rgba16hf: src/renderer.c:3863
[7068.659][d][vo/gpu-next/libplacebo] Allocating 23592960 memory of type 0x1 (id 1) in heap 0: src/renderer.c:3863
[7068.659][d][vo/gpu-next/libplacebo] Memory types supported by device:
[7068.659][d][vo/gpu-next/libplacebo]     0: flags 0x0 heap 1
[7068.659][d][vo/gpu-next/libplacebo]     1: flags 0x1 heap 0
[7068.659][d][vo/gpu-next/libplacebo]     2: flags 0x6 heap 1
[7068.659][d][vo/gpu-next/libplacebo]     3: flags 0xe heap 1
[7068.659][d][vo/gpu-next/libplacebo]     4: flags 0x7 heap 0
[7068.659][d][vo/gpu-next/libplacebo] Spent 0.140 ms allocating slab
[7068.662][v][thumbfast] Starting subprocess: [mpv, --no-config, --msg-level=all=no, --idle, --pause, --keep-open=always, --really-quiet, --no-terminal, --load-scripts=no, --osc=no, --ytdl=no, --load-stats-overlay=no, --load-osd-console=no, --load-auto-profiles=no, --edition=auto, --vid=1, --no-sub, --no-audio, --start=0, --hr-seek=no, --ytdl-format=worst, --demuxer-readahead-secs=0, --demuxer-max-bytes=128KiB, --vd-lavc-skiploopfilter=all, --vd-lavc-software-fallback=1, --vd-lavc-fast, --vd-lavc-threads=2, --hwdec=auto, --vf=scale=w=320:h=240:force_original_aspect_ratio=decrease,pad=w=320:h=240:x=-1:y=-1,format=bgra, --sws-scaler=fast-bilinear, --video-rotate=0, --ovc=rawvideo, --of=image2, --ofopts=update=1, --o=/tmp/thumbfast.out5290, --sws-allow-zimg=no, --media-controls=no, --scripts=/tmp/thumbfast5290.run, --, /home/beiming/Videos/成龙历险记1-5季 4K修复版/[BASIGN]28.太空里的争斗.mp4]
[7068.677][v][cplayer] Change display sync audio drift: -1
[7068.688][v][autoconvert] inserting resampler
[7068.688][v][swresample] format change, reinitializing resampler
[7068.688][v][swresample] 48060Hz stereo floatp -> 48000Hz stereo floatp
[7068.689][v][af] [convert] (enabled)
[7068.710][d][vo/gpu-next/libplacebo] (Re)creating 2560x1920x0 texture with format r8: ../src/utils/upload.c:239
[7068.711][d][vo/gpu-next/libplacebo] (Re)creating 1280x960x0 texture with format rg8: ../src/utils/upload.c:239
[7068.744][v][vo/gpu-next/libplacebo] Estimated source FPS: 25.000, display FPS: 25.000
[7068.809][d][vo/gpu-next/libplacebo] Garbage collected slab of size  366K from pool 1
[7068.809][d][vo/gpu-next/libplacebo] Freeing slab of size  366K
[7068.827][d][vo/gpu-next/libplacebo] Garbage collected slab of size 4920K from pool 0
[7068.827][d][vo/gpu-next/libplacebo] Freeing slab of size 4920K
[7068.827][d][vo/gpu-next/libplacebo] Garbage collected slab of size 2624K from pool 0
[7068.827][d][vo/gpu-next/libplacebo] Freeing slab of size 2624K
[7068.844][d][vo/gpu-next/libplacebo] Garbage collected slab of size 4920K from pool 1
[7068.844][d][vo/gpu-next/libplacebo] Freeing slab of size 4920K
[7068.845][d][vo/gpu-next/libplacebo] Garbage collected slab of size 2460K from pool 1
[7068.845][d][vo/gpu-next/libplacebo] Freeing slab of size 2460K
[7068.878][d][vo/gpu-next/libplacebo] Garbage collected slab of size 9840K from pool 0
[7068.878][d][vo/gpu-next/libplacebo] Freeing slab of size 9840K
[7068.879][d][vo/gpu-next/libplacebo] Garbage collected slab of size 5248K from pool 0
[7068.879][d][vo/gpu-next/libplacebo] Freeing slab of size 5248K
[7068.893][d][vo/gpu-next/libplacebo] Garbage collected slab of size 9600K from pool 1
[7068.893][d][vo/gpu-next/libplacebo] Freeing slab of size 9600K
[7068.894][d][vo/gpu-next/libplacebo] Garbage collected slab of size 4800K from pool 1
[7068.894][d][vo/gpu-next/libplacebo] Freeing slab of size 4800K
[7068.925][d][vo/gpu-next/libplacebo] Allocating 804864 memory of type 0x7 (id 4) in heap 0: ../src/gpu/utils.c:576
[7068.925][d][vo/gpu-next/libplacebo] Memory types supported by device:
[7068.925][d][vo/gpu-next/libplacebo]     0: flags 0x0 heap 1
[7068.925][d][vo/gpu-next/libplacebo]     1: flags 0x1 heap 0
[7068.925][d][vo/gpu-next/libplacebo]     2: flags 0x6 heap 1
[7068.925][d][vo/gpu-next/libplacebo]     3: flags 0xe heap 1
[7068.925][d][vo/gpu-next/libplacebo]     4: flags 0x7 heap 0
[7068.925][d][vo/gpu-next/libplacebo] Spent 0.228 ms allocating slab
[7068.996][d][vo/gpu-next/libplacebo] Garbage collected slab of size  528K from pool 1
[7068.996][d][vo/gpu-next/libplacebo] Freeing slab of size  528K
[7069.064][e][thumbfast] MESA: warning: Support for this platform is experimental with Xe KMD, bug reports may be ignored.
[7069.142][d][vo/gpu-next/libplacebo] Garbage collected slab of size  264K from pool 1
[7069.142][d][vo/gpu-next/libplacebo] Freeing slab of size  264K
[7069.379][d][cplayer] Run command: script-message, flags=64, args=[args="thumbfast-info", args="{\"width\":320,\"available\":true,\"thumbnail\":\"/tmp/thumbfast.out5290\",\"height\":240,\"overlay_id\":42,\"scale_factor\":1,\"disabled\":false,\"socket\":\"/tmp/thumbfast5290\"}"]
[7069.479][d][vo/gpu-next/libplacebo] Garbage collected slab of size  786K from pool 1
[7069.479][d][vo/gpu-next/libplacebo] Freeing slab of size  786K
[7069.859][d][vo/gpu-next/libplacebo] Garbage collected slab of size  393K from pool 1
[7069.859][d][vo/gpu-next/libplacebo] Freeing slab of size  393K
[7075.928][v][cplayer] Change display sync audio drift: 0
[7075.928][v][cplayer] Compensation factor: 0.999996
[7128.846][d][cplayer] Run command: seek, flags=73, args=[target="30.000000", flags="relative", legacy="unused"]
[7128.846][v][lavf] queuing seek to 90.280000
[7128.846][v][lavf] cached range 0: 0.000000 <-> 90.960000 (bof=1, eof=0)
[7128.846][v][lavf] ...using this range for in-cache seek.
[7128.846][v][lavf] seeking stream 0 (video) to packet 89.840000/89.760000
[7128.846][v][lavf] seeking stream 1 (audio) to packet 90.261333/90.261333
[7128.847][v][cplayer] hr-seek, skipping to 90.280000
[7128.847][d][ao/pipewire] Stream state changed: old_state=streaming state=paused error=(null)
[7128.847][d][ffmpeg/video] h264: Reinit context to 2560x1920, pix_fmt: cuda
[7128.859][d][vo/gpu-next/libplacebo] Allocating 374784 memory of type 0x7 (id 4) in heap 0: ../src/gpu/utils.c:576
[7128.860][d][vo/gpu-next/libplacebo] Memory types supported by device:
[7128.860][d][vo/gpu-next/libplacebo]     0: flags 0x0 heap 1
[7128.860][d][vo/gpu-next/libplacebo]     1: flags 0x1 heap 0
[7128.860][d][vo/gpu-next/libplacebo]     2: flags 0x6 heap 1
[7128.860][d][vo/gpu-next/libplacebo]     3: flags 0xe heap 1
[7128.860][d][vo/gpu-next/libplacebo]     4: flags 0x7 heap 0
[7128.860][d][vo/gpu-next/libplacebo] Spent 1.281 ms allocating slab
[7128.862][v][vo/gpu-next/wayland] Disabling the idle inhibitor
[7128.866][v][vd] Decoder format: 2560x1920 nv12 auto/auto/auto/auto/auto CL=mpeg2/4/h264 crop=2560x1920+0+0 A=none
[7128.866][v][vd] Using container aspect ratio.
[7128.889][d][vo/gpu-next/libplacebo] First frame received with non-zero PTS 90.280000
[7128.890][d][vo/gpu-next/libplacebo] Freeing slab of size   22M
[7128.892][v][cplayer] first video frame after restart shown
[7128.893][v][cplayer] audio ready
[7128.893][d][cplayer] starting video playback
[7128.893][v][cplayer] starting audio playback
[7128.893][v][cplayer] playback restart complete @ 90.280000, audio=playing, video=playing
[7128.893][v][vo/gpu-next/wayland] Enabling idle inhibitor
[7128.894][d][ao/pipewire] Stream state changed: old_state=paused state=streaming error=(null)
[7128.896][v][cplayer] Change display sync audio drift: -1
[7128.908][v][vo/gpu-next/libplacebo] Detected fps ratio 0.0000 below threshold 0.0100, disabling interpolation
[7128.909][d][vo/gpu-next/libplacebo] (Re)creating 2560x1920x0 texture with format r8: ../src/utils/upload.c:239
[7128.909][d][vo/gpu-next/libplacebo] (Re)creating 1280x960x0 texture with format rg8: ../src/utils/upload.c:239
[7128.909][d][vo/gpu-next/libplacebo] (Re)creating 1920x1440x0 texture with format rgba16hf: src/renderer.c:3863
[7128.909][d][vo/gpu-next/libplacebo] Allocating 23592960 memory of type 0x1 (id 1) in heap 0: src/renderer.c:3863
[7128.910][d][vo/gpu-next/libplacebo] Memory types supported by device:
[7128.910][d][vo/gpu-next/libplacebo]     0: flags 0x0 heap 1
[7128.910][d][vo/gpu-next/libplacebo]     1: flags 0x1 heap 0
[7128.910][d][vo/gpu-next/libplacebo]     2: flags 0x6 heap 1
[7128.910][d][vo/gpu-next/libplacebo]     3: flags 0xe heap 1
[7128.910][d][vo/gpu-next/libplacebo]     4: flags 0x7 heap 0
[7128.910][d][vo/gpu-next/libplacebo] Spent 0.340 ms allocating slab
[7128.959][d][vo/gpu-next/libplacebo] (Re)creating 2560x1920x0 texture with format r8: ../src/utils/upload.c:239
[7128.960][d][vo/gpu-next/libplacebo] (Re)creating 1280x960x0 texture with format rg8: ../src/utils/upload.c:239
[7129.077][v][vo/gpu-next/libplacebo] Estimated source FPS: 25.000, display FPS: 25.000
[7130.144][d][vo/gpu-next/libplacebo] Garbage collected slab of size  366K from pool 1
[7130.144][d][vo/gpu-next/libplacebo] Freeing slab of size  366K
[7134.715][d][lavf] stream 1: resize index to 256
[7135.843][v][cplayer] Change display sync audio drift: 0
[7135.843][v][cplayer] Compensation factor: 1.000057
[7261.560][v][cplayer] Change display sync audio drift: 1
[7263.046][d][lavf] stream 1: resize index to 512
[7268.595][v][cplayer] Change display sync audio drift: 0
[7268.595][v][cplayer] Compensation factor: 1.000000
[7382.780][d][lavf] stream 0: resize index to 256
[7519.718][d][lavf] stream 1: resize index to 1024
[7742.652][d][lavf] stream 0: resize index to 512
[7830.297][v][cplayer] Change display sync audio drift: 1
[7843.529][v][cplayer] Change display sync audio drift: 0
[7843.529][v][cplayer] Compensation factor: 1.000010
[8013.283][v][cplayer] Change display sync audio drift: 1
[8014.983][d][cplayer] Run command: list, flags=0, args=[]
[8014.983][d][cplayer] Run command: cycle, flags=73, args=[name="pause", value="1.000000"]
[8014.983][v][cplayer] Set property: pause -> 1
[8014.983][d][cplayer] Run command: script-message-to, flags=73, args=[target="uosc", args="flash-pause-indicator"]
[8014.984][d][ao/pipewire] Stream state changed: old_state=streaming state=paused error=(null)
[8015.001][d][vo/gpu-next/libplacebo] Allocating 663552 memory of type 0x7 (id 4) in heap 0: ../src/gpu/utils.c:576
[8015.001][d][vo/gpu-next/libplacebo] Memory types supported by device:
[8015.001][d][vo/gpu-next/libplacebo]     0: flags 0x0 heap 1
[8015.001][d][vo/gpu-next/libplacebo]     1: flags 0x1 heap 0
[8015.001][d][vo/gpu-next/libplacebo]     2: flags 0x6 heap 1
[8015.001][d][vo/gpu-next/libplacebo]     3: flags 0xe heap 1
[8015.001][d][vo/gpu-next/libplacebo]     4: flags 0x7 heap 0
[8015.001][d][vo/gpu-next/libplacebo] Spent 0.709 ms allocating slab
[8015.016][d][vo/gpu-next/libplacebo] Allocating 795648 memory of type 0x7 (id 4) in heap 0: ../src/gpu/utils.c:576
[8015.016][d][vo/gpu-next/libplacebo] Memory types supported by device:
[8015.016][d][vo/gpu-next/libplacebo]     0: flags 0x0 heap 1
[8015.016][d][vo/gpu-next/libplacebo]     1: flags 0x1 heap 0
[8015.016][d][vo/gpu-next/libplacebo]     2: flags 0x6 heap 1
[8015.016][d][vo/gpu-next/libplacebo]     3: flags 0xe heap 1
[8015.016][d][vo/gpu-next/libplacebo]     4: flags 0x7 heap 0
[8015.016][d][vo/gpu-next/libplacebo] Spent 0.640 ms allocating slab
[8015.017][v][vo/gpu-next/wayland] Disabling the idle inhibitor
[8015.032][d][vo/gpu-next/libplacebo] Allocating 860160 memory of type 0x7 (id 4) in heap 0: ../src/gpu/utils.c:576
[8015.033][d][vo/gpu-next/libplacebo] Memory types supported by device:
[8015.033][d][vo/gpu-next/libplacebo]     0: flags 0x0 heap 1
[8015.033][d][vo/gpu-next/libplacebo]     1: flags 0x1 heap 0
[8015.033][d][vo/gpu-next/libplacebo]     2: flags 0x6 heap 1
[8015.033][d][vo/gpu-next/libplacebo]     3: flags 0xe heap 1
[8015.033][d][vo/gpu-next/libplacebo]     4: flags 0x7 heap 0
[8015.033][d][vo/gpu-next/libplacebo] Spent 0.550 ms allocating slab
[8015.049][d][vo/gpu-next/libplacebo] Allocating 927744 memory of type 0x7 (id 4) in heap 0: ../src/gpu/utils.c:576
[8015.050][d][vo/gpu-next/libplacebo] Memory types supported by device:
[8015.050][d][vo/gpu-next/libplacebo]     0: flags 0x0 heap 1
[8015.050][d][vo/gpu-next/libplacebo]     1: flags 0x1 heap 0
[8015.050][d][vo/gpu-next/libplacebo]     2: flags 0x6 heap 1
[8015.050][d][vo/gpu-next/libplacebo]     3: flags 0xe heap 1
[8015.050][d][vo/gpu-next/libplacebo]     4: flags 0x7 heap 0
[8015.050][d][vo/gpu-next/libplacebo] Spent 0.605 ms allocating slab
[8015.082][d][vo/gpu-next/libplacebo] Allocating 992256 memory of type 0x7 (id 4) in heap 0: ../src/gpu/utils.c:576
[8015.083][d][vo/gpu-next/libplacebo] Memory types supported by device:
[8015.083][d][vo/gpu-next/libplacebo]     0: flags 0x0 heap 1
[8015.083][d][vo/gpu-next/libplacebo]     1: flags 0x1 heap 0
[8015.083][d][vo/gpu-next/libplacebo]     2: flags 0x6 heap 1
[8015.083][d][vo/gpu-next/libplacebo]     3: flags 0xe heap 1
[8015.083][d][vo/gpu-next/libplacebo]     4: flags 0x7 heap 0
[8015.083][d][vo/gpu-next/libplacebo] Spent 0.613 ms allocating slab
[8015.132][d][vo/gpu-next/libplacebo] Allocating 1056768 memory of type 0x7 (id 4) in heap 0: ../src/gpu/utils.c:576
[8015.133][d][vo/gpu-next/libplacebo] Memory types supported by device:
[8015.133][d][vo/gpu-next/libplacebo]     0: flags 0x0 heap 1
[8015.133][d][vo/gpu-next/libplacebo]     1: flags 0x1 heap 0
[8015.133][d][vo/gpu-next/libplacebo]     2: flags 0x6 heap 1
[8015.133][d][vo/gpu-next/libplacebo]     3: flags 0xe heap 1
[8015.133][d][vo/gpu-next/libplacebo]     4: flags 0x7 heap 0
[8015.133][d][vo/gpu-next/libplacebo] Spent 0.579 ms allocating slab
[8015.233][d][vo/gpu-next/libplacebo] Garbage collected slab of size 4800K from pool 1
[8015.233][d][vo/gpu-next/libplacebo] Freeing slab of size 4800K
[8015.233][d][vo/gpu-next/libplacebo] Garbage collected slab of size 2400K from pool 1
[8015.233][d][vo/gpu-next/libplacebo] Freeing slab of size 2400K
[8015.266][d][vo/gpu-next/libplacebo] Garbage collected slab of size  648K from pool 1
[8015.266][d][vo/gpu-next/libplacebo] Freeing slab of size  648K
[8015.283][d][vo/gpu-next/libplacebo] Garbage collected slab of size  777K from pool 1
[8015.283][d][vo/gpu-next/libplacebo] Freeing slab of size  777K
[8015.299][d][vo/gpu-next/libplacebo] Garbage collected slab of size  840K from pool 1
[8015.299][d][vo/gpu-next/libplacebo] Freeing slab of size  840K
[8024.699][d][cplayer] Run command: list, flags=0, args=[]
[8024.699][d][cplayer] Run command: cycle, flags=73, args=[name="pause", value="1.000000"]
[8024.700][v][cplayer] Set property: pause -> 1
[8024.700][d][cplayer] Run command: script-message-to, flags=73, args=[target="uosc", args="flash-pause-indicator"]
[8024.700][v][vo/gpu-next/wayland] Enabling idle inhibitor
[8024.700][v][cplayer] Change display sync audio drift: -1
[8024.700][d][vo/gpu-next/libplacebo] Allocating 4915200 memory of type 0x7 (id 4) in heap 0: ../src/gpu/utils.c:576
[8024.700][d][ao/pipewire] Stream state changed: old_state=paused state=streaming error=(null)
[8024.701][d][vo/gpu-next/libplacebo] Memory types supported by device:
[8024.701][d][vo/gpu-next/libplacebo]     0: flags 0x0 heap 1
[8024.701][d][vo/gpu-next/libplacebo]     1: flags 0x1 heap 0
[8024.701][d][vo/gpu-next/libplacebo]     2: flags 0x6 heap 1
[8024.701][d][vo/gpu-next/libplacebo]     3: flags 0xe heap 1
[8024.701][d][vo/gpu-next/libplacebo]     4: flags 0x7 heap 0
[8024.701][d][vo/gpu-next/libplacebo] Spent 1.185 ms allocating slab
[8024.705][d][vo/gpu-next/libplacebo] Allocating 2457600 memory of type 0x7 (id 4) in heap 0: ../src/gpu/utils.c:576
[8024.705][d][vo/gpu-next/libplacebo] Memory types supported by device:
[8024.705][d][vo/gpu-next/libplacebo]     0: flags 0x0 heap 1
[8024.705][d][vo/gpu-next/libplacebo]     1: flags 0x1 heap 0
[8024.705][d][vo/gpu-next/libplacebo]     2: flags 0x6 heap 1
[8024.705][d][vo/gpu-next/libplacebo]     3: flags 0xe heap 1
[8024.705][d][vo/gpu-next/libplacebo]     4: flags 0x7 heap 0
[8024.705][d][vo/gpu-next/libplacebo] Spent 0.859 ms allocating slab
[8024.708][d][vo/gpu-next/libplacebo] Garbage collected slab of size  906K from pool 1
[8024.708][d][vo/gpu-next/libplacebo] Freeing slab of size  906K
[8024.745][d][vo/gpu-next/libplacebo] Allocating 927744 memory of type 0x7 (id 4) in heap 0: ../src/gpu/utils.c:576
[8024.746][d][vo/gpu-next/libplacebo] Memory types supported by device:
[8024.746][d][vo/gpu-next/libplacebo]     0: flags 0x0 heap 1
[8024.746][d][vo/gpu-next/libplacebo]     1: flags 0x1 heap 0
[8024.746][d][vo/gpu-next/libplacebo]     2: flags 0x6 heap 1
[8024.746][d][vo/gpu-next/libplacebo]     3: flags 0xe heap 1
[8024.746][d][vo/gpu-next/libplacebo]     4: flags 0x7 heap 0
[8024.746][d][vo/gpu-next/libplacebo] Spent 1.105 ms allocating slab
[8024.772][v][cplayer] Change display sync audio drift: 1
[8024.813][d][vo/gpu-next/libplacebo] Allocating 2113536 memory of type 0x7 (id 4) in heap 0: ../src/gpu/utils.c:576
[8024.814][d][vo/gpu-next/libplacebo] Memory types supported by device:
[8024.814][d][vo/gpu-next/libplacebo]     0: flags 0x0 heap 1
[8024.814][d][vo/gpu-next/libplacebo]     1: flags 0x1 heap 0
[8024.814][d][vo/gpu-next/libplacebo]     2: flags 0x6 heap 1
[8024.814][d][vo/gpu-next/libplacebo]     3: flags 0xe heap 1
[8024.814][d][vo/gpu-next/libplacebo]     4: flags 0x7 heap 0
[8024.814][d][vo/gpu-next/libplacebo] Spent 0.917 ms allocating slab
[8024.838][d][vo/gpu-next/libplacebo] Allocating 1124352 memory of type 0x7 (id 4) in heap 0: ../src/gpu/utils.c:576
[8024.839][d][vo/gpu-next/libplacebo] Memory types supported by device:
[8024.839][d][vo/gpu-next/libplacebo]     0: flags 0x0 heap 1
[8024.839][d][vo/gpu-next/libplacebo]     1: flags 0x1 heap 0
[8024.839][d][vo/gpu-next/libplacebo]     2: flags 0x6 heap 1
[8024.839][d][vo/gpu-next/libplacebo]     3: flags 0xe heap 1
[8024.839][d][vo/gpu-next/libplacebo]     4: flags 0x7 heap 0
[8024.839][d][vo/gpu-next/libplacebo] Spent 0.895 ms allocating slab
[8024.850][d][vo/gpu-next/libplacebo] Allocating 2248704 memory of type 0x7 (id 4) in heap 0: ../src/gpu/utils.c:576
[8024.851][d][vo/gpu-next/libplacebo] Memory types supported by device:
[8024.851][d][vo/gpu-next/libplacebo]     0: flags 0x0 heap 1
[8024.851][d][vo/gpu-next/libplacebo]     1: flags 0x1 heap 0
[8024.851][d][vo/gpu-next/libplacebo]     2: flags 0x6 heap 1
[8024.851][d][vo/gpu-next/libplacebo]     3: flags 0xe heap 1
[8024.851][d][vo/gpu-next/libplacebo]     4: flags 0x7 heap 0
[8024.851][d][vo/gpu-next/libplacebo] Spent 0.596 ms allocating slab
[8024.861][v][cplayer] Change display sync audio drift: 0
[8024.861][v][cplayer] Compensation factor: 0.997841
[8025.044][d][vo/gpu-next/libplacebo] Garbage collected slab of size  906K from pool 1
[8025.044][d][vo/gpu-next/libplacebo] Freeing slab of size  906K
[8025.059][d][vo/gpu-next/libplacebo] Garbage collected slab of size  969K from pool 1
[8025.059][d][vo/gpu-next/libplacebo] Freeing slab of size  969K
[8025.079][d][vo/gpu-next/libplacebo] Garbage collected slab of size 1032K from pool 1
[8025.079][d][vo/gpu-next/libplacebo] Freeing slab of size 1032K
[8025.092][d][vo/gpu-next/libplacebo] Garbage collected slab of size 2064K from pool 1
[8025.093][d][vo/gpu-next/libplacebo] Freeing slab of size 2064K
[8025.109][d][vo/gpu-next/libplacebo] Garbage collected slab of size 2196K from pool 1
[8025.109][d][vo/gpu-next/libplacebo] Freeing slab of size 2196K
[8025.259][d][vo/gpu-next/libplacebo] Garbage collected slab of size 1098K from pool 1
[8025.259][d][vo/gpu-next/libplacebo] Freeing slab of size 1098K
[8029.928][v][cplayer] Change display sync audio drift: -1
[8037.045][v][cplayer] Change display sync audio drift: 0
[8037.045][v][cplayer] Compensation factor: 1.000002
[8042.833][d][lavf] stream 1: resize index to 2048
[8212.593][d][cplayer] Run command: seek, flags=73, args=[target="30.000000", flags="relative", legacy="unused"]
[8212.593][v][lavf] queuing seek to 1194.240000
[8212.593][v][lavf] cached range 0: 0.000000 <-> 1193.560000 (bof=1, eof=0)
[8212.593][v][lavf] execute seek (to 1194.240000 flags 32)
[8212.594][v][lavf] seek done
[8212.594][v][cplayer] hr-seek, skipping to 1194.240000
[8212.594][d][ao/pipewire] Stream state changed: old_state=streaming state=paused error=(null)
[8212.594][v][file] stream level seek from 1047185325 to 1045497936
[8212.594][d][lavf] stream 1: resize index to 128
[8212.595][d][ffmpeg/video] h264: Reinit context to 2560x1920, pix_fmt: cuda
[8212.609][d][vo/gpu-next/libplacebo] Allocating 374784 memory of type 0x7 (id 4) in heap 0: ../src/gpu/utils.c:576
[8212.610][d][vo/gpu-next/libplacebo] Memory types supported by device:
[8212.610][d][vo/gpu-next/libplacebo]     0: flags 0x0 heap 1
[8212.610][d][vo/gpu-next/libplacebo]     1: flags 0x1 heap 0
[8212.610][d][vo/gpu-next/libplacebo]     2: flags 0x6 heap 1
[8212.610][d][vo/gpu-next/libplacebo]     3: flags 0xe heap 1
[8212.610][d][vo/gpu-next/libplacebo]     4: flags 0x7 heap 0
[8212.610][d][vo/gpu-next/libplacebo] Spent 0.401 ms allocating slab
[8212.611][v][vd] Decoder format: 2560x1920 nv12 auto/auto/auto/auto/auto CL=mpeg2/4/h264 crop=2560x1920+0+0 A=none
[8212.611][v][vd] Using container aspect ratio.
[8212.611][d][lavf] stream 0: resize index to 128
[8212.611][v][vo/gpu-next/wayland] Disabling the idle inhibitor
[8212.627][v][lavf] EOF reached.
[8212.638][d][vo/gpu-next/libplacebo] First frame received with non-zero PTS 1194.240000
[8212.638][d][vo/gpu-next/libplacebo] Allocating 749568 memory of type 0x7 (id 4) in heap 0: ../src/gpu/utils.c:576
[8212.641][d][vo/gpu-next/libplacebo] Memory types supported by device:
[8212.641][d][vo/gpu-next/libplacebo]     0: flags 0x0 heap 1
[8212.641][d][vo/gpu-next/libplacebo]     1: flags 0x1 heap 0
[8212.641][d][vo/gpu-next/libplacebo]     2: flags 0x6 heap 1
[8212.641][d][vo/gpu-next/libplacebo]     3: flags 0xe heap 1
[8212.641][d][vo/gpu-next/libplacebo]     4: flags 0x7 heap 0
[8212.641][d][vo/gpu-next/libplacebo] Spent 2.525 ms allocating slab
[8212.641][d][vo/gpu-next/libplacebo] Freeing slab of size   22M
[8212.643][v][cplayer] first video frame after restart shown
[8212.645][v][cplayer] audio ready
[8212.645][d][cplayer] starting video playback
[8212.645][v][cplayer] starting audio playback
[8212.645][v][cplayer] playback restart complete @ 1194.240000, audio=playing, video=playing
[8212.645][v][vo/gpu-next/wayland] Enabling idle inhibitor
[8212.645][d][ao/pipewire] Stream state changed: old_state=paused state=streaming error=(null)
[8212.649][v][cplayer] Change display sync audio drift: -1
[8212.658][v][vo/gpu-next/libplacebo] Detected fps ratio 0.0000 below threshold 0.0100, disabling interpolation
[8212.658][d][vo/gpu-next/libplacebo] (Re)creating 2560x1920x0 texture with format r8: ../src/utils/upload.c:239
[8212.659][d][vo/gpu-next/libplacebo] (Re)creating 1280x960x0 texture with format rg8: ../src/utils/upload.c:239
[8212.659][d][vo/gpu-next/libplacebo] (Re)creating 1920x1440x0 texture with format rgba16hf: src/renderer.c:3863
[8212.660][d][vo/gpu-next/libplacebo] Allocating 23592960 memory of type 0x1 (id 1) in heap 0: src/renderer.c:3863
[8212.660][d][vo/gpu-next/libplacebo] Memory types supported by device:
[8212.660][d][vo/gpu-next/libplacebo]     0: flags 0x0 heap 1
[8212.660][d][vo/gpu-next/libplacebo]     1: flags 0x1 heap 0
[8212.660][d][vo/gpu-next/libplacebo]     2: flags 0x6 heap 1
[8212.660][d][vo/gpu-next/libplacebo]     3: flags 0xe heap 1
[8212.660][d][vo/gpu-next/libplacebo]     4: flags 0x7 heap 0
[8212.660][d][vo/gpu-next/libplacebo] Spent 0.562 ms allocating slab
[8212.708][d][vo/gpu-next/libplacebo] (Re)creating 2560x1920x0 texture with format r8: ../src/utils/upload.c:239
[8212.710][d][vo/gpu-next/libplacebo] (Re)creating 1280x960x0 texture with format rg8: ../src/utils/upload.c:239
[8212.809][d][cplayer] Run command: seek, flags=73, args=[target="30.000000", flags="relative", legacy="unused"]
[8212.809][v][lavf] queuing seek to 1224.400000
[8212.809][v][lavf] cached range 0: 0.000000 <-> 1193.560000 (bof=1, eof=0)
[8212.809][v][lavf] cached range 1: 1193.600000 <-> 1224.597333 (bof=0, eof=1)
[8212.809][v][lavf] ...using this range for in-cache seek.
[8212.809][v][lavf] seeking stream 0 (video) to packet 1220.840000/1220.760000
[8212.809][v][lavf] seeking stream 1 (audio) to packet 1224.384000/1224.384000
[8212.810][v][cplayer] hr-seek, skipping to 1224.400000
[8212.810][v][lavf] EOF reached.
[8212.810][d][ao/pipewire] Stream state changed: old_state=streaming state=paused error=(null)
[8212.810][d][ffmpeg/video] h264: Reinit context to 2560x1920, pix_fmt: cuda
[8212.821][v][vd] Decoder format: 2560x1920 nv12 auto/auto/auto/auto/auto CL=mpeg2/4/h264 crop=2560x1920+0+0 A=none
[8212.821][v][vd] Using container aspect ratio.
[8212.828][v][vo/gpu-next/libplacebo] Estimated source FPS: 25.000, display FPS: 25.000
[8212.830][v][vo/gpu-next/wayland] Disabling the idle inhibitor
[8212.910][d][vo/gpu-next/libplacebo] First frame received with non-zero PTS 1194.400000
[8212.910][d][vo/gpu-next/libplacebo] Freeing slab of size   22M
[8212.963][d][vo/gpu-next/libplacebo] Discontinuous source PTS jump 1194.440000 -> 1224.400000
[8212.963][d][vo/gpu-next/libplacebo] (Re)creating 2560x1920x0 texture with format r8: ../src/utils/upload.c:239
[8212.963][d][vo/gpu-next/libplacebo] (Re)creating 1280x960x0 texture with format rg8: ../src/utils/upload.c:239
[8212.964][d][vo/gpu-next/libplacebo] (Re)creating 1920x1440x0 texture with format rgba16hf: src/renderer.c:3863
[8212.964][d][vo/gpu-next/libplacebo] Allocating 23592960 memory of type 0x1 (id 1) in heap 0: src/renderer.c:3863
[8212.964][d][vo/gpu-next/libplacebo] Memory types supported by device:
[8212.964][d][vo/gpu-next/libplacebo]     0: flags 0x0 heap 1
[8212.964][d][vo/gpu-next/libplacebo]     1: flags 0x1 heap 0
[8212.964][d][vo/gpu-next/libplacebo]     2: flags 0x6 heap 1
[8212.964][d][vo/gpu-next/libplacebo]     3: flags 0xe heap 1
[8212.964][d][vo/gpu-next/libplacebo]     4: flags 0x7 heap 0
[8212.964][d][vo/gpu-next/libplacebo] Spent 0.218 ms allocating slab
[8212.964][v][cplayer] first video frame after restart shown
[8212.965][v][cplayer] audio ready
[8212.965][d][cplayer] starting video playback
[8212.965][v][cplayer] starting audio playback
[8212.965][v][cplayer] playback restart complete @ 1224.400000, audio=playing, video=playing
[8212.965][v][vf] filter input EOF
[8212.965][v][vf] filter output EOF
[8212.965][v][cplayer] Change display sync audio drift: -1
[8212.965][d][cplayer] video EOF (status=4)
[8212.965][v][vo/gpu-next/wayland] Enabling idle inhibitor
[8212.966][d][ao/pipewire] Stream state changed: old_state=paused state=streaming error=(null)
[8212.967][v][vo/gpu-next/libplacebo] Detected fps ratio 0.0000 below threshold 0.0100, disabling interpolation
[8212.967][d][vo/gpu-next/libplacebo] (Re)creating 2560x1920x0 texture with format r8: ../src/utils/upload.c:239
[8212.967][d][vo/gpu-next/libplacebo] (Re)creating 1280x960x0 texture with format rg8: ../src/utils/upload.c:239
[8212.967][d][vo/gpu-next] Render queue underrun.
[8212.968][d][vo/gpu-next] Render queue underrun.
[8212.968][d][vo/gpu-next/libplacebo] Garbage collected slab of size  732K from pool 1
[8212.968][d][vo/gpu-next/libplacebo] Freeing slab of size  732K
[8212.969][d][cplayer] video EOF (status=4)
[8212.971][v][af] filter input EOF
[8212.971][v][af] filter output EOF
[8212.971][v][cplayer] audio filter EOF
[8212.971][d][cplayer] video EOF (status=4)
[8212.971][v][cplayer] audio draining
[8212.971][v][cplayer] audio EOF reached
[8212.971][d][cplayer] video EOF (status=4)
[8212.971][v][cplayer] EOF code: 1  
[8212.971][d][ad] Uninit decoder.
[8212.971][d][vd] Uninit decoder.
[8212.983][d][vo/gpu-next] Render queue underrun.
[8212.983][v][vo/gpu-next/wayland] Disabling the idle inhibitor
[8213.095][d][cplayer] Terminating demuxers...
[8213.155][d][cplayer] Done terminating demuxers.
[8213.155][v][cplayer] finished playback, success (reason 0)
[8213.155][v][cplayer] Running hook: ytdl_hook/on_after_end_file
[8213.155][d][cplayer] Run command: del, flags=64, args=[name="user-data/mpv/ytdl/json-subprocess-result"]
[8213.155][d][vo/gpu-next/libplacebo] First frame received with non-zero PTS 1224.440000
[8213.155][d][global] config path: 'cache/watch_later' -> '/home/beiming/.config/mpv/cache/watch_later'
[8213.155][d][global] user path: '~~/cache/watch_later' -> '/home/beiming/.config/mpv/cache/watch_later'
[8213.155][i][cplayer] Playing: /home/beiming/Videos/成龙历险记1-5季 4K修复版/[BASIGN]29.莲花寺.mp4
[8213.155][v][cplayer] Running hook: ytdl_hook/on_load
[8213.156][d][vo/gpu-next/libplacebo] Allocating 270336 memory of type 0x7 (id 4) in heap 0: ../src/gpu/utils.c:576
[8213.163][d][vo/gpu-next/libplacebo] Memory types supported by device:
[8213.163][d][vo/gpu-next/libplacebo]     0: flags 0x0 heap 1
[8213.163][d][vo/gpu-next/libplacebo]     1: flags 0x1 heap 0
[8213.163][d][vo/gpu-next/libplacebo]     2: flags 0x6 heap 1
[8213.163][d][vo/gpu-next/libplacebo]     3: flags 0xe heap 1
[8213.163][d][vo/gpu-next/libplacebo]     4: flags 0x7 heap 0
[8213.163][d][vo/gpu-next/libplacebo] Spent 7.106 ms allocating slab
[8213.163][d][vo/gpu-next/libplacebo] Freeing slab of size   22M
[8213.166][d][vo/gpu-next] Render queue underrun.
[8213.171][v][cplayer] Running hook: ytdl_hook/on_load
[8213.171][v][ytdl_hook] playlist hook
[8213.171][v][ifo_dvdnav] Opening /home/beiming/Videos/成龙历险记1-5季 4K修复版/[BASIGN]29.莲花寺.mp4
[8213.171][v][bdmv/bluray] Opening /home/beiming/Videos/成龙历险记1-5季 4K修复版/[BASIGN]29.莲花寺.mp4
[8213.171][v][file] Opening /home/beiming/Videos/成龙历险记1-5季 4K修复版/[BASIGN]29.莲花寺.mp4
[8213.172][d][file] resize stream to 131072 bytes, drop 0 bytes
[8213.172][d][file] Stream opened successfully.
[8213.172][v][demux] Trying demuxers for level=normal.
[8213.172][d][demux] Trying demuxer: directory (force-level: normal)
[8213.173][d][demux] Trying demuxer: disc (force-level: normal)
[8213.173][d][demux] Trying demuxer: edl (force-level: normal)
[8213.173][d][demux] Trying demuxer: cue (force-level: normal)
[8213.173][d][demux] Trying demuxer: rawaudio (force-level: normal)
[8213.173][d][demux] Trying demuxer: rawvideo (force-level: normal)
[8213.173][d][demux] Trying demuxer: mkv (force-level: normal)
[8213.173][d][demux] Trying demuxer: libarchive (force-level: normal)
[8213.174][d][demux] Trying demuxer: lavf (force-level: normal)
[8213.176][v][lavf] Found 'mov,mp4,m4a,3gp,3g2,mj2' at score=100 size=2048.
[8213.176][v][file] stream level seek from 131072 to 1030775902
[8213.186][v][demux] Detected file format: mov,mp4,m4a,3gp,3g2,mj2 (libavformat)
[8213.186][d][global] config path: 'cache/stream_cache' -> '/home/beiming/.config/mpv/cache/stream_cache'
[8213.186][d][global] user path: '~~/cache/stream_cache' -> '/home/beiming/.config/mpv/cache/stream_cache'
[8213.186][v][cplayer] Opening done: /home/beiming/Videos/成龙历险记1-5季 4K修复版/[BASIGN]29.莲花寺.mp4
[8213.186][v][find_files] Loading external files in /home/beiming/Videos/成龙历险记1-5季 4K修复版/
[8213.186][d][global] config path: 'sub' -/-> '/home/beiming/.config/mpv/sub'
[8213.186][d][global] config path: 'sub' -/-> '/home/beiming/.mpv/sub'
[8213.186][d][global] config path: 'sub' -/-> '/etc/mpv/sub'
[8213.186][v][cplayer] Running hook: ytdl_hook/on_preloaded
[8213.187][v][lavf] select track 0
[8213.187][v][lavf] select track 1
[8213.187][i][cplayer]  ● Video  --vid=1  (h264 2624x1920 25 fps) [default]
[8213.187][i][cplayer]  ● Audio  --aid=1  (aac 2ch 48000 Hz 192 kbps) [default]
[8213.187][v][vd] Container reported FPS: 25.000000
[8213.187][v][vd] Codec list:
[8213.187][v][vd]     h264 - H.264 / AVC / MPEG-4 AVC / MPEG-4 part 10
[8213.187][v][vd]     h264_v4l2m2m (h264) - V4L2 mem2mem H.264 decoder wrapper
[8213.187][v][vd]     h264_qsv (h264) - H264 video (Intel Quick Sync Video acceleration)
[8213.187][v][vd]     h264_amf (h264) - H264 AMD AMF video decoder
[8213.187][v][vd]     h264_cuvid (h264) - Nvidia CUVID H264 decoder
[8213.187][v][vd] Opening decoder h264
[8213.187][v][vd] Looking at hwdec h264-vulkan...
[8213.187][v][vd] Not using this for auto-copy.
[8213.187][v][vd] Looking at hwdec h264-nvdec...
[8213.187][v][vd] Not using this for auto-copy.
[8213.187][v][vd] Looking at hwdec h264-vaapi...
[8213.187][v][vd] Not using this for auto-copy.
[8213.187][v][vd] Looking at hwdec h264-vulkan-copy...
[8213.188][d][ffmpeg] Vulkan: Supported layers:
[8213.188][d][ffmpeg] Vulkan: 	VK_LAYER_VALVE_steam_overlay_32
[8213.188][d][ffmpeg] Vulkan: 	VK_LAYER_VALVE_steam_overlay_64
[8213.188][d][ffmpeg] Vulkan: 	VK_LAYER_VALVE_steam_fossilize_32
[8213.188][d][ffmpeg] Vulkan: 	VK_LAYER_VALVE_steam_fossilize_64
[8213.188][d][ffmpeg] Vulkan: 	VK_LAYER_MESA_anti_lag
[8213.188][d][ffmpeg] Vulkan: 	VK_LAYER_MESA_device_select
[8213.188][d][ffmpeg] Vulkan: 	VK_LAYER_MANGOHUD_overlay_x86_64
[8213.188][d][ffmpeg] Vulkan: 	VK_LAYER_NV_optimus
[8213.188][d][ffmpeg] Vulkan: 	VK_LAYER_NV_present
[8213.201][d][ffmpeg] Vulkan: GPU listing:
[8213.201][d][ffmpeg] Vulkan:     0: Intel(R) Graphics (RPL-S) (integrated) (0xa788)
[8213.201][d][ffmpeg] Vulkan:     1: NVIDIA GeForce RTX 5060 Laptop GPU (discrete) (0x2d19)
[8213.201][d][ffmpeg] Vulkan: Device 0 selected: Intel(R) Graphics (RPL-S) (integrated) (0xa788)
[8213.201][d][ffmpeg] Vulkan: Using device extension VK_KHR_push_descriptor
[8213.201][d][ffmpeg] Vulkan: Using device extension VK_EXT_physical_device_drm
[8213.201][d][ffmpeg] Vulkan: Using device extension VK_EXT_shader_atomic_float
[8213.201][d][ffmpeg] Vulkan: Using device extension VK_EXT_shader_object
[8213.201][d][ffmpeg] Vulkan: Using device extension VK_KHR_shader_subgroup_rotate
[8213.201][d][ffmpeg] Vulkan: Using device extension VK_EXT_host_image_copy
[8213.201][d][ffmpeg] Vulkan: Using device extension VK_KHR_workgroup_memory_explicit_layout
[8213.201][d][ffmpeg] Vulkan: Using device extension VK_KHR_shader_relaxed_extended_instruction
[8213.201][d][ffmpeg] Vulkan: Using device extension VK_EXT_shader_replicated_composites
[8213.201][d][ffmpeg] Vulkan: Using device extension VK_KHR_shader_expect_assume
[8213.201][d][ffmpeg] Vulkan: Using device extension VK_KHR_internally_synchronized_queues
[8213.201][d][ffmpeg] Vulkan: Using device extension VK_KHR_external_memory_fd
[8213.201][d][ffmpeg] Vulkan: Using device extension VK_EXT_external_memory_dma_buf
[8213.201][d][ffmpeg] Vulkan: Using device extension VK_EXT_image_drm_format_modifier
[8213.201][d][ffmpeg] Vulkan: Using device extension VK_KHR_external_semaphore_fd
[8213.201][d][ffmpeg] Vulkan: Using device extension VK_EXT_external_memory_host
[8213.201][d][ffmpeg] Vulkan: Queue families:
[8213.201][d][ffmpeg] Vulkan:     0: graphics compute transfer sparse (queues: 1)
[8213.207][d][ffmpeg] Vulkan: Using device: Intel(R) Graphics (RPL-S)
[8213.207][d][ffmpeg] Vulkan: Alignments:
[8213.207][d][ffmpeg] Vulkan:     optimalBufferCopyRowPitchAlignment: 64
[8213.207][d][ffmpeg] Vulkan:     minMemoryMapAlignment:              4096
[8213.207][d][ffmpeg] Vulkan:     nonCoherentAtomSize:                64
[8213.207][d][ffmpeg] Vulkan:     minImportedHostPointerAlignment:    4096
[8213.207][v][vd] Trying hardware decoding via h264-vulkan-copy.
[8213.207][v][vd] Requesting 4 threads for decoding.
[8213.208][v][vd] Selected decoder: h264 - H.264 / AVC / MPEG-4 AVC / MPEG-4 part 10
[8213.208][v][vf] User filter list:
[8213.208][v][vf]   (empty)
[8213.208][v][ad] Codec list:
[8213.208][v][ad]     aac - AAC (Advanced Audio Coding)
[8213.208][v][ad]     aac_fixed (aac) - AAC (Advanced Audio Coding)
[8213.208][v][ad] Opening decoder aac
[8213.208][v][ad] Requesting 1 threads for decoding.
[8213.208][v][ad] Selected decoder: aac - AAC (Advanced Audio Coding)
[8213.208][v][af] User filter list:
[8213.208][v][af]   (empty)
[8213.208][v][cplayer] Starting playback...
[8213.208][v][file] stream level seek from 1031687854 to 48
[8213.208][d][vo/gpu-next/libplacebo] First frame received with non-zero PTS 1224.440000
[8213.209][d][vo/gpu-next/libplacebo] Freeing slab of size   22M
[8213.209][d][lavf] stream 1: resize index to 128
[8213.217][d][lavf] stream 0: resize index to 128
[8213.236][d][vo/gpu-next] Render queue underrun.
[8213.236][d][vo/gpu-next/libplacebo] (Re)creating 1920x1440x0 texture with format rgba16hf: src/renderer.c:3863
[8213.236][d][vo/gpu-next/libplacebo] Allocating 23592960 memory of type 0x1 (id 1) in heap 0: src/renderer.c:3863
[8213.244][v][thumbfast] Subprocess failed: killed
[8213.252][d][vo/gpu-next/libplacebo] Memory types supported by device:
[8213.252][d][vo/gpu-next/libplacebo]     0: flags 0x0 heap 1
[8213.252][d][vo/gpu-next/libplacebo]     1: flags 0x1 heap 0
[8213.252][d][vo/gpu-next/libplacebo]     2: flags 0x6 heap 1
[8213.252][d][vo/gpu-next/libplacebo]     3: flags 0xe heap 1
[8213.252][d][vo/gpu-next/libplacebo]     4: flags 0x7 heap 0
[8213.252][v][vo/gpu-next/libplacebo] Spent 16.003 ms allocating slab
[8213.255][d][cplayer] Run command: overlay-remove, flags=64, args=[id="42"]
[8213.255][d][cplayer] Run command: script-message, flags=64, args=[args="thumbfast-info", args="{\"width\":320,\"available\":true,\"thumbnail\":\"/tmp/thumbfast.out5290\",\"height\":240,\"overlay_id\":42,\"scale_factor\":1,\"disabled\":false,\"socket\":\"/tmp/thumbfast5290\"}"]
[8213.255][v][af] [in] 48000Hz stereo 2ch floatp
[8213.255][v][af] [userspeed] 48000Hz stereo 2ch floatp
[8213.255][v][af] [userspeed] (disabled)
[8213.255][v][af] [convert] 48000Hz stereo 2ch floatp
[8213.255][v][vd] Pixel formats supported by decoder: vdpau vulkan cuda vaapi yuv420p
[8213.255][v][vd] Codec profile: High (0x64)
[8213.255][v][vd] Requesting pixfmt 'vulkan' from decoder.
[8213.255][e][ffmpeg/video] h264: Device does not support the VK_KHR_video_decode_queue extension!
[8213.255][e][ffmpeg/video] h264: Failed setup for format vulkan: hwaccel initialisation returned error.
[8213.255][v][vd] Pixel formats supported by decoder: vdpau cuda vaapi yuv420p yuv420p
[8213.255][v][vd] Codec profile: High (0x64)
[8213.255][v][vd] Requesting pixfmt '-' from decoder.
[8213.255][e][ffmpeg/video] h264: no frame!
[8213.256][v][vd] Pixel formats supported by decoder: vdpau vulkan cuda vaapi yuv420p
[8213.256][v][vd] Codec profile: High (0x64)
[8213.256][v][vd] Requesting pixfmt 'vulkan' from decoder.
[8213.256][e][ffmpeg/video] h264: Device does not support the VK_KHR_video_decode_queue extension!
[8213.256][e][ffmpeg/video] h264: Failed setup for format vulkan: hwaccel initialisation returned error.
[8213.256][v][vd] Pixel formats supported by decoder: vdpau cuda vaapi yuv420p yuv420p
[8213.256][v][vd] Codec profile: High (0x64)
[8213.256][v][vd] Requesting pixfmt '-' from decoder.
[8213.256][e][ffmpeg/video] h264: no frame!
[8213.258][v][vd] Attempting next decoding method after failure of h264-vulkan-copy.
[8213.259][d][vd] Skipping previously attempted hwdec: h264-vulkan
[8213.259][d][vd] Skipping previously attempted hwdec: h264-nvdec
[8213.259][d][vd] Skipping previously attempted hwdec: h264-vaapi
[8213.259][d][vd] Skipping previously attempted hwdec: h264-vulkan-copy
[8213.259][v][vd] Looking at hwdec h264-nvdec-copy...
[8213.361][v][vd] Trying hardware decoding via h264-nvdec-copy.
[8213.362][v][vd] Requesting 4 threads for decoding.
[8213.362][v][vd] Pixel formats supported by decoder: vdpau vulkan cuda vaapi yuv420p
[8213.362][v][vd] Codec profile: High (0x64)
[8213.362][v][vd] Requesting pixfmt 'cuda' from decoder.
[8213.362][d][vo/gpu-next] Render queue underrun.
[8213.371][d][ffmpeg/video] h264: NVDEC capabilities:
[8213.371][d][ffmpeg/video] h264: format supported: yes, max_mb_count: 262144
[8213.371][d][ffmpeg/video] h264: min_width: 48, max_width: 8192
[8213.371][d][ffmpeg/video] h264: min_height: 64, max_height: 8192
[8213.391][d][ffmpeg/video] h264: Reinit context to 2624x1920, pix_fmt: cuda
[8213.397][i][vd] Using hardware decoding (nvdec-copy).
[8213.397][v][vd] Decoder format: 2624x1920 nv12 auto/auto/auto/auto/auto CL=mpeg2/4/h264 crop=2624x1920+0+0 A=none
[8213.397][v][vd] Using container aspect ratio.
[8213.397][v][vf] [in] 2624x1920 nv12 bt.709/bt.709/bt.1886/limited/display CL=mpeg2/4/h264 crop=2624x1920+0+0 A=none
[8213.397][v][vf] [userdeint] 2624x1920 nv12 bt.709/bt.709/bt.1886/limited/display CL=mpeg2/4/h264 crop=2624x1920+0+0 A=none
[8213.397][v][vf] [userdeint] (disabled)
[8213.397][v][vf] [autovflip] 2624x1920 nv12 bt.709/bt.709/bt.1886/limited/display CL=mpeg2/4/h264 crop=2624x1920+0+0 A=none
[8213.397][v][vf] [autovflip] (disabled)
[8213.397][v][vf] [autorotate] 2624x1920 nv12 bt.709/bt.709/bt.1886/limited/display CL=mpeg2/4/h264 crop=2624x1920+0+0 A=none
[8213.397][v][vf] [autorotate] (disabled)
[8213.397][v][vf] [convert] 2624x1920 nv12 bt.709/bt.709/bt.1886/limited/display CL=mpeg2/4/h264 crop=2624x1920+0+0 A=none
[8213.397][v][vf] [convert] (disabled)
[8213.397][v][vf] [out] 2624x1920 nv12 bt.709/bt.709/bt.1886/limited/display CL=mpeg2/4/h264 crop=2624x1920+0+0 A=none
[8213.398][d][cplayer] Run command: script-message, flags=64, args=[args="thumbfast-info", args="{\"width\":320,\"available\":true,\"thumbnail\":\"/tmp/thumbfast.out5290\",\"height\":240,\"overlay_id\":42,\"scale_factor\":1,\"disabled\":false,\"socket\":\"/tmp/thumbfast5290\"}"]
[8213.398][v][af] [convert] (disabled)
[8213.398][v][af] [out] 48000Hz stereo 2ch floatp
[8213.398][d][vo/gpu-next/libplacebo] Allocating 402432 memory of type 0x7 (id 4) in heap 0: ../src/gpu/utils.c:576
[8213.399][d][vo/gpu-next/libplacebo] Memory types supported by device:
[8213.399][d][vo/gpu-next/libplacebo]     0: flags 0x0 heap 1
[8213.399][d][vo/gpu-next/libplacebo]     1: flags 0x1 heap 0
[8213.399][d][vo/gpu-next/libplacebo]     2: flags 0x6 heap 1
[8213.399][d][vo/gpu-next/libplacebo]     3: flags 0xe heap 1
[8213.399][d][vo/gpu-next/libplacebo]     4: flags 0x7 heap 0
[8213.399][d][vo/gpu-next/libplacebo] Spent 0.259 ms allocating slab
[8213.399][d][vo/gpu-next] Render queue underrun.
[8213.400][i][cplayer] VO: [gpu-next] 2624x1920 nv12
[8213.400][v][cplayer] VO: Description: Video output based on libplacebo
[8213.400][v][vo/gpu-next] reconfig to 2624x1920 nv12 bt.709/bt.709/bt.1886/limited/display CL=mpeg2/4/h264 crop=2624x1920+0+0 A=none
[8213.400][v][vo/gpu-next/wayland] Reconfiguring!
[8213.400][d][vo/gpu-next] max content size: 2560x1440
[8213.400][d][vo/gpu-next] monitor size: 2560x1440
[8213.400][v][vo/gpu-next] Window size: 1771x1296 (Borders: l=0 t=0 r=0 b=0)
[8213.400][v][vo/gpu-next] Video source: 2624x1920 (1:1)
[8213.400][v][vo/gpu-next] Video display: (0, 0) 2624x1920 -> (0, 0) 1771x1296
[8213.400][v][vo/gpu-next] Video scale: 0.674924/0.675000
[8213.400][v][vo/gpu-next] OSD borders: l=0 t=0 r=0 b=0
[8213.400][v][vo/gpu-next] Video borders: l=0 t=0 r=0 b=0
[8213.400][v][vo/gpu-next/wayland] Handling resize on the vk side
[8213.400][v][vo/gpu-next] Window size: 2560x1440 (Borders: l=0 t=0 r=0 b=0)
[8213.400][v][vo/gpu-next] Video source: 2624x1920 (1:1)
[8213.400][v][vo/gpu-next] Video display: (0, 0) 2624x1920 -> (296, 0) 1968x1440
[8213.400][v][vo/gpu-next] Video scale: 0.750000/0.750000
[8213.400][v][vo/gpu-next] OSD borders: l=296 t=0 r=296 b=0
[8213.400][v][vo/gpu-next] Video borders: l=296 t=0 r=296 b=0
[8213.400][v][vo/gpu-next] Forcing queue refill, PTS(0.080000 + 0.000000 | 0.016667) < VPTS(1224.440000)
[8213.400][d][vo/gpu-next/libplacebo] First frame received with non-zero PTS 0.080000
[8213.400][d][vo/gpu-next/libplacebo] Freeing slab of size   22M
[8213.400][d][vo/gpu-next/libplacebo] (Re)creating 2624x1920x0 texture with format r8: ../src/utils/upload.c:239
[8213.400][d][vo/gpu-next/libplacebo] Allocating 5038080 memory of type 0x1 (id 1) in heap 0: ../src/utils/upload.c:239
[8213.400][d][vo/gpu-next/libplacebo] Memory types supported by device:
[8213.400][d][vo/gpu-next/libplacebo]     0: flags 0x0 heap 1
[8213.400][d][vo/gpu-next/libplacebo]     1: flags 0x1 heap 0
[8213.400][d][vo/gpu-next/libplacebo]     2: flags 0x6 heap 1
[8213.400][d][vo/gpu-next/libplacebo]     3: flags 0xe heap 1
[8213.400][d][vo/gpu-next/libplacebo]     4: flags 0x7 heap 0
[8213.400][d][vo/gpu-next/libplacebo] Spent 0.153 ms allocating slab
[8213.400][d][vo/gpu-next/libplacebo] Allocating 5038080 memory of type 0x7 (id 4) in heap 0: ../src/gpu/utils.c:576
[8213.401][d][vo/gpu-next/libplacebo] Memory types supported by device:
[8213.401][d][vo/gpu-next/libplacebo]     0: flags 0x0 heap 1
[8213.401][d][vo/gpu-next/libplacebo]     1: flags 0x1 heap 0
[8213.401][d][vo/gpu-next/libplacebo]     2: flags 0x6 heap 1
[8213.401][d][vo/gpu-next/libplacebo]     3: flags 0xe heap 1
[8213.401][d][vo/gpu-next/libplacebo]     4: flags 0x7 heap 0
[8213.401][d][vo/gpu-next/libplacebo] Spent 0.110 ms allocating slab
[8213.401][d][vo/gpu-next/libplacebo] (Re)creating 1312x960x0 texture with format rg8: ../src/utils/upload.c:239
[8213.401][d][vo/gpu-next/libplacebo] Allocating 2686976 memory of type 0x1 (id 1) in heap 0: ../src/utils/upload.c:239
[8213.401][d][vo/gpu-next/libplacebo] Memory types supported by device:
[8213.401][d][vo/gpu-next/libplacebo]     0: flags 0x0 heap 1
[8213.401][d][vo/gpu-next/libplacebo]     1: flags 0x1 heap 0
[8213.401][d][vo/gpu-next/libplacebo]     2: flags 0x6 heap 1
[8213.401][d][vo/gpu-next/libplacebo]     3: flags 0xe heap 1
[8213.401][d][vo/gpu-next/libplacebo]     4: flags 0x7 heap 0
[8213.401][d][vo/gpu-next/libplacebo] Spent 0.093 ms allocating slab
[8213.401][d][vo/gpu-next/libplacebo] Allocating 2519040 memory of type 0x7 (id 4) in heap 0: ../src/gpu/utils.c:576
[8213.401][d][vo/gpu-next/libplacebo] Memory types supported by device:
[8213.401][d][vo/gpu-next/libplacebo]     0: flags 0x0 heap 1
[8213.401][d][vo/gpu-next/libplacebo]     1: flags 0x1 heap 0
[8213.401][d][vo/gpu-next/libplacebo]     2: flags 0x6 heap 1
[8213.401][d][vo/gpu-next/libplacebo]     3: flags 0xe heap 1
[8213.401][d][vo/gpu-next/libplacebo]     4: flags 0x7 heap 0
[8213.401][d][vo/gpu-next/libplacebo] Spent 0.091 ms allocating slab
[8213.402][d][vo/gpu-next/libplacebo] (Re)creating 2624x1920x0 texture with format r8: ../src/utils/upload.c:239
[8213.402][d][vo/gpu-next/libplacebo] Allocating 10076160 memory of type 0x1 (id 1) in heap 0: ../src/utils/upload.c:239
[8213.402][d][vo/gpu-next/libplacebo] Memory types supported by device:
[8213.402][d][vo/gpu-next/libplacebo]     0: flags 0x0 heap 1
[8213.402][d][vo/gpu-next/libplacebo]     1: flags 0x1 heap 0
[8213.402][d][vo/gpu-next/libplacebo]     2: flags 0x6 heap 1
[8213.402][d][vo/gpu-next/libplacebo]     3: flags 0xe heap 1
[8213.402][d][vo/gpu-next/libplacebo]     4: flags 0x7 heap 0
[8213.402][d][vo/gpu-next/libplacebo] Spent 0.161 ms allocating slab
[8213.402][d][vo/gpu-next/libplacebo] Allocating 10076160 memory of type 0x7 (id 4) in heap 0: ../src/gpu/utils.c:576
[8213.402][d][vo/gpu-next/libplacebo] Memory types supported by device:
[8213.402][d][vo/gpu-next/libplacebo]     0: flags 0x0 heap 1
[8213.402][d][vo/gpu-next/libplacebo]     1: flags 0x1 heap 0
[8213.402][d][vo/gpu-next/libplacebo]     2: flags 0x6 heap 1
[8213.402][d][vo/gpu-next/libplacebo]     3: flags 0xe heap 1
[8213.402][d][vo/gpu-next/libplacebo]     4: flags 0x7 heap 0
[8213.402][d][vo/gpu-next/libplacebo] Spent 0.155 ms allocating slab
[8213.403][d][vo/gpu-next/libplacebo] (Re)creating 1312x960x0 texture with format rg8: ../src/utils/upload.c:239
[8213.403][d][vo/gpu-next/libplacebo] Allocating 5373952 memory of type 0x1 (id 1) in heap 0: ../src/utils/upload.c:239
[8213.403][d][vo/gpu-next/libplacebo] Memory types supported by device:
[8213.403][d][vo/gpu-next/libplacebo]     0: flags 0x0 heap 1
[8213.403][d][vo/gpu-next/libplacebo]     1: flags 0x1 heap 0
[8213.403][d][vo/gpu-next/libplacebo]     2: flags 0x6 heap 1
[8213.403][d][vo/gpu-next/libplacebo]     3: flags 0xe heap 1
[8213.403][d][vo/gpu-next/libplacebo]     4: flags 0x7 heap 0
[8213.403][d][vo/gpu-next/libplacebo] Spent 0.148 ms allocating slab
[8213.403][d][vo/gpu-next/libplacebo] Allocating 5038080 memory of type 0x7 (id 4) in heap 0: ../src/gpu/utils.c:576
[8213.403][d][vo/gpu-next/libplacebo] Memory types supported by device:
[8213.403][d][vo/gpu-next/libplacebo]     0: flags 0x0 heap 1
[8213.403][d][vo/gpu-next/libplacebo]     1: flags 0x1 heap 0
[8213.403][d][vo/gpu-next/libplacebo]     2: flags 0x6 heap 1
[8213.403][d][vo/gpu-next/libplacebo]     3: flags 0xe heap 1
[8213.403][d][vo/gpu-next/libplacebo]     4: flags 0x7 heap 0
[8213.403][d][vo/gpu-next/libplacebo] Spent 0.116 ms allocating slab
[8213.404][d][vo/gpu-next/libplacebo] (Re)creating 1968x1440x0 texture with format rgba16hf: src/renderer.c:3863
[8213.404][d][vo/gpu-next/libplacebo] Allocating 24182784 memory of type 0x1 (id 1) in heap 0: src/renderer.c:3863
[8213.404][d][vo/gpu-next/libplacebo] Memory types supported by device:
[8213.404][d][vo/gpu-next/libplacebo]     0: flags 0x0 heap 1
[8213.404][d][vo/gpu-next/libplacebo]     1: flags 0x1 heap 0
[8213.404][d][vo/gpu-next/libplacebo]     2: flags 0x6 heap 1
[8213.404][d][vo/gpu-next/libplacebo]     3: flags 0xe heap 1
[8213.404][d][vo/gpu-next/libplacebo]     4: flags 0x7 heap 0
[8213.404][d][vo/gpu-next/libplacebo] Spent 0.160 ms allocating slab
[8213.404][d][vo/gpu-next/libplacebo] (Re)creating 1312x1920x0 texture with format rg16hf: src/renderer.c:768
[8213.404][d][vo/gpu-next/libplacebo] Freeing slab of size 9600K
[8213.404][d][vo/gpu-next/libplacebo] Allocating 10076160 memory of type 0x1 (id 1) in heap 0: src/renderer.c:768
[8213.404][d][vo/gpu-next/libplacebo] Memory types supported by device:
[8213.404][d][vo/gpu-next/libplacebo]     0: flags 0x0 heap 1
[8213.404][d][vo/gpu-next/libplacebo]     1: flags 0x1 heap 0
[8213.404][d][vo/gpu-next/libplacebo]     2: flags 0x6 heap 1
[8213.404][d][vo/gpu-next/libplacebo]     3: flags 0xe heap 1
[8213.404][d][vo/gpu-next/libplacebo]     4: flags 0x7 heap 0
[8213.404][d][vo/gpu-next/libplacebo] Spent 0.083 ms allocating slab
[8213.404][d][vo/gpu-next/libplacebo] (Re)creating 2624x1920x0 texture with format rgba16hf: src/renderer.c:2058
[8213.404][d][vo/gpu-next/libplacebo] Freeing slab of size   37M
[8213.404][d][vo/gpu-next/libplacebo] Allocating 40304640 memory of type 0x1 (id 1) in heap 0: src/renderer.c:2058
[8213.405][d][vo/gpu-next/libplacebo] Memory types supported by device:
[8213.405][d][vo/gpu-next/libplacebo]     0: flags 0x0 heap 1
[8213.405][d][vo/gpu-next/libplacebo]     1: flags 0x1 heap 0
[8213.405][d][vo/gpu-next/libplacebo]     2: flags 0x6 heap 1
[8213.405][d][vo/gpu-next/libplacebo]     3: flags 0xe heap 1
[8213.405][d][vo/gpu-next/libplacebo]     4: flags 0x7 heap 0
[8213.405][d][vo/gpu-next/libplacebo] Spent 0.231 ms allocating slab
[8213.405][d][vo/gpu-next/libplacebo] (Re)creating 2624x1440x0 texture with format rgba16hf: src/renderer.c:768
[8213.405][d][vo/gpu-next/libplacebo] Freeing slab of size   30M
[8213.405][d][vo/gpu-next/libplacebo] Allocating 32243712 memory of type 0x1 (id 1) in heap 0: src/renderer.c:768
[8213.405][d][vo/gpu-next/libplacebo] Memory types supported by device:
[8213.405][d][vo/gpu-next/libplacebo]     0: flags 0x0 heap 1
[8213.405][d][vo/gpu-next/libplacebo]     1: flags 0x1 heap 0
[8213.405][d][vo/gpu-next/libplacebo]     2: flags 0x6 heap 1
[8213.405][d][vo/gpu-next/libplacebo]     3: flags 0xe heap 1
[8213.405][d][vo/gpu-next/libplacebo]     4: flags 0x7 heap 0
[8213.405][d][vo/gpu-next/libplacebo] Spent 0.096 ms allocating slab
[8213.405][v][cplayer] first video frame after restart shown
[8213.406][d][cplayer] Run command: script-message, flags=64, args=[args="thumbfast-info", args="{\"width\":320,\"available\":true,\"thumbnail\":\"/tmp/thumbfast.out5290\",\"height\":234,\"overlay_id\":42,\"scale_factor\":1,\"disabled\":false,\"socket\":\"/tmp/thumbfast5290\"}"]
[8213.406][d][cplayer] Run command: subprocess, flags=64, args=[args="mpv,--no-config,--msg-level=all=no,--idle,--pause,--keep-open=always,--really-quiet,--no-terminal,--load-scripts=no,--osc=no,--ytdl=no,--load-stats-overlay=no,--load-osd-console=no,--load-auto-profiles=no,--edition=auto,--vid=1,--no-sub,--no-audio,--start=0,--hr-seek=no,--ytdl-format=worst,--demuxer-readahead-secs=0,--demuxer-max-bytes=128KiB,--vd-lavc-skiploopfilter=all,--vd-lavc-software-fallback=1,--vd-lavc-fast,--vd-lavc-threads=2,--hwdec=auto,--vf=scale=w=320:h=234:force_original_aspect_ratio=decrease,pad=w=320:h=234:x=-1:y=-1,format=bgra,--sws-scaler=fast-bilinear,--video-rotate=0,--ovc=rawvideo,--of=image2,--ofopts=update=1,--o=/tmp/thumbfast.out5290,--sws-allow-zimg=no,--media-controls=no,--scripts=/tmp/thumbfast5290.run,--,/home/beiming/Videos/成龙历险记1-5季 4K修复版/[BASIGN]29.莲花寺.mp4", playback_only="yes", capture_size="67108864", capture_stdout="no", capture_stderr="no", detach="no", env="PATH=/usr/local/bin:/usr/bin:/bin:/usr/local/sbin:/opt/cuda/bin:/var/lib/flatpak/exports/bin:/usr/lib/jvm/default/bin:/usr/bin/site_perl:/usr/bin/vendor_perl:/usr/bin/core_perl", stdin_data="", passthrough_stdin="no"]
[8213.406][v][cplayer] audio ready
[8213.406][d][cplayer] starting video playback
[8213.406][v][cplayer] delaying audio start 0.080000 vs. 0.080000, diff=0.000000
[8213.406][v][cplayer] playback restart complete @ 0.080000, audio=ready, video=playing
[8213.406][v][vo/gpu-next/wayland] Enabling idle inhibitor
[8213.409][v][cplayer] starting audio playback
[8213.409][v][thumbfast] Starting subprocess: [mpv, --no-config, --msg-level=all=no, --idle, --pause, --keep-open=always, --really-quiet, --no-terminal, --load-scripts=no, --osc=no, --ytdl=no, --load-stats-overlay=no, --load-osd-console=no, --load-auto-profiles=no, --edition=auto, --vid=1, --no-sub, --no-audio, --start=0, --hr-seek=no, --ytdl-format=worst, --demuxer-readahead-secs=0, --demuxer-max-bytes=128KiB, --vd-lavc-skiploopfilter=all, --vd-lavc-software-fallback=1, --vd-lavc-fast, --vd-lavc-threads=2, --hwdec=auto, --vf=scale=w=320:h=234:force_original_aspect_ratio=decrease,pad=w=320:h=234:x=-1:y=-1,format=bgra, --sws-scaler=fast-bilinear, --video-rotate=0, --ovc=rawvideo, --of=image2, --ofopts=update=1, --o=/tmp/thumbfast.out5290, --sws-allow-zimg=no, --media-controls=no, --scripts=/tmp/thumbfast5290.run, --, /home/beiming/Videos/成龙历险记1-5季 4K修复版/[BASIGN]29.莲花寺.mp4]
[8213.416][d][osd] Spent 6.102 ms in osd_render (slow!)
[8213.416][v][vo/gpu-next/libplacebo] Detected fps ratio 0.0000 below threshold 0.0100, disabling interpolation
[8213.416][d][vo/gpu-next/libplacebo] (Re)creating 1968x1440x0 texture with format rgba16hf: src/renderer.c:3863
[8213.416][d][vo/gpu-next/libplacebo] Allocating 24182784 memory of type 0x1 (id 1) in heap 0: src/renderer.c:3863
[8213.416][d][vo/gpu-next/libplacebo] Memory types supported by device:
[8213.416][d][vo/gpu-next/libplacebo]     0: flags 0x0 heap 1
[8213.417][d][vo/gpu-next/libplacebo]     1: flags 0x1 heap 0
[8213.417][d][vo/gpu-next/libplacebo]     2: flags 0x6 heap 1
[8213.417][d][vo/gpu-next/libplacebo]     3: flags 0xe heap 1
[8213.417][d][vo/gpu-next/libplacebo]     4: flags 0x7 heap 0
[8213.417][d][vo/gpu-next/libplacebo] Spent 0.674 ms allocating slab
[8213.418][v][cplayer] Change display sync audio drift: -1
[8213.419][v][autoconvert] inserting resampler
[8213.419][v][swresample] format change, reinitializing resampler
[8213.419][v][swresample] 48060Hz stereo floatp -> 48000Hz stereo floatp
[8213.419][v][af] [convert] (enabled)
[8213.443][d][vo/gpu-next/libplacebo] (Re)creating 2624x1920x0 texture with format r8: ../src/utils/upload.c:239
[8213.444][d][vo/gpu-next/libplacebo] (Re)creating 1312x960x0 texture with format rg8: ../src/utils/upload.c:239
[8213.460][d][vo/gpu-next/libplacebo] Allocating 540672 memory of type 0x7 (id 4) in heap 0: ../src/gpu/utils.c:576
[8213.460][d][vo/gpu-next/libplacebo] Memory types supported by device:
[8213.460][d][vo/gpu-next/libplacebo]     0: flags 0x0 heap 1
[8213.460][d][vo/gpu-next/libplacebo]     1: flags 0x1 heap 0
[8213.460][d][vo/gpu-next/libplacebo]     2: flags 0x6 heap 1
[8213.460][d][vo/gpu-next/libplacebo]     3: flags 0xe heap 1
[8213.460][d][vo/gpu-next/libplacebo]     4: flags 0x7 heap 0
[8213.460][d][vo/gpu-next/libplacebo] Spent 0.231 ms allocating slab
[8213.477][v][vo/gpu-next/libplacebo] Estimated source FPS: 25.000, display FPS: 25.000
[8213.544][d][vo/gpu-next/libplacebo] Garbage collected slab of size  366K from pool 1
[8213.544][d][vo/gpu-next/libplacebo] Freeing slab of size  366K
[8213.577][d][vo/gpu-next/libplacebo] Garbage collected slab of size 4800K from pool 0
[8213.577][d][vo/gpu-next/libplacebo] Freeing slab of size 4800K
[8213.577][d][vo/gpu-next/libplacebo] Garbage collected slab of size 2560K from pool 0
[8213.577][d][vo/gpu-next/libplacebo] Freeing slab of size 2560K
[8213.577][d][vo/gpu-next/libplacebo] Garbage collected slab of size 4800K from pool 1
[8213.577][d][vo/gpu-next/libplacebo] Freeing slab of size 4800K
[8213.577][d][vo/gpu-next/libplacebo] Garbage collected slab of size 2400K from pool 1
[8213.577][d][vo/gpu-next/libplacebo] Freeing slab of size 2400K
[8213.627][d][vo/gpu-next/libplacebo] Garbage collected slab of size 9600K from pool 0
[8213.627][d][vo/gpu-next/libplacebo] Freeing slab of size 9600K
[8213.629][d][vo/gpu-next/libplacebo] Garbage collected slab of size 5120K from pool 0
[8213.629][d][vo/gpu-next/libplacebo] Freeing slab of size 5120K
[8213.629][d][vo/gpu-next/libplacebo] Garbage collected slab of size 9840K from pool 1
[8213.629][d][vo/gpu-next/libplacebo] Freeing slab of size 9840K
[8213.630][d][vo/gpu-next/libplacebo] Garbage collected slab of size 4920K from pool 1
[8213.630][d][vo/gpu-next/libplacebo] Freeing slab of size 4920K
[8213.659][e][thumbfast] MESA: warning: Support for this platform is experimental with Xe KMD, bug reports may be ignored.
[8213.844][d][vo/gpu-next/libplacebo] Allocating 804864 memory of type 0x7 (id 4) in heap 0: ../src/gpu/utils.c:576
[8213.844][d][vo/gpu-next/libplacebo] Memory types supported by device:
[8213.844][d][vo/gpu-next/libplacebo]     0: flags 0x0 heap 1
[8213.844][d][vo/gpu-next/libplacebo]     1: flags 0x1 heap 0
[8213.844][d][vo/gpu-next/libplacebo]     2: flags 0x6 heap 1
[8213.844][d][vo/gpu-next/libplacebo]     3: flags 0xe heap 1
[8213.844][d][vo/gpu-next/libplacebo]     4: flags 0x7 heap 0
[8213.844][d][vo/gpu-next/libplacebo] Spent 0.322 ms allocating slab
[8213.944][d][cplayer] Run command: script-message, flags=64, args=[args="thumbfast-info", args="{\"width\":320,\"available\":true,\"thumbnail\":\"/tmp/thumbfast.out5290\",\"height\":234,\"overlay_id\":42,\"scale_factor\":1,\"disabled\":false,\"socket\":\"/tmp/thumbfast5290\"}"]
[8214.078][d][vo/gpu-next/libplacebo] Garbage collected slab of size  528K from pool 1
[8214.078][d][vo/gpu-next/libplacebo] Freeing slab of size  528K
[8214.113][d][vo/gpu-next/libplacebo] Garbage collected slab of size  264K from pool 1
[8214.113][d][vo/gpu-next/libplacebo] Freeing slab of size  264K
[8214.113][d][vo/gpu-next/libplacebo] Garbage collected slab of size  786K from pool 1
[8214.113][d][vo/gpu-next/libplacebo] Freeing slab of size  786K
[8214.611][d][vo/gpu-next/libplacebo] Garbage collected slab of size  393K from pool 1
[8214.611][d][vo/gpu-next/libplacebo] Freeing slab of size  393K
[8223.398][v][cplayer] Change display sync audio drift: 0
[8223.398][v][cplayer] Compensation factor: 0.999923
[8309.435][d][lavf] stream 1: resize index to 256
[8351.362][v][cplayer] Change display sync audio drift: -1
[8358.431][v][cplayer] Change display sync audio drift: 0
[8358.431][v][cplayer] Compensation factor: 1.000039
[8367.894][d][cplayer] Run command: seek, flags=73, args=[target="30.000000", flags="relative", legacy="unused"]
[8367.894][v][lavf] queuing seek to 184.560000
[8367.894][v][lavf] cached range 0: 0.000000 <-> 185.720000 (bof=1, eof=0)
[8367.894][v][lavf] ...using this range for in-cache seek.
[8367.894][v][lavf] seeking stream 0 (video) to packet 184.560000/184.480000
[8367.894][v][lavf] seeking stream 1 (audio) to packet 184.554667/184.554667
[8367.895][v][cplayer] hr-seek, skipping to 184.560000
[8367.895][d][ao/pipewire] Stream state changed: old_state=streaming state=paused error=(null)
[8367.895][d][ffmpeg/video] h264: Reinit context to 2624x1920, pix_fmt: cuda
[8367.911][d][vo/gpu-next/libplacebo] Allocating 374784 memory of type 0x7 (id 4) in heap 0: ../src/gpu/utils.c:576
[8367.911][d][vo/gpu-next/libplacebo] Memory types supported by device:
[8367.911][d][vo/gpu-next/libplacebo]     0: flags 0x0 heap 1
[8367.911][d][vo/gpu-next/libplacebo]     1: flags 0x1 heap 0
[8367.911][d][vo/gpu-next/libplacebo]     2: flags 0x6 heap 1
[8367.911][d][vo/gpu-next/libplacebo]     3: flags 0xe heap 1
[8367.911][d][vo/gpu-next/libplacebo]     4: flags 0x7 heap 0
[8367.911][d][vo/gpu-next/libplacebo] Spent 0.611 ms allocating slab
[8367.912][v][vd] Decoder format: 2624x1920 nv12 auto/auto/auto/auto/auto CL=mpeg2/4/h264 crop=2624x1920+0+0 A=none
[8367.912][v][vd] Using container aspect ratio.
[8367.914][v][vo/gpu-next/wayland] Disabling the idle inhibitor
[8367.916][d][vo/gpu-next/libplacebo] First frame received with non-zero PTS 184.560000
[8367.927][d][vo/gpu-next/libplacebo] Freeing slab of size   23M
[8367.944][v][cplayer] first video frame after restart shown
[8367.946][v][cplayer] audio ready
[8367.946][d][cplayer] starting video playback
[8367.946][v][cplayer] starting audio playback
[8367.946][v][cplayer] playback restart complete @ 184.560000, audio=playing, video=playing
[8367.946][v][vo/gpu-next/wayland] Enabling idle inhibitor
[8367.948][d][ao/pipewire] Stream state changed: old_state=paused state=streaming error=(null)
[8367.950][v][cplayer] Change display sync audio drift: -1
[8367.960][v][vo/gpu-next/libplacebo] Detected fps ratio 0.0000 below threshold 0.0100, disabling interpolation
[8367.960][d][vo/gpu-next/libplacebo] (Re)creating 2624x1920x0 texture with format r8: ../src/utils/upload.c:239
[8367.962][d][vo/gpu-next/libplacebo] (Re)creating 1312x960x0 texture with format rg8: ../src/utils/upload.c:239
[8367.962][d][vo/gpu-next/libplacebo] (Re)creating 1968x1440x0 texture with format rgba16hf: src/renderer.c:3863
[8367.962][d][vo/gpu-next/libplacebo] Allocating 24182784 memory of type 0x1 (id 1) in heap 0: src/renderer.c:3863
[8367.963][d][vo/gpu-next/libplacebo] Memory types supported by device:
[8367.963][d][vo/gpu-next/libplacebo]     0: flags 0x0 heap 1
[8367.963][d][vo/gpu-next/libplacebo]     1: flags 0x1 heap 0
[8367.963][d][vo/gpu-next/libplacebo]     2: flags 0x6 heap 1
[8367.963][d][vo/gpu-next/libplacebo]     3: flags 0xe heap 1
[8367.963][d][vo/gpu-next/libplacebo]     4: flags 0x7 heap 0
[8367.963][d][vo/gpu-next/libplacebo] Spent 0.679 ms allocating slab
[8368.010][d][vo/gpu-next/libplacebo] (Re)creating 2624x1920x0 texture with format r8: ../src/utils/upload.c:239
[8368.011][d][vo/gpu-next/libplacebo] (Re)creating 1312x960x0 texture with format rg8: ../src/utils/upload.c:239
[8368.128][v][vo/gpu-next/libplacebo] Estimated source FPS: 25.000, display FPS: 25.000
[8369.163][d][vo/gpu-next/libplacebo] Garbage collected slab of size  366K from pool 1
[8369.163][d][vo/gpu-next/libplacebo] Freeing slab of size  366K
[8378.295][v][cplayer] Change display sync audio drift: 0
[8378.295][v][cplayer] Compensation factor: 0.999892
[8386.747][v][cplayer] Change display sync audio drift: 1
[8387.170][d][vo/gpu-next/wayland] Presentation was done with a copy.
[8387.273][d][vo/gpu-next/libplacebo] (Re)creating 2624x1920x0 texture with format r8: ../src/utils/upload.c:239
[8387.273][d][vo/gpu-next/libplacebo] Allocating 20152320 memory of type 0x1 (id 1) in heap 0: ../src/utils/upload.c:239
[8387.275][d][vo/gpu-next/libplacebo] Memory types supported by device:
[8387.275][d][vo/gpu-next/libplacebo]     0: flags 0x0 heap 1
[8387.275][d][vo/gpu-next/libplacebo]     1: flags 0x1 heap 0
[8387.275][d][vo/gpu-next/libplacebo]     2: flags 0x6 heap 1
[8387.275][d][vo/gpu-next/libplacebo]     3: flags 0xe heap 1
[8387.275][d][vo/gpu-next/libplacebo]     4: flags 0x7 heap 0
[8387.275][d][vo/gpu-next/libplacebo] Spent 2.148 ms allocating slab
[8387.279][d][vo/gpu-next/libplacebo] (Re)creating 1312x960x0 texture with format rg8: ../src/utils/upload.c:239
[8387.279][d][vo/gpu-next/libplacebo] Allocating 10747904 memory of type 0x1 (id 1) in heap 0: ../src/utils/upload.c:239
[8387.280][d][vo/gpu-next/libplacebo] Memory types supported by device:
[8387.280][d][vo/gpu-next/libplacebo]     0: flags 0x0 heap 1
[8387.280][d][vo/gpu-next/libplacebo]     1: flags 0x1 heap 0
[8387.280][d][vo/gpu-next/libplacebo]     2: flags 0x6 heap 1
[8387.280][d][vo/gpu-next/libplacebo]     3: flags 0xe heap 1
[8387.280][d][vo/gpu-next/libplacebo]     4: flags 0x7 heap 0
[8387.280][d][vo/gpu-next/libplacebo] Spent 1.327 ms allocating slab
[8387.785][d][vo/gpu-next/libplacebo] Allocating 10076160 memory of type 0x7 (id 4) in heap 0: ../src/gpu/utils.c:576
[8387.787][d][vo/gpu-next/libplacebo] Memory types supported by device:
[8387.787][d][vo/gpu-next/libplacebo]     0: flags 0x0 heap 1
[8387.787][d][vo/gpu-next/libplacebo]     1: flags 0x1 heap 0
[8387.787][d][vo/gpu-next/libplacebo]     2: flags 0x6 heap 1
[8387.787][d][vo/gpu-next/libplacebo]     3: flags 0xe heap 1
[8387.787][d][vo/gpu-next/libplacebo]     4: flags 0x7 heap 0
[8387.787][d][vo/gpu-next/libplacebo] Spent 1.594 ms allocating slab
[8388.859][d][vo/gpu-next/libplacebo] Garbage collected slab of size 9840K from pool 1
[8388.859][d][vo/gpu-next/libplacebo] Freeing slab of size 9840K
[8398.061][v][cplayer] Change display sync audio drift: 0
[8398.061][v][cplayer] Compensation factor: 0.999991
[8407.840][d][lavf] stream 1: resize index to 512
[8487.544][d][cplayer] Run command: list, flags=0, args=[]
[8487.544][d][cplayer] Run command: cycle, flags=73, args=[name="pause", value="1.000000"]
[8487.545][v][cplayer] Set property: pause -> 1
[8487.545][d][cplayer] Run command: script-message-to, flags=73, args=[target="uosc", args="flash-pause-indicator"]
[8487.545][d][ao/pipewire] Stream state changed: old_state=streaming state=paused error=(null)
[8487.559][d][vo/gpu-next/libplacebo] Allocating 663552 memory of type 0x7 (id 4) in heap 0: ../src/gpu/utils.c:576
[8487.559][d][vo/gpu-next/libplacebo] Memory types supported by device:
[8487.560][d][vo/gpu-next/libplacebo]     0: flags 0x0 heap 1
[8487.560][d][vo/gpu-next/libplacebo]     1: flags 0x1 heap 0
[8487.560][d][vo/gpu-next/libplacebo]     2: flags 0x6 heap 1
[8487.560][d][vo/gpu-next/libplacebo]     3: flags 0xe heap 1
[8487.560][d][vo/gpu-next/libplacebo]     4: flags 0x7 heap 0
[8487.560][d][vo/gpu-next/libplacebo] Spent 0.567 ms allocating slab
[8487.576][d][vo/gpu-next/libplacebo] Allocating 795648 memory of type 0x7 (id 4) in heap 0: ../src/gpu/utils.c:576
[8487.576][d][vo/gpu-next/libplacebo] Memory types supported by device:
[8487.577][d][vo/gpu-next/libplacebo]     0: flags 0x0 heap 1
[8487.577][d][vo/gpu-next/libplacebo]     1: flags 0x1 heap 0
[8487.577][d][vo/gpu-next/libplacebo]     2: flags 0x6 heap 1
[8487.577][d][vo/gpu-next/libplacebo]     3: flags 0xe heap 1
[8487.577][d][vo/gpu-next/libplacebo]     4: flags 0x7 heap 0
[8487.577][d][vo/gpu-next/libplacebo] Spent 0.617 ms allocating slab
[8487.577][v][vo/gpu-next/wayland] Disabling the idle inhibitor
[8487.591][d][vo/gpu-next/libplacebo] Allocating 860160 memory of type 0x7 (id 4) in heap 0: ../src/gpu/utils.c:576
[8487.592][d][vo/gpu-next/libplacebo] Memory types supported by device:
[8487.592][d][vo/gpu-next/libplacebo]     0: flags 0x0 heap 1
[8487.592][d][vo/gpu-next/libplacebo]     1: flags 0x1 heap 0
[8487.592][d][vo/gpu-next/libplacebo]     2: flags 0x6 heap 1
[8487.592][d][vo/gpu-next/libplacebo]     3: flags 0xe heap 1
[8487.592][d][vo/gpu-next/libplacebo]     4: flags 0x7 heap 0
[8487.592][d][vo/gpu-next/libplacebo] Spent 0.577 ms allocating slab
[8487.608][d][vo/gpu-next/libplacebo] Allocating 927744 memory of type 0x7 (id 4) in heap 0: ../src/gpu/utils.c:576
[8487.609][d][vo/gpu-next/libplacebo] Memory types supported by device:
[8487.609][d][vo/gpu-next/libplacebo]     0: flags 0x0 heap 1
[8487.609][d][vo/gpu-next/libplacebo]     1: flags 0x1 heap 0
[8487.609][d][vo/gpu-next/libplacebo]     2: flags 0x6 heap 1
[8487.609][d][vo/gpu-next/libplacebo]     3: flags 0xe heap 1
[8487.609][d][vo/gpu-next/libplacebo]     4: flags 0x7 heap 0
[8487.609][d][vo/gpu-next/libplacebo] Spent 0.549 ms allocating slab
[8487.642][d][vo/gpu-next/libplacebo] Allocating 992256 memory of type 0x7 (id 4) in heap 0: ../src/gpu/utils.c:576
[8487.642][d][vo/gpu-next/libplacebo] Memory types supported by device:
[8487.642][d][vo/gpu-next/libplacebo]     0: flags 0x0 heap 1
[8487.642][d][vo/gpu-next/libplacebo]     1: flags 0x1 heap 0
[8487.642][d][vo/gpu-next/libplacebo]     2: flags 0x6 heap 1
[8487.642][d][vo/gpu-next/libplacebo]     3: flags 0xe heap 1
[8487.642][d][vo/gpu-next/libplacebo]     4: flags 0x7 heap 0
[8487.642][d][vo/gpu-next/libplacebo] Spent 0.550 ms allocating slab
[8487.691][d][vo/gpu-next/libplacebo] Allocating 1056768 memory of type 0x7 (id 4) in heap 0: ../src/gpu/utils.c:576
[8487.692][d][vo/gpu-next/libplacebo] Memory types supported by device:
[8487.692][d][vo/gpu-next/libplacebo]     0: flags 0x0 heap 1
[8487.692][d][vo/gpu-next/libplacebo]     1: flags 0x1 heap 0
[8487.692][d][vo/gpu-next/libplacebo]     2: flags 0x6 heap 1
[8487.692][d][vo/gpu-next/libplacebo]     3: flags 0xe heap 1
[8487.692][d][vo/gpu-next/libplacebo]     4: flags 0x7 heap 0
[8487.692][d][vo/gpu-next/libplacebo] Spent 0.528 ms allocating slab
[8487.809][d][vo/gpu-next/libplacebo] Garbage collected slab of size 4920K from pool 1
[8487.809][d][vo/gpu-next/libplacebo] Freeing slab of size 4920K
[8487.809][d][vo/gpu-next/libplacebo] Garbage collected slab of size 2460K from pool 1
[8487.809][d][vo/gpu-next/libplacebo] Freeing slab of size 2460K
[8487.825][d][vo/gpu-next/libplacebo] Garbage collected slab of size  648K from pool 1
[8487.825][d][vo/gpu-next/libplacebo] Freeing slab of size  648K
[8487.842][d][vo/gpu-next/libplacebo] Garbage collected slab of size  777K from pool 1
[8487.842][d][vo/gpu-next/libplacebo] Freeing slab of size  777K
[8487.858][d][vo/gpu-next/libplacebo] Garbage collected slab of size  840K from pool 1
[8487.858][d][vo/gpu-next/libplacebo] Freeing slab of size  840K
[8511.560][d][vo/gpu-next/libplacebo] Allocating 402432 memory of type 0x7 (id 4) in heap 0: ../src/gpu/utils.c:576
[8511.561][d][vo/gpu-next/libplacebo] Memory types supported by device:
[8511.561][d][vo/gpu-next/libplacebo]     0: flags 0x0 heap 1
[8511.561][d][vo/gpu-next/libplacebo]     1: flags 0x1 heap 0
[8511.561][d][vo/gpu-next/libplacebo]     2: flags 0x6 heap 1
[8511.561][d][vo/gpu-next/libplacebo]     3: flags 0xe heap 1
[8511.561][d][vo/gpu-next/libplacebo]     4: flags 0x7 heap 0
[8511.561][d][vo/gpu-next/libplacebo] Spent 1.130 ms allocating slab
[8511.562][d][vo/gpu-next/libplacebo] Garbage collected slab of size  906K from pool 1
[8511.562][d][vo/gpu-next/libplacebo] Freeing slab of size  906K
[8512.032][d][vo/gpu-next/libplacebo] Allocating 804864 memory of type 0x7 (id 4) in heap 0: ../src/gpu/utils.c:576
[8512.033][d][vo/gpu-next/libplacebo] Memory types supported by device:
[8512.033][d][vo/gpu-next/libplacebo]     0: flags 0x0 heap 1
[8512.033][d][vo/gpu-next/libplacebo]     1: flags 0x1 heap 0
[8512.033][d][vo/gpu-next/libplacebo]     2: flags 0x6 heap 1
[8512.033][d][vo/gpu-next/libplacebo]     3: flags 0xe heap 1
[8512.033][d][vo/gpu-next/libplacebo]     4: flags 0x7 heap 0
[8512.033][d][vo/gpu-next/libplacebo] Spent 1.141 ms allocating slab
[8512.051][d][vo/gpu-next/libplacebo] Garbage collected slab of size  969K from pool 1
[8512.051][d][vo/gpu-next/libplacebo] Freeing slab of size  969K
[8512.849][d][cplayer] Run command: enable-section, flags=64, args=[name="mbtn_left_dbl", flags=""]
[8512.849][d][cplayer] Run command: enable-section, flags=64, args=[name="mbtn_left", flags=""]
[8512.850][d][vo/gpu-next/libplacebo] Allocating 466944 memory of type 0x7 (id 4) in heap 0: ../src/gpu/utils.c:576
[8512.851][d][vo/gpu-next/libplacebo] Memory types supported by device:
[8512.851][d][vo/gpu-next/libplacebo]     0: flags 0x0 heap 1
[8512.851][d][vo/gpu-next/libplacebo]     1: flags 0x1 heap 0
[8512.851][d][vo/gpu-next/libplacebo]     2: flags 0x6 heap 1
[8512.851][d][vo/gpu-next/libplacebo]     3: flags 0xe heap 1
[8512.851][d][vo/gpu-next/libplacebo]     4: flags 0x7 heap 0
[8512.851][d][vo/gpu-next/libplacebo] Spent 0.877 ms allocating slab
[8512.884][d][vo/gpu-next/libplacebo] Allocating 933888 memory of type 0x7 (id 4) in heap 0: ../src/gpu/utils.c:576
[8512.884][d][vo/gpu-next/libplacebo] Memory types supported by device:
[8512.884][d][vo/gpu-next/libplacebo]     0: flags 0x0 heap 1
[8512.885][d][vo/gpu-next/libplacebo]     1: flags 0x1 heap 0
[8512.885][d][vo/gpu-next/libplacebo]     2: flags 0x6 heap 1
[8512.885][d][vo/gpu-next/libplacebo]     3: flags 0xe heap 1
[8512.885][d][vo/gpu-next/libplacebo]     4: flags 0x7 heap 0
[8512.885][d][vo/gpu-next/libplacebo] Spent 0.944 ms allocating slab
[8512.885][d][vo/gpu-next/libplacebo] Garbage collected slab of size 1032K from pool 1
[8512.885][d][vo/gpu-next/libplacebo] Freeing slab of size 1032K
[8513.372][v][vo/gpu-next/wayland] Given data offer with mime type text/plain
[8513.372][v][vo/gpu-next/wayland] Given data offer with mime type text/plain;charset=utf-8
[8513.372][v][vo/gpu-next/wayland] Given data offer with mime type text/uri-list
[8513.372][d][cplayer] Run command: script-binding, flags=73, args=[name="uosc/__keybinding1", arg=""]
[8513.372][d][cplayer] Run command: quit, flags=73, args=[code="0"]
[8513.372][d][global] config path: 'cache/watch_later' -> '/home/beiming/.config/mpv/cache/watch_later'
[8513.372][d][global] user path: '~~/cache/watch_later' -> '/home/beiming/.config/mpv/cache/watch_later'
[8513.372][d][global] config path: 'cache/watch_later' -> '/home/beiming/.config/mpv/cache/watch_later'
[8513.372][d][global] user path: '~~/cache/watch_later' -> '/home/beiming/.config/mpv/cache/watch_later'
[8513.372][i][cplayer] Saving state.
[8513.374][d][global] config path: 'cache/watch_later' -> '/home/beiming/.config/mpv/cache/watch_later'
[8513.374][d][global] user path: '~~/cache/watch_later' -> '/home/beiming/.config/mpv/cache/watch_later'
[8513.374][d][global] config path: 'cache/watch_later' -> '/home/beiming/.config/mpv/cache/watch_later'
[8513.374][d][global] user path: '~~/cache/watch_later' -> '/home/beiming/.config/mpv/cache/watch_later'
[8513.374][d][global] config path: 'cache/watch_later' -> '/home/beiming/.config/mpv/cache/watch_later'
[8513.374][d][global] user path: '~~/cache/watch_later' -> '/home/beiming/.config/mpv/cache/watch_later'
[8513.374][d][global] config path: 'cache/watch_later' -> '/home/beiming/.config/mpv/cache/watch_later'
[8513.374][d][global] user path: '~~/cache/watch_later' -> '/home/beiming/.config/mpv/cache/watch_later'
[8513.374][v][cplayer] EOF code: 5  
[8513.374][d][ad] Uninit decoder.
[8513.374][d][vd] Uninit decoder.
[8513.375][v][vo/gpu-next/wayland] Read 23 bytes from the data offer fd
[8513.649][d][cplayer] Terminating demuxers...
[8513.649][d][cplayer] Run command: notify-property, flags=73, args=[property="clipboard"]
[8513.649][d][cplayer] Run command: script-binding, flags=73, args=[name="uosc/__keybinding1", arg=""]
[8513.702][d][cplayer] Done terminating demuxers.
[8513.702][v][cplayer] finished playback, success (reason 3)
[8513.702][v][cplayer] Running hook: ytdl_hook/on_after_end_file
[8513.704][d][cplayer] Run command: del, flags=64, args=[name="user-data/mpv/ytdl/json-subprocess-result"]
[8513.704][i][cplayer] Exiting... (Quit)
[8513.704][d][vo/gpu-next/libplacebo] First frame received with non-zero PTS 304.120000
[8513.704][d][cplayer] Run command: del, flags=64, args=[name="user-data/mpv/console"]
[8513.705][d][vo/gpu-next/libplacebo] Freeing slab of size   23M
[8513.705][d][select] Destroying client handle...
[8513.705][d][context_menu] Destroying client handle...
[8513.706][d][commands] Destroying client handle...
[8513.706][d][autoload] Destroying client handle...
[8513.707][d][stats] Destroying client handle...
[8513.707][d][positioning] Destroying client handle...
[8513.707][d][console] Destroying client handle...
[8513.707][d][ytdl_hook] Destroying client handle...
[8513.707][d][thumbfast] Destroying client handle...
[8513.713][d][uosc] Destroying client handle...
[8513.719][d][vo/gpu-next/libplacebo] Allocating 5038080 memory of type 0x7 (id 4) in heap 0: ../src/gpu/utils.c:576
[8513.741][d][vo/gpu-next/libplacebo] Memory types supported by device:
[8513.741][d][vo/gpu-next/libplacebo]     0: flags 0x0 heap 1
[8513.741][d][vo/gpu-next/libplacebo]     1: flags 0x1 heap 0
[8513.741][d][vo/gpu-next/libplacebo]     2: flags 0x6 heap 1
[8513.741][d][vo/gpu-next/libplacebo]     3: flags 0xe heap 1
[8513.741][d][vo/gpu-next/libplacebo]     4: flags 0x7 heap 0
[8513.741][v][vo/gpu-next/libplacebo] Spent 21.812 ms allocating slab
[8513.743][d][vo/gpu-next/libplacebo] Allocating 2519040 memory of type 0x7 (id 4) in heap 0: ../src/gpu/utils.c:576
[8513.746][d][vo/gpu-next/libplacebo] Memory types supported by device:
[8513.746][d][vo/gpu-next/libplacebo]     0: flags 0x0 heap 1
[8513.746][d][vo/gpu-next/libplacebo]     1: flags 0x1 heap 0
[8513.746][d][vo/gpu-next/libplacebo]     2: flags 0x6 heap 1
[8513.746][d][vo/gpu-next/libplacebo]     3: flags 0xe heap 1
[8513.746][d][vo/gpu-next/libplacebo]     4: flags 0x7 heap 0
[8513.746][d][vo/gpu-next/libplacebo] Spent 3.514 ms allocating slab
[8513.921][v][thumbfast] Subprocess failed: killed
[8513.941][d][vo/gpu-next/libplacebo] Freeing slab of size 9840K
[8513.942][d][vo/gpu-next/libplacebo] Freeing slab of size   38M
[8513.942][d][vo/gpu-next/libplacebo] Freeing slab of size   30M
[8513.943][d][vo/gpu-next/libplacebo] Freeing slab of size   23M
[8514.010][d][vo/gpu-next/libplacebo] Waiting for remaining commands...
[8514.011][d][vo/gpu-next/libplacebo] Memory heaps supported by device:
[8514.011][d][vo/gpu-next/libplacebo]     0: flags 0x1 size 8151M
[8514.011][d][vo/gpu-next/libplacebo]     1: flags 0x0 size   11G
[8514.011][d][vo/gpu-next/libplacebo] Memory types supported by device:
[8514.011][d][vo/gpu-next/libplacebo]     0: flags 0x0 heap 1
[8514.011][d][vo/gpu-next/libplacebo]     1: flags 0x1 heap 0
[8514.011][d][vo/gpu-next/libplacebo]     2: flags 0x6 heap 1
[8514.011][d][vo/gpu-next/libplacebo]     3: flags 0xe heap 1
[8514.011][d][vo/gpu-next/libplacebo]     4: flags 0x7 heap 0
[8514.011][d][vo/gpu-next/libplacebo] Memory pool 0:
[8514.011][d][vo/gpu-next/libplacebo]     Compatible types: 0x3
[8514.011][d][vo/gpu-next/libplacebo]     Optimal flags: 0x1
[8514.011][d][vo/gpu-next/libplacebo]     Slab  0:     ffff x   16K:     0 used     0 res  256K alloc from heap 0, efficiency 100.00%  [src/shaders/sampling.c:1032]
[8514.011][d][vo/gpu-next/libplacebo]     Slab  1:        1 x 3072K:     0 used     0 res 3072K alloc from heap 0, efficiency 100.00%  [src/shaders/colorspace.c:1929]
[8514.011][d][vo/gpu-next/libplacebo]     Slab  2:        1 x  336K:     0 used     0 res  336K alloc from heap 0, efficiency 100.00%  [../src/utils/upload.c:239]
[8514.011][d][vo/gpu-next/libplacebo]     Slab  3:        1 x  512K:     0 used     0 res  512K alloc from heap 0, efficiency 100.00%  [../src/utils/upload.c:239]
[8514.011][d][vo/gpu-next/libplacebo]     Slab  4:        3 x 6144K:     0 used     0 res   12M alloc from heap 0, efficiency 100.00%  [../src/utils/upload.c:239]
[8514.011][d][vo/gpu-next/libplacebo]     Slab  5:        1 x 4920K:     0 used     0 res 4920K alloc from heap 0, efficiency 100.00%  [../src/utils/upload.c:239]
[8514.011][d][vo/gpu-next/libplacebo]     Slab  6:        1 x 2624K:     0 used     0 res 2624K alloc from heap 0, efficiency 100.00%  [../src/utils/upload.c:239]
[8514.011][d][vo/gpu-next/libplacebo]     Slab  7:        3 x 4920K:     0 used     0 res 9840K alloc from heap 0, efficiency 100.00%  [../src/utils/upload.c:239]
[8514.011][d][vo/gpu-next/libplacebo]     Slab  8:        3 x 2624K:     0 used     0 res 5248K alloc from heap 0, efficiency 100.00%  [../src/utils/upload.c:239]
[8514.011][d][vo/gpu-next/libplacebo]     Slab  9:        f x 4920K:     0 used     0 res   19M alloc from heap 0, efficiency 100.00%  [../src/utils/upload.c:239]
[8514.011][d][vo/gpu-next/libplacebo]     Slab 10:        f x 2624K:     0 used     0 res   10M alloc from heap 0, efficiency 100.00%  [../src/utils/upload.c:239]
[8514.011][d][vo/gpu-next/libplacebo]     Pool summary:     0 used     0 res   67M alloc, efficiency 100.00%, utilization 0.00%
[8514.011][d][vo/gpu-next/libplacebo] Memory pool 1:
[8514.011][d][vo/gpu-next/libplacebo]     Compatible types: 0xffffffff
[8514.011][d][vo/gpu-next/libplacebo]     Optimal flags: 0x3
[8514.011][d][vo/gpu-next/libplacebo]     Buffer flags: 0x3
[8514.011][d][vo/gpu-next/libplacebo]     Slab  0:        1 x  393K:     0 used     0 res  393K alloc from heap 0, efficiency 100.00%  [../src/gpu/utils.c:576]
[8514.011][d][vo/gpu-next/libplacebo]     Slab  1:        3 x  393K:     0 used     0 res  786K alloc from heap 0, efficiency 100.00%  [../src/gpu/utils.c:576]
[8514.011][d][vo/gpu-next/libplacebo]     Slab  2:        1 x  456K:     0 used     0 res  456K alloc from heap 0, efficiency 100.00%  [../src/gpu/utils.c:576]
[8514.011][d][vo/gpu-next/libplacebo]     Slab  3:        3 x  456K:     0 used     0 res  912K alloc from heap 0, efficiency 100.00%  [../src/gpu/utils.c:576]
[8514.011][d][vo/gpu-next/libplacebo]     Slab  4:        1 x 4920K:     0 used     0 res 4920K alloc from heap 0, efficiency 100.00%  [../src/gpu/utils.c:576]
[8514.011][d][vo/gpu-next/libplacebo]     Slab  5:        1 x 2460K:     0 used     0 res 2460K alloc from heap 0, efficiency 100.00%  [../src/gpu/utils.c:576]
[8514.011][d][vo/gpu-next/libplacebo]     Pool summary:     0 used     0 res 9927K alloc, efficiency 100.00%, utilization 0.00%
[8514.011][d][vo/gpu-next/libplacebo] Memory pool 2:
[8514.011][d][vo/gpu-next/libplacebo]     Compatible types: 0xffffffff
[8514.011][d][vo/gpu-next/libplacebo]     Required flags: 0x1
[8514.011][d][vo/gpu-next/libplacebo]     Optimal flags: 0x2
[8514.011][d][vo/gpu-next/libplacebo]     Buffer flags: 0xc3
[8514.011][d][vo/gpu-next/libplacebo]     Slab  0: 3ffffffffff x  6144:     0 used     0 res  252K alloc from heap 0, efficiency 100.00%  [../src/gpu/utils.c:1191]
[8514.011][d][vo/gpu-next/libplacebo]     Pool summary:     0 used     0 res  252K alloc, efficiency 100.00%, utilization 0.00%
[8514.011][d][vo/gpu-next/libplacebo] Memory summary:     0 used     0 res   77M alloc, efficiency 100.00%, utilization 0.00%, max page:  509M
[8514.011][d][vo/gpu-next/libplacebo] Freeing slab of size  256K
[8514.012][d][vo/gpu-next/libplacebo] Freeing slab of size 3072K
[8514.012][d][vo/gpu-next/libplacebo] Freeing slab of size  336K
[8514.013][d][vo/gpu-next/libplacebo] Freeing slab of size  512K
[8514.013][d][vo/gpu-next/libplacebo] Freeing slab of size   12M
[8514.013][d][vo/gpu-next/libplacebo] Freeing slab of size 4920K
[8514.014][d][vo/gpu-next/libplacebo] Freeing slab of size 2624K
[8514.015][d][vo/gpu-next/libplacebo] Freeing slab of size 9840K
[8514.015][d][vo/gpu-next/libplacebo] Freeing slab of size 5248K
[8514.016][d][vo/gpu-next/libplacebo] Freeing slab of size   19M
[8514.016][d][vo/gpu-next/libplacebo] Freeing slab of size   10M
[8514.019][d][vo/gpu-next/libplacebo] Freeing slab of size  393K
[8514.020][d][vo/gpu-next/libplacebo] Freeing slab of size  786K
[8514.020][d][vo/gpu-next/libplacebo] Freeing slab of size  456K
[8514.021][d][vo/gpu-next/libplacebo] Freeing slab of size  912K
[8514.021][d][vo/gpu-next/libplacebo] Freeing slab of size 4920K
[8514.022][d][vo/gpu-next/libplacebo] Freeing slab of size 2460K
[8514.022][d][vo/gpu-next/libplacebo] Freeing slab of size  252K
[8514.632][v][vo/gpu-next/wayland] Deregistering output Chimei Innolux Corporation eDP-1-0x154C (eDP-1) (0x42)
[8514.632][v][vo/gpu-next/wayland] Deregistering seat 0xb
[8514.634][v][clipboard/wayland] Deregistering seat 0xb
